{"type":"FeatureCollection","features":[{"type":"Feature","properties":{"name":"San Marino","historical_entity":"San Marino","ohm_relation_id":2692735,"start_date":"1463-06-27","end_date":"1699","admin_level":"2","boundary":"administrative","source":null,"_historical_overlay":true},"geometry":{"type":"MultiPolygon","coordinates":[[[[12.4777098,43.8969159],[12.40336,43.9540023],[12.4840586,43.9811072],[12.4777098,43.8969159]]]]}},{"type":"Feature","properties":{"name":"Isle of Man","historical_entity":"Isle of Man","ohm_relation_id":2693293,"start_date":"1333-08-09","end_date":"1987-05-15","admin_level":"2","boundary":"administrative","source":null,"_historical_overlay":true},"geometry":{"type":"MultiPolygon","coordinates":[[[[-4.2431682,54.2626623],[-4.6019206,54.0085045],[-4.901456,54.019008],[-4.8260816,54.1724836],[-4.6029581,54.3991909],[-4.4095018,54.4621479],[-4.287857,54.4399466],[-4.2431682,54.2626623]]]]}},{"type":"Feature","properties":{"name":"Poland-Lithuania","historical_entity":"Poland-Lithuania","ohm_relation_id":2693974,"start_date":"1637-03-10","end_date":"1657-11-06","admin_level":"2","boundary":"administrative","source":null,"_historical_overlay":true},"geometry":{"type":"MultiPolygon","coordinates":[[[[20.3430748,49.0957894],[20.3504991,49.0369677],[20.2491331,49.013048],[20.2646255,49.0573889],[20.2199077,49.1064385],[20.3430748,49.0957894]]],[[[20.7494402,48.9759074],[20.6940794,49.0053912],[20.7410717,49.0353922],[20.7953596,49.0015061],[20.7494402,48.9759074]]],[[[20.7654476,48.9444331],[20.8462143,48.9524374],[20.8361721,48.902051],[20.7308149,48.8970011],[20.7654476,48.9444331]]],[[[20.9656906,55.8972132],[20.9822168,56.0495407],[20.8851163,56.3424439],[20.9656038,56.8379878],[21.2974651,57.0296801],[21.3446195,57.3192113],[21.6686822,57.6186437],[22.6071521,57.8073997],[22.6915801,57.7697208],[22.665356,57.6667795],[22.7244593,57.6011765],[23.2088399,57.3850821],[23.3300245,57.1231269],[23.548507,56.8891283],[23.9124291,56.7783135],[24.4471695,56.8423675],[24.9674603,56.6144984],[25.2475763,56.5803298],[25.4178999,56.6360291],[25.5638119,56.5717784],[25.7560727,56.6135538],[25.7615658,56.5339327],[25.8273336,56.5210704],[26.2683092,56.5556991],[26.5374742,56.7685314],[26.9577013,56.7308828],[26.9947801,57.0070946],[27.2117601,57.2225832],[27.2070614,57.3182732],[27.3532091,57.3146581],[27.7542101,57.1593343],[27.7500902,56.9621992],[27.6593808,56.8343402],[27.848567,56.8794211],[27.9690721,56.8356388],[27.898509,56.7522768],[28.0431072,56.5904029],[28.1435272,56.571831],[28.0947478,56.5111392],[28.1926229,56.4487827],[28.1632085,56.3794625],[28.2414937,56.2786583],[28.1489067,56.142414],[28.2898283,56.0466059],[28.5378235,56.0977139],[28.7319202,55.9467929],[29.030765,56.0241784],[29.3774105,55.9540276],[29.4444349,55.9069245],[29.3507455,55.7660546],[29.4808667,55.6810985],[29.9078174,55.8432075],[30.2002544,55.857987],[30.4688168,55.7935206],[30.7421851,55.5943855],[30.8861556,55.6004833],[30.9182984,55.3877831],[30.7942749,55.2855154],[30.9597946,55.1625772],[31.0056316,55.0229992],[30.9132341,55.0246011],[30.9173682,54.9539595],[30.8148422,54.9280179],[30.7706071,54.786011],[31.1679472,54.6215766],[31.064646,54.4922822],[31.20903,54.4480472],[31.3246818,54.2292492],[31.8226359,54.0534459],[31.8379322,53.9621337],[31.7446562,53.7948571],[32.1060295,53.8069494],[32.4615634,53.7068004],[32.4114889,53.5823636],[32.7012386,53.4621125],[32.717465,53.3349368],[32.4548454,53.3004428],[32.4236329,53.2044022],[32.117295,53.0811022],[31.796281,53.1123923],[31.7562834,53.1865738],[31.6140182,53.2097507],[31.3785287,53.1820263],[31.3636976,53.0887761],[31.2470638,53.0143879],[31.3906833,52.8877792],[31.7889377,52.1874064],[31.7817173,52.1120049],[31.4040753,52.1425491],[31.25164,52.0436227],[31.1400601,52.1031314],[30.9491728,52.0895272],[30.9103773,51.9863603],[30.705242,51.8680121],[30.5061148,51.599787],[30.584564,51.5460149],[30.6566616,51.3443389],[30.5392136,51.2629556],[30.4540988,50.7607865],[29.8608289,50.3664958],[29.9614331,50.1038455],[31.2525397,49.9391155],[31.4370415,49.9924101],[31.4509828,49.7695846],[31.6297341,49.6416782],[31.7775179,49.6300656],[32.4985886,49.2728449],[33.0348587,49.2009995],[33.2250719,49.0609115],[32.9143517,49.0968014],[31.9262682,48.9008388],[31.8095384,48.9441521],[31.5980516,48.8936163],[31.3824449,48.7326447],[30.8399853,48.748047],[30.7466112,48.5447972],[30.8979962,48.3453757],[30.8134248,48.1757817],[30.8489913,48.0495762],[30.7936638,47.9338923],[29.7427354,47.9218651],[29.443358,47.8380498],[29.0285218,47.5677997],[28.9668954,47.7204628],[29.0054527,47.8673322],[28.8262093,47.9013072],[28.6949296,48.0248182],[28.5371465,47.999584],[28.6324276,48.0863231],[28.5133442,48.1208894],[28.4635142,48.0741633],[28.4103553,48.177172],[28.3095012,48.1375596],[28.3529692,48.2464422],[28.0902615,48.2340647],[28.0705484,48.3192639],[27.7829646,48.4478207],[27.511053,48.4746853],[27.3719214,48.6305262],[27.2610281,48.6239455],[27.2479819,48.5675205],[26.9776152,48.5910291],[26.8840597,48.5432054],[26.8052666,48.6102144],[26.7977135,48.550706],[26.6233059,48.557296],[26.717033,48.4988629],[26.6147229,48.5065972],[26.6157528,48.4508381],[26.4797972,48.5467284],[26.1697766,48.5288837],[26.1199948,48.6195202],[26.093645,48.5384887],[26.0465884,48.6490014],[25.9086799,48.5868846],[25.7828307,48.6754194],[25.6323588,48.6667826],[25.5852484,48.6341849],[25.6195188,48.3838594],[25.36785,48.3881283],[25.1064098,48.2251444],[25.1371264,48.1813824],[24.9109411,48.0258255],[24.998467,47.8560999],[24.8863506,47.7293077],[24.5629238,47.9685897],[24.6270954,48.0474604],[24.5038031,48.1531748],[24.545315,48.2161023],[24.4881267,48.2796989],[24.3055772,48.3964993],[24.1775906,48.3659712],[24.1236377,48.5340557],[23.92524,48.4651818],[23.9289024,48.5520637],[23.8046264,48.5802982],[23.7793922,48.6438552],[23.3610533,48.7707292],[23.2008764,48.7604204],[23.0980952,48.8629554],[23.0001353,48.8304867],[22.8776549,48.9325371],[22.8978252,49.0051097],[22.061966,49.211586],[21.962781,49.347909],[21.840234,49.391517],[21.777995,49.356048],[21.630942,49.447303],[21.23739,49.435298],[21.048727,49.419392],[21.09411,49.365054],[20.930476,49.296622],[20.76354,49.370891],[20.7430458,49.1909037],[20.4855537,49.0541828],[20.3941869,49.1103716],[20.6615495,49.233937],[20.6574726,49.2790886],[20.5092859,49.2464614],[20.4860258,49.3113305],[20.554591,49.381033],[20.1163101,49.4597007],[20.1525092,49.3193877],[20.06276,49.184564],[19.932218,49.23649],[19.78383,49.199362],[19.7986507,49.4860816],[19.8531746,49.5276319],[19.619345,49.6235412],[19.26069,49.531223],[19.19161,49.411086],[18.979854,49.395222],[18.946582,49.517368],[19.0170334,49.6281774],[18.9541625,49.6791812],[19.0842176,49.7724513],[19.015274,49.9465254],[19.2289496,50.0671944],[19.1443634,50.1592503],[19.2416202,50.1614291],[19.1378724,50.18765],[19.1921604,50.1960196],[18.9581106,50.377328],[19.0015405,50.4815418],[19.0956109,50.513427],[19.1226697,50.6729514],[18.6294221,50.8307975],[18.6259031,50.9709542],[18.4290504,51.0236085],[18.4004687,51.1256673],[17.9438495,51.149498],[17.8943252,51.2086042],[17.9538917,51.2984229],[17.7527045,51.3951894],[17.8087486,51.4668666],[17.5773525,51.5076473],[17.4711798,51.6262229],[17.239995,51.6419652],[17.2066497,51.5670938],[16.9664955,51.5497777],[16.8198538,51.5772296],[16.7632055,51.6845034],[16.6810441,51.7006643],[16.709733,51.7600577],[16.4010322,51.7900968],[16.3468838,51.7088689],[16.2276113,51.6987891],[16.1401176,51.7597655],[16.1906934,51.891312],[15.9452819,51.9359575],[16.00605,51.9930728],[15.7412624,52.0994538],[15.7168006,52.2871676],[15.4554462,52.3604012],[15.3952359,52.4549111],[15.2244115,52.4393478],[15.2986335,52.4620238],[15.2788067,52.5315741],[15.357449,52.535738],[15.3980684,52.6582422],[15.9449386,52.7293273],[15.9899139,52.8653474],[15.9521483,53.0337814],[16.1432504,53.2872306],[15.9696577,53.2994663],[15.9154127,53.3601823],[16.370487,53.4264124],[16.2327289,53.5321968],[16.0576343,53.5430106],[16.104927,53.6282005],[16.0323674,53.6772887],[16.245346,53.7506902],[16.2827681,53.6528796],[16.6991328,53.4138294],[16.8860143,53.4433715],[16.9495653,53.5567314],[16.7889975,53.8100785],[16.8179225,53.8927064],[16.7304609,53.9145513],[16.9848203,53.9049197],[17.0152473,53.9690376],[17.2701643,54.0453805],[17.2818371,54.2395507],[17.7407312,54.3212542],[17.726097,54.4153841],[17.6003551,54.4424954],[17.6698779,54.5073797],[17.5467967,54.5491186],[17.6166629,54.6369392],[17.4158191,54.7124247],[17.5381278,54.7544986],[17.4801492,54.8106219],[18.3457403,54.8847051],[18.8934134,54.6541096],[18.90098,54.5778044],[18.806358,54.5429863],[18.5952949,54.6633903],[18.6492415,54.4665403],[18.7694363,54.4206334],[19.1327741,54.3999479],[19.5188242,54.4653826],[19.856136,54.7311515],[19.8497625,54.9139585],[19.9140712,54.9989119],[20.4727931,55.0183168],[20.890631,55.3180094],[21.0203603,55.5880645],[20.9656906,55.8972132]]],[[[20.4669284,49.1715194],[20.1906395,49.2318913],[20.282607,49.2666284],[20.4641819,49.2209889],[20.4669284,49.1715194]]],[[[20.5024623,48.8431696],[20.3771495,48.8628233],[20.5342197,48.9567772],[20.6052446,48.9334674],[20.5024623,48.8431696]]]]}},{"type":"Feature","properties":{"name":"Joseon","historical_entity":"Joseon","ohm_relation_id":2694486,"start_date":"1449","end_date":"1897-10-12","admin_level":"2","boundary":"administrative","source":null,"_historical_overlay":true},"geometry":{"type":"MultiPolygon","coordinates":[[[[128.1552142,39.0198496],[128.1000055,38.9510684],[128.0199091,38.995557],[128.0747494,39.057392],[128.1552142,39.0198496]]],[[[128.6655192,34.5241272],[128.7110912,34.5929606],[128.7998028,34.5530827],[128.751811,34.4816503],[128.6655192,34.5241272]]],[[[127.3742289,34.1157391],[127.4488969,34.0919929],[127.530619,34.1696547],[127.6796506,34.0296161],[127.6085962,33.9732716],[127.5220119,34.030259],[127.4573112,34.0807342],[127.3589629,33.9594716],[127.2491277,33.9766973],[127.2187491,34.0881425],[127.3742289,34.1157391]]],[[[126.9710018,33.9273409],[126.8566359,33.9396142],[126.8773139,34.0353175],[126.9898218,34.0168031],[126.9710018,33.9273409]]],[[[126.5911544,33.9600086],[126.688671,33.9583828],[126.6855811,33.8810335],[126.5921973,33.8810335],[126.5911544,33.9600086]]],[[[126.4452551,33.883385],[126.2710463,33.8579153],[126.1959262,34.0212518],[126.429808,34.0391225],[126.4452551,33.883385]]],[[[126.343503,33.63288],[126.2356364,33.6610876],[126.3127324,33.7671614],[126.4207572,33.7382776],[126.343503,33.63288]]],[[[126.4332133,33.5579819],[126.7823035,33.6216131],[127.0358157,33.5332754],[126.8940552,33.2818896],[126.6341675,33.170564],[126.3639443,33.1745415],[126.3227658,33.0752851],[126.2503327,33.0587031],[126.0816376,33.2946501],[126.2140367,33.4778509],[126.4332133,33.5579819]]],[[[125.7435644,34.554565],[125.7235451,34.4736107],[125.6270257,34.4916591],[125.6471886,34.5711897],[125.7435644,34.554565]]],[[[125.5427369,34.1696263],[125.4221647,34.1614696],[125.4142994,34.2494223],[125.5239583,34.2558861],[125.5427369,34.1696263]]],[[[125.2460587,34.4997936],[125.3588711,34.4991265],[125.35985,34.3479772],[125.2392424,34.3516135],[125.2460587,34.4997936]]],[[[125.1590317,34.133217],[125.1922044,34.0118271],[125.0470075,34.0316146],[125.0246281,34.1568563],[125.1590317,34.133217]]],[[[125.3692727,34.7834369],[125.4529883,34.8222188],[125.536369,34.762413],[125.5039901,34.5963558],[125.3201113,34.6077126],[125.2937919,34.6842226],[125.3692727,34.7834369]]],[[[125.2475835,34.639993],[125.1221427,34.6382663],[125.1389545,34.7615091],[125.2605051,34.7531707],[125.2475835,34.639993]]],[[[126.2133506,35.8258916],[126.0292767,35.8438287],[126.0202313,35.9276388],[126.2057974,35.9088825],[126.2133506,35.8258916]]],[[[126.1929774,36.0501112],[126.3007828,36.020246],[126.2641074,35.9310091],[126.1610805,35.9608512],[126.1929774,36.0501112]]],[[[125.8222016,37.0215954],[125.8897217,36.9457],[125.7433433,36.8872472],[125.6884333,37.0032101],[125.8222016,37.0215954]]],[[[126.0812706,37.4627416],[125.9887341,37.4788532],[126.0091728,37.5527526],[126.1021996,37.5360452],[126.0812706,37.4627416]]],[[[131.80078,37.2665798],[131.8972963,37.2941536],[131.9312106,37.2113207],[131.8286246,37.192559],[131.80078,37.2665798]]],[[[130.9397164,37.4327691],[130.7571257,37.4410232],[130.7257171,37.5379257],[130.8056901,37.580813],[130.9957117,37.56716],[130.9397164,37.4327691]]],[[[130.7390809,42.2606511],[130.5354203,42.1795031],[130.4611458,42.2374107],[130.102281,41.9945382],[129.754142,41.6313529],[129.7196174,41.4912654],[129.8690692,41.3876295],[129.7850152,41.1720055],[129.8270488,40.9297065],[129.7622776,40.8039837],[129.5974565,40.7813382],[129.5602655,40.7005527],[129.6043629,40.6084746],[129.5067792,40.6009804],[129.4739752,40.6549372],[129.5236587,40.6993814],[129.4004227,40.7102233],[129.1388035,40.4519603],[128.7192693,40.2728051],[128.6935139,40.1500626],[128.2177723,39.9386931],[128.0421754,39.990226],[127.9251576,39.8507707],[127.5570803,39.6948032],[127.6429256,39.6018245],[127.5800579,39.5041302],[127.6947673,39.2852586],[127.6693877,39.1719554],[127.7881719,39.1743386],[128.0323734,38.9185805],[128.410148,38.7227437],[128.6760507,38.1652734],[129.1007458,37.7139024],[129.4121451,37.263008],[129.5442858,36.7724443],[129.449772,36.2090026],[129.650838,36.0339698],[129.5100244,35.4775114],[129.4162275,35.3288789],[129.0157225,34.8904898],[128.9203225,34.8988584],[128.9129459,34.9978549],[128.7931277,34.9394647],[128.7714313,34.7407554],[128.8375735,34.7056706],[128.8239766,34.6295411],[128.7092957,34.6777063],[128.5581899,34.5169939],[128.419429,34.4851504],[128.2733054,34.5657416],[128.0832398,34.4472752],[128.0184013,34.5135291],[128.1098855,34.5675615],[127.9612652,34.5837907],[127.8740767,34.6717194],[127.860992,34.5578744],[127.960539,34.3839908],[127.7750695,34.358761],[127.5637642,34.5210756],[127.6017973,34.2474102],[127.3823094,34.1194488],[126.9886821,34.1623056],[126.9394231,34.1035306],[126.5778458,34.0447934],[126.2490519,34.2814992],[126.2075138,34.1769269],[126.0043656,34.1712958],[125.9569849,34.0881402],[125.7396881,34.1882197],[125.9520605,34.5097931],[125.7331693,34.6102559],[125.8101946,34.7374249],[125.7281429,34.8152152],[125.8452534,34.8183656],[125.9100775,34.904714],[125.9144342,34.998262],[125.7926029,35.0173272],[125.847579,35.0850037],[125.8340545,35.230355],[125.9237579,35.2659671],[125.9699693,35.1608109],[126.0538604,35.1904155],[125.9195936,35.3355066],[126.0190843,35.4246294],[126.322677,35.3652794],[126.3977821,35.5028882],[126.2099758,35.5255531],[126.0363992,35.6747696],[126.1345582,35.7229856],[126.204093,35.6496152],[126.320266,35.7700092],[126.259162,35.8870387],[126.4741292,35.900301],[126.4692596,35.9967265],[126.3617933,36.0790059],[126.4403814,36.2299606],[126.1759428,36.2314352],[126.0289305,36.0670213],[125.9102831,36.0959299],[125.9045643,36.278748],[126.1268261,36.2784561],[126.2039085,36.3522819],[126.0950159,36.494857],[126.1127411,36.5868478],[125.9747997,36.5987482],[125.9262772,36.6699525],[125.8720326,36.6033723],[125.5524339,36.5571598],[125.4778129,36.6245233],[125.8776252,36.7150661],[125.9248552,36.7768592],[126.0296987,36.7293826],[126.1012335,36.9616253],[126.2087667,36.9654592],[126.333863,37.0676335],[126.1724995,37.1429864],[126.0605718,36.9863798],[125.9619821,36.9724051],[125.8755152,37.0550234],[125.899461,37.2095529],[126.0218544,37.2508286],[126.0649309,37.342611],[126.2099549,37.270312],[126.2499819,37.3829966],[126.3922984,37.3157651],[126.1439338,37.6199418],[125.9118848,37.5603046],[125.9255677,37.7159078],[125.8353136,37.6622885],[125.7334824,37.7514608],[125.7874271,37.6040327],[125.7220353,37.5503678],[125.5306954,37.7003094],[125.3616632,37.6283068],[125.0530382,37.6348198],[125.0564293,37.7589966],[124.8819391,37.7993238],[124.9491936,37.8621665],[124.8869344,37.9295472],[124.9610946,38.0242317],[124.7739987,38.0140726],[124.8101902,37.7265169],[124.6995843,37.7115471],[124.60497,37.797241],[124.6310107,37.8707182],[124.5574123,38.0040109],[124.7704088,38.016712],[124.5860763,38.1482104],[124.7906069,38.2520312],[124.7893233,38.3630783],[124.8674782,38.4488414],[124.7294821,38.47807],[124.6998352,38.572434],[124.7905239,38.6247246],[124.8917625,38.5930759],[124.9226612,38.7137867],[125.0282585,38.722792],[125.1550812,39.0723511],[125.3561162,39.3281587],[125.2679805,39.4626163],[125.065109,39.3658301],[125.0038443,39.5423574],[124.8573139,39.3778829],[124.7605083,39.3848167],[124.7926115,39.2516574],[124.6848049,39.2213002],[124.6815384,39.3260606],[124.5284454,39.4184118],[124.4756082,39.6354146],[124.3437378,39.6733572],[124.3930168,39.7427957],[124.3430465,39.7951875],[124.1586886,39.7551777],[124.2273897,39.9191445],[124.3541086,39.9706824],[124.3472816,40.0770972],[124.5552946,40.2453614],[124.9005774,40.4818861],[125.0302429,40.4583321],[125.0082626,40.5247803],[125.2772245,40.654231],[125.4082409,40.6253622],[125.5672624,40.7807481],[125.6835127,40.765282],[125.6295264,40.802789],[125.7112176,40.8688216],[126.018275,40.9013094],[125.9751097,40.9159578],[126.1035418,41.0045811],[126.1166719,41.087675],[126.280241,41.1588508],[126.4331419,41.3521163],[126.5320104,41.355441],[126.5632433,41.6108798],[126.7249777,41.70476],[126.6938751,41.7490102],[126.7905667,41.6912217],[126.9409795,41.8070988],[127.077003,41.7004582],[127.0319325,41.6696735],[127.1784339,41.5923203],[127.0976205,41.5431257],[127.256925,41.4766474],[127.541453,41.4745398],[127.6496314,41.4036216],[127.8638456,41.4010968],[127.9318656,41.4566927],[128.1519964,41.3830333],[128.3122417,41.5866784],[128.1035701,41.7956757],[128.0991931,41.9904665],[128.7450113,42.0513316],[128.9153767,42.0099917],[128.962892,42.0946619],[129.221642,42.2048784],[129.1762751,42.2593102],[129.2371559,42.3079429],[129.1929698,42.3148501],[129.3470511,42.4526677],[129.5471907,42.3604888],[129.6091551,42.4617088],[129.7040105,42.4259393],[129.7472803,42.6472652],[129.8038527,42.678746],[129.7602832,42.7258106],[129.9004137,43.0050334],[130.1240226,42.9853606],[130.1071347,42.9123445],[130.2619645,42.903417],[130.2527953,42.7062975],[130.4423641,42.5484997],[130.5169765,42.6138797],[130.5637215,42.4435577],[130.7390809,42.2606511]]]]}},{"type":"Feature","properties":{"name":"Qing","historical_entity":"Qing","ohm_relation_id":2694501,"start_date":"1644-06-05","end_date":"1689","admin_level":"2","boundary":"administrative","source":null,"_historical_overlay":true},"geometry":{"type":"MultiPolygon","coordinates":[[[[139.3241658,54.5550617],[139.1519431,54.5456666],[139.1217651,54.6017224],[139.1826571,54.6409298],[139.3376472,54.6512966],[139.3241658,54.5550617]]],[[[138.3005609,54.6723727],[138.1261977,54.6696557],[138.0876634,54.7154598],[138.1301001,54.759633],[138.3007287,54.7592927],[138.3005609,54.6723727]]],[[[136.9738468,54.8614373],[136.7302457,54.8345667],[136.4103193,54.9491888],[136.7978374,55.0714857],[137.0138378,55.1587799],[137.2671138,55.1377042],[137.1497603,54.9000384],[136.9738468,54.8614373]]],[[[141.341367,46.2544544],[141.2182797,46.1711154],[141.1350713,46.2606504],[141.2403001,46.3460049],[141.341367,46.2544544]]],[[[116.6922224,20.760223],[116.7818822,20.7393028],[116.7623797,20.650977],[116.6602624,20.6783676],[116.6922224,20.760223]]],[[[123.0827515,39.2359766],[122.950697,39.2072096],[122.932917,39.3023196],[123.0710458,39.3185721],[123.0827515,39.2359766]]],[[[123.2681238,39.0738184],[123.2708391,39.0075185],[123.1647384,38.9760124],[123.0691084,39.0475426],[123.1595096,39.1485445],[123.2681238,39.0738184]]],[[[122.811235,38.9378716],[122.7664741,38.880979],[122.6838756,38.9082869],[122.6308778,39.0512293],[122.7128088,39.1068512],[122.9346936,39.0855675],[122.811235,38.9378716]]],[[[122.2136306,38.6381262],[122.1187018,38.634774],[122.1144103,38.7088885],[122.2093391,38.7122372],[122.2136306,38.6381262]]],[[[121.6889906,38.5364173],[121.5940618,38.5330603],[121.5897703,38.6072799],[121.684699,38.6106334],[121.6889906,38.5364173]]],[[[120.9185487,38.0880774],[121.0074443,38.0042364],[120.8407607,37.9721122],[120.7952507,38.0965184],[120.9185487,38.0880774]]],[[[121.2648198,39.0627561],[121.1120436,39.0442734],[121.1184351,39.147436],[121.2711166,39.1493251],[121.2648198,39.0627561]]],[[[121.4536089,36.2822011],[121.4070015,36.2092817],[121.3214328,36.2542141],[121.3700525,36.3200256],[121.4536089,36.2822011]]],[[[121.005294,36.1704526],[120.929763,36.1341373],[120.8847877,36.1951153],[120.9603187,36.2314024],[121.005294,36.1704526]]],[[[120.9316561,35.8574969],[120.8262627,35.8488486],[120.8253372,35.9284707],[120.9243606,35.9391966],[120.9316561,35.8574969]]],[[[119.9038087,35.1943806],[119.986685,35.1487731],[119.9256605,35.0852056],[119.8411285,35.1311615],[119.9038087,35.1943806]]],[[[119.9171991,35.059153],[119.9437519,34.9695313],[119.7840136,34.9394563],[119.7707173,35.0342135],[119.9171991,35.059153]]],[[[122.305126,31.1052734],[122.2101973,31.1015988],[122.2059057,31.182847],[122.3008345,31.1865184],[122.305126,31.1052734]]],[[[122.2221874,30.7804098],[122.1386562,30.7702442],[122.1267437,30.842479],[122.210924,30.8522151],[122.2221874,30.7804098]]],[[[121.7904692,30.5720403],[121.7067732,30.5030523],[121.5071736,30.5662663],[121.6029199,30.6678081],[121.7592399,30.6334072],[121.7904692,30.5720403]]],[[[121.2743108,30.4631825],[121.2538916,30.5454049],[121.3639162,30.5495127],[121.3806174,30.4679929],[121.2743108,30.4631825]]],[[[122.9514159,30.4919271],[122.9998686,30.4273469],[122.9137734,30.3743372],[122.8673694,30.4441628],[122.9514159,30.4919271]]],[[[122.2905087,28.8322683],[122.1750015,28.8300372],[122.2090921,28.9273966],[122.322518,28.9191785],[122.2905087,28.8322683]]],[[[121.1390041,27.3893733],[120.9167705,27.4087402],[120.8963273,27.4694715],[120.9559178,27.5097306],[121.1679094,27.5156653],[121.1390041,27.3893733]]],[[[120.830791,26.9920253],[120.751991,27.0892736],[120.8253541,27.1455567],[120.9138949,27.0677522],[120.830791,26.9920253]]],[[[120.7540666,27.0352309],[120.7400882,26.9047031],[120.6367257,26.9045756],[120.6467997,27.0429756],[120.7540666,27.0352309]]],[[[120.4192099,26.6180948],[120.2821946,26.6077449],[120.2820408,26.7297792],[120.4026477,26.7454412],[120.4192099,26.6180948]]],[[[120.526342,26.3149711],[120.4326205,26.325531],[120.4476763,26.4288382],[120.5603364,26.3953533],[120.526342,26.3149711]]],[[[120.3859739,26.1073911],[120.3483451,26.1750874],[120.4228007,26.2068368],[120.4599413,26.1377666],[120.3859739,26.1073911]]],[[[120.2759158,26.3168891],[120.1867277,26.290008],[120.1709544,26.3673195],[120.2552108,26.3951308],[120.2759158,26.3168891]]],[[[119.4938724,25.0347337],[119.5265707,24.9525443],[119.429412,24.9383627],[119.3964842,25.0248978],[119.4938724,25.0347337]]],[[[118.2479985,24.1108159],[118.1780576,24.1486945],[118.219846,24.2129338],[118.2899783,24.17438],[118.2479985,24.1108159]]],[[[117.3059403,23.2059118],[117.1935414,23.183243],[117.2379605,23.3017861],[117.3591946,23.3171394],[117.3059403,23.2059118]]],[[[111.0679883,19.7110921],[111.086211,19.6031436],[110.7372232,19.3554104],[110.5742008,18.9801284],[110.6260829,18.8026814],[110.5248098,18.7202865],[110.5430744,18.6293375],[110.2742638,18.6012395],[110.0898787,18.3464726],[109.823325,18.3249802],[109.7135453,18.1370644],[109.3597033,18.1670711],[109.3056799,18.2326444],[109.1526431,18.2397322],[108.6731645,18.4490112],[108.6138562,18.5312859],[108.6403905,18.6719154],[108.5664776,18.8240031],[108.5821684,19.3245698],[109.0933872,19.6816244],[109.104019,19.8182094],[109.2480374,19.9559324],[109.4621033,19.923786],[109.6771327,20.0595792],[110.0074041,20.0159606],[110.1402504,20.113907],[110.4296292,20.1785887],[110.5306141,20.1342207],[110.6966711,20.2151368],[110.8168811,20.0618972],[110.9821746,20.0406428],[111.0679883,19.7110921]]],[[[111.2748814,19.9111603],[111.1688192,19.8603153],[111.1925787,19.9673674],[111.304815,20.0286601],[111.2748814,19.9111603]]],[[[109.2361774,20.967511],[109.271072,20.8882885],[109.186089,20.8562578],[109.1520845,20.9439464],[109.2361774,20.967511]]],[[[109.1969043,21.0599081],[109.111998,20.9561033],[109.0274563,21.0326352],[109.1137404,21.1246363],[109.1969043,21.0599081]]],[[[108.2397355,21.3405888],[108.1551277,21.361938],[108.1764783,21.4348143],[108.2585956,21.4171469],[108.2397355,21.3405888]]],[[[121.5706488,22.6847562],[121.5171617,22.5802013],[121.4110043,22.6509892],[121.4505369,22.7309657],[121.5706488,22.6847562]]],[[[121.5486322,21.9383401],[121.4451583,22.095255],[121.606787,22.1299759],[121.671881,21.9371069],[121.6098676,21.8913887],[121.5486322,21.9383401]]],[[[120.5059381,22.3518511],[120.2382303,22.5524338],[120.1139482,22.9239199],[119.9738107,23.0542169],[120.0711381,23.3846976],[119.9954903,23.4690725],[120.1609066,23.8394933],[121.0245906,25.0851073],[121.3308634,25.1793577],[121.47606,25.3348473],[121.5836121,25.3491297],[121.8453183,25.1825975],[121.9582946,25.1751652],[122.0586885,25.036833],[121.9457803,24.9057979],[122.0108472,24.8028188],[121.8831566,24.8219323],[121.9283052,24.5286896],[121.6760739,24.067753],[121.4803069,23.1133181],[121.2181149,22.7279324],[121.0716607,22.6224362],[120.9499109,22.3185822],[120.8987917,21.8538435],[120.6670404,21.9009239],[120.6263416,22.1975163],[120.5059381,22.3518511]]],[[[120.3407121,22.4009551],[120.441295,22.3736337],[120.3908237,22.2757011],[120.29871,22.3109243],[120.3407121,22.4009551]]],[[[119.6509778,23.4734816],[119.5420473,23.4340952],[119.5993281,23.3697902],[119.5635072,23.3019488],[119.7153654,23.3049436],[119.699715,23.1971219],[119.3989192,23.1439463],[119.3545226,23.220687],[119.4409011,23.274128],[119.4240709,23.3628763],[119.4677696,23.4468416],[119.4123443,23.5801063],[119.5818311,23.8353451],[119.7208866,23.7185589],[119.7821777,23.5489685],[119.6509778,23.4734816]]],[[[119.3921007,23.343894],[119.3167965,23.2659601],[119.2579828,23.3927527],[119.3433662,23.4636024],[119.3921007,23.343894]]],[[[121.8888939,25.4331539],[121.9577491,25.4762431],[122.0044592,25.4131135],[121.9366039,25.3716495],[121.8888939,25.4331539]]],[[[122.1510543,25.4474599],[122.0627622,25.445353],[122.0613613,25.5233893],[122.1485052,25.5246125],[122.1510543,25.4474599]]],[[[122.1002207,25.6835214],[122.1401735,25.6129244],[122.0629635,25.5727126],[122.0171343,25.6452324],[122.1002207,25.6835214]]],[[[112.7265958,16.7241702],[112.7922073,16.6652636],[112.7283718,16.6103847],[112.6688748,16.6683007],[112.7265958,16.7241702]]],[[[137.5365556,54.0556723],[137.8844136,54.0202341],[137.9403654,53.9599327],[137.6882605,53.804073],[137.5641843,53.6292546],[137.3391418,53.593029],[137.8868748,53.6263155],[138.22115,53.7693964],[138.3062868,53.940955],[138.5779931,54.0435104],[138.644835,54.1661874],[138.5730215,54.2931896],[138.6639258,54.3507854],[139.2785372,54.2291759],[139.5738518,54.2914226],[139.7157955,54.4027524],[139.8563957,54.3945804],[139.8724478,54.2511956],[140.4035036,53.9871349],[140.3667156,53.8520393],[140.6178331,53.6804462],[141.5625987,53.3199305],[141.5132158,53.1268906],[141.1784487,52.9221019],[141.3224397,52.8853591],[141.2676678,52.8038568],[141.3707324,52.6762975],[141.3473379,52.5792324],[141.4700715,52.5174959],[141.44803,52.4017993],[141.3048922,52.4032701],[141.4368612,52.2736645],[141.5551405,52.2875301],[141.5691193,52.4108727],[141.7355613,52.5656438],[141.8314007,53.0256385],[141.6120528,53.4156655],[142.3932591,53.6487858],[142.5931746,53.8575194],[142.5981669,53.9338149],[142.1770963,54.334521],[142.4763224,54.3410871],[142.7319894,54.4774053],[143.0679531,54.1413851],[142.9794696,53.8510868],[143.3234081,53.2501159],[143.4169441,52.8382343],[143.3731912,52.4691033],[143.2371624,52.2590358],[143.2398486,52.0350312],[143.5145962,51.5213405],[143.8026824,50.5005889],[144.3016437,49.5353029],[144.3586837,49.2633438],[144.4762281,49.0545798],[144.7547566,48.8890347],[144.7516502,48.7341788],[144.8285431,48.6430708],[144.7658243,48.5913281],[144.6165883,48.6073804],[144.4744573,48.8829186],[144.0804011,49.1818707],[143.9316694,49.2260703],[143.4098899,49.2579708],[143.1613307,49.1824943],[143.0238574,49.051649],[143.0601889,48.9050107],[142.7012004,48.2607529],[142.6020042,47.791478],[142.7374561,47.5455773],[143.0861621,47.2710139],[143.1742428,46.9329455],[143.3375319,46.8489062],[143.4657801,46.9006171],[143.5543332,46.8264402],[143.6965166,46.3782981],[143.5373877,46.1751468],[143.4916195,46.0056709],[143.3398604,45.996379],[143.3395129,46.2194107],[143.1967419,46.5190423],[142.7567908,46.5535753],[142.6644546,46.6750904],[142.508163,46.6057816],[142.1354093,45.8560695],[142.0296015,45.8507208],[141.8376306,46.0310299],[141.7302662,46.6015248],[141.9770758,47.0886157],[141.8877215,47.285026],[141.8813752,47.627408],[142.1201297,47.9780497],[142.069478,48.3047063],[141.8438977,48.5762446],[141.7685038,48.7657116],[141.8896795,48.8877945],[142.0597241,49.5031734],[142.0684293,50.351274],[141.9620076,50.5406064],[142.0061311,50.8320577],[142.171892,51.1070088],[141.9941018,51.4552665],[141.5931258,51.723741],[141.6112973,51.7852576],[141.7099482,51.7964328],[141.5508632,51.8648079],[141.5883067,51.9822944],[141.5440509,52.0963006],[141.4717234,52.1060784],[141.4255201,52.036892],[141.5043821,51.9789207],[141.4615366,51.8923951],[141.2585564,51.8067109],[141.1772668,51.6524747],[140.9684743,51.5908337],[140.9663053,51.4103483],[140.7770959,51.2832291],[140.7617005,51.0229306],[140.5272668,50.7149919],[140.5714638,50.621026],[140.5016427,50.5381874],[140.6094879,50.3468831],[140.5894477,50.1785476],[140.7703332,50.0948441],[140.5457195,49.9642001],[140.5008991,49.8591375],[140.602658,49.804913],[140.6234202,49.5660633],[140.4256351,49.2149007],[140.4126867,49.0629445],[140.4721065,48.9684666],[140.28197,48.7567135],[140.24089,48.4214151],[139.3391214,47.781633],[139.0543526,47.2885993],[138.9086169,47.2492857],[138.6470913,47.0321839],[138.447263,46.7282633],[138.4009688,46.5159891],[138.2458702,46.4229667],[138.156451,46.2010915],[137.2008492,45.3456648],[136.8631284,45.1680356],[136.5122337,44.7428838],[136.3112836,44.652085],[136.2288089,44.483457],[135.934418,44.3655649],[135.7328802,44.1467222],[135.7003094,44.0130592],[135.6012235,43.9670558],[135.5654715,43.8217003],[135.2516754,43.5868966],[135.1823046,43.4625232],[134.2615439,43.0356533],[133.9571662,42.8248333],[133.0575904,42.622449],[132.9278671,42.7025562],[132.8051033,42.6899335],[132.7124445,42.7981006],[132.5459526,42.7908315],[132.3699521,42.6803223],[132.2663083,42.7077457],[132.216068,42.9201493],[132.2504141,43.1749197],[132.2032867,43.1637987],[131.8643533,42.8404962],[131.5278611,42.7977549],[131.5945944,42.7159639],[131.499831,42.595627],[131.3207267,42.6254984],[131.2194176,42.5027097],[131.0477683,42.5797382],[130.9414752,42.5436648],[130.998091,42.4416043],[130.8511401,42.4226183],[130.7421562,42.2583237],[130.5637215,42.4435577],[130.5169765,42.6138797],[130.4423641,42.5484997],[130.2527953,42.7062975],[130.2619645,42.903417],[130.1071347,42.9123445],[130.1240226,42.9853606],[129.9004137,43.0050334],[129.7602832,42.7258106],[129.8038527,42.678746],[129.7472803,42.6472652],[129.7040105,42.4259393],[129.6091551,42.4617088],[129.5471907,42.3604888],[129.3470511,42.4526677],[129.1929698,42.3148501],[129.2371559,42.3079429],[129.1762751,42.2593102],[129.221642,42.2048784],[128.962892,42.0946619],[128.9153767,42.0099917],[128.7450113,42.0513316],[128.563951,41.9969903],[128.0312399,41.995489],[128.0994509,41.94481],[128.1497646,41.7276793],[128.3107501,41.599665],[128.1519964,41.3830333],[127.9318656,41.4566927],[127.8638456,41.4010968],[127.6496314,41.4036216],[127.541453,41.4745398],[127.256925,41.4766474],[127.0976205,41.5431257],[127.1784339,41.5923203],[127.0319325,41.6696735],[127.077003,41.7004582],[126.9409795,41.8070988],[126.7905667,41.6912217],[126.6938751,41.7490102],[126.7249777,41.70476],[126.5632433,41.6108798],[126.5320104,41.355441],[126.4331419,41.3521163],[126.280241,41.1588508],[126.1166719,41.087675],[126.1035418,41.0045811],[125.9751097,40.9159578],[126.018275,40.9013094],[125.7621592,40.8898837],[125.6317655,40.8091065],[125.6835127,40.765282],[125.5672624,40.7807481],[125.4148805,40.6279447],[125.2772245,40.654231],[125.0082626,40.5247803],[125.0351334,40.4602852],[124.8909795,40.4769784],[124.403158,40.1332512],[124.335144,40.0585646],[124.3541086,39.9706824],[124.2273897,39.9191445],[124.1586886,39.7551777],[123.8844795,39.7710497],[123.7663155,39.7023413],[123.6404617,39.7324678],[123.0470981,39.5924494],[123.1704021,39.5208085],[123.0858498,39.3825188],[122.8800195,39.4737035],[122.9093384,39.5622995],[122.8614165,39.5536844],[122.5766707,39.3544987],[122.8360741,39.2722653],[122.8386083,39.1777561],[122.4939555,39.1699883],[122.3490036,39.0954837],[122.2422593,39.1305644],[122.0229032,39.013793],[122.0398357,38.9378069],[121.899574,38.9002555],[121.8702734,38.82194],[121.7590716,38.849071],[121.6225435,38.7478765],[121.3627619,38.7643582],[121.1240422,38.6790742],[120.904721,38.9582629],[120.9711704,39.009958],[121.2233033,39.0053733],[121.3557222,39.1141619],[121.4521168,39.0761098],[121.5646767,39.1212086],[121.3770511,39.1928584],[121.514172,39.2719887],[121.1988141,39.3552634],[121.1553466,39.5288596],[121.2082581,39.6139103],[121.4206017,39.7014769],[121.4043693,39.8176001],[121.479091,39.899202],[121.8522913,40.0932867],[122.1852306,40.4681102],[121.7752418,40.8308135],[121.2177863,40.838891],[121.0155661,40.7692315],[120.9906408,40.6774088],[120.8545367,40.5895657],[120.887644,40.4703522],[120.774601,40.3888298],[120.6771071,40.4310935],[120.4875341,40.161861],[119.9851256,40.0134774],[119.9009741,39.9164687],[119.6062083,39.8549151],[119.5763555,39.7808784],[119.4266705,39.7242772],[119.327317,39.5192557],[119.3523046,39.3825034],[118.7674901,38.9752653],[118.6533442,38.9745292],[118.7133207,39.0821466],[118.6077156,39.1069848],[118.1859844,38.9583034],[118.0787251,39.1377059],[117.8689758,39.1353639],[117.8344554,38.9593668],[117.6327761,38.7267617],[117.7463283,38.4403178],[118.0487961,38.2245839],[118.5360158,38.1286869],[118.8559124,38.197045],[118.9999353,38.1337204],[119.1586642,37.8918588],[119.3094628,37.9448749],[119.3820153,37.8335545],[119.3059367,37.6430108],[119.0224463,37.5936926],[118.9847056,37.4242718],[119.0550918,37.3071798],[119.3381775,37.1897979],[119.7832656,37.2408632],[119.7838809,37.4002025],[120.1366228,37.5399712],[120.1762299,37.7243166],[120.3619913,37.7591906],[120.4054048,37.8407833],[120.548871,37.8053059],[120.6693465,37.8770771],[120.5290439,37.960956],[120.5701389,38.1622731],[120.9186719,38.4523834],[120.9901234,38.3812879],[120.8015876,38.2280652],[120.8385295,38.1382947],[120.6857155,38.104249],[120.8271513,37.8801818],[121.1777328,37.7561526],[121.220772,37.6345487],[121.3833569,37.6811078],[121.5660716,37.6124319],[121.5566612,37.516682],[121.7183588,37.5082697],[121.9354016,37.5360488],[122.0878995,37.6287202],[122.3397446,37.4675999],[122.6787142,37.4947305],[122.7664265,37.4061835],[122.6376217,37.2814261],[122.6749439,37.1707042],[122.5284526,37.1057464],[122.6339039,37.0508121],[122.5601295,36.8649819],[122.3130317,36.7799604],[122.2612777,36.6995725],[122.122591,36.889531],[122.0346847,36.8513709],[121.9686031,36.895956],[121.8093779,36.8474577],[121.6465414,36.6720963],[121.4298038,36.691628],[121.1053225,36.5793366],[121.0371497,36.3827896],[120.7935527,36.335293],[120.8828733,36.2216565],[120.7603515,36.1736836],[120.7584636,36.0992398],[120.3691253,35.9981103],[120.3603412,35.8995974],[120.1062698,35.8368545],[120.2266598,35.8135402],[120.2112334,35.7048322],[120.0837416,35.7403617],[119.9523681,35.5910048],[119.7062945,35.5464056],[119.6118183,35.3632869],[119.4667818,35.2470584],[119.4216175,35.0743938],[119.267335,35.0080985],[119.257529,34.8441],[119.5147765,34.8061159],[119.5728383,34.7450173],[119.5442985,34.6762561],[119.6941027,34.5849134],[120.3124905,34.3345493],[120.4861493,33.9130883],[120.8904702,33.2350596],[121.0333592,32.6414367],[121.4364484,32.4462105],[121.5627122,32.1593997],[121.8638061,32.0147599],[121.994201,31.7605488],[121.9465945,31.65472],[122.0804676,31.5048204],[121.9360042,31.4002867],[122.1720422,31.3257536],[122.0796222,31.1393569],[121.99575,31.1021226],[122.0515482,30.9889542],[122.0023906,30.8390958],[121.5448024,30.7637742],[121.4654842,30.7280921],[121.4437229,30.6334035],[121.2959089,30.6473248],[121.0219595,30.5016566],[121.0079945,30.4036633],[120.8811947,30.276212],[121.0987755,30.4253643],[121.2993033,30.4529566],[121.5182385,30.3010631],[121.5805895,30.3405615],[121.7643941,30.2872154],[121.757947,30.2078865],[121.6244215,30.1974437],[121.7757003,30.0522175],[121.7667332,30.1215321],[121.8594961,30.1717176],[121.8546366,30.3852127],[122.0297527,30.3790397],[122.0859751,30.4410439],[122.2281062,30.3872329],[122.2042901,30.5497539],[122.1401868,30.5122656],[121.9078964,30.567385],[121.9750921,30.6984932],[122.1811835,30.6661922],[122.2197962,30.5700313],[122.2519309,30.7022833],[122.3483982,30.6922511],[122.3438715,30.807514],[122.5589278,30.7719821],[122.5429859,30.8614262],[122.6703104,30.9164293],[122.8326169,30.8208553],[122.8924642,30.7061815],[122.7973066,30.6446844],[122.5940818,30.735614],[122.6169226,30.6122918],[122.4038259,30.5429015],[122.5737516,30.4690645],[122.5548672,30.3784291],[122.2517215,30.374268],[122.7372072,30.2581421],[122.8473221,30.1274927],[122.7588544,30.0767972],[122.5210186,30.1670513],[122.2821145,30.1551748],[122.4932683,30.103237],[122.5321909,29.9318192],[122.6485175,29.8573625],[122.4318076,29.7881648],[122.2042955,29.5622352],[122.0593588,29.5590438],[122.316717,29.4589128],[122.2282805,29.3240556],[122.0636002,29.4565129],[122.1409307,29.1890921],[122.0742228,29.0111955],[121.8308947,28.9106754],[121.9945855,28.7325753],[121.9203532,28.59452],[121.9798226,28.5535985],[121.9675708,28.3715977],[121.9000318,28.336916],[121.8019226,28.3887833],[121.8088792,28.5237882],[121.8652341,28.5600849],[121.767181,28.5586786],[121.6898228,28.6695279],[121.6163166,28.6473297],[121.7832965,28.4051216],[121.7295379,28.3260698],[121.7849232,28.2434366],[121.6611115,28.1619983],[121.493654,28.2419892],[121.4750589,28.1882801],[121.5855426,28.1270798],[121.5788008,28.040092],[121.4156357,27.9826625],[121.3407689,28.0399365],[121.2140349,27.922596],[121.2816361,27.8287847],[121.2133423,27.766236],[121.2852408,27.6263884],[121.2508882,27.5628927],[120.8050851,27.5870913],[120.7458968,27.6614214],[120.7754805,27.5420518],[120.5932745,27.1420489],[120.3460393,27.0275435],[120.5051497,27.0351543],[120.535253,26.9393089],[120.2127419,26.8254922],[120.1830909,26.4567717],[119.9700708,26.4463502],[120.1439025,26.3866917],[120.0131534,26.3338123],[120.073627,26.2343161],[119.9670287,26.0307143],[120.0470172,25.9571999],[119.9761991,25.8910572],[119.8677149,25.9721212],[119.9392245,26.0329925],[119.8526087,26.136208],[119.8956594,26.2497728],[119.7104679,26.1853129],[119.7708163,25.9944782],[119.6739952,25.8338917],[119.7851939,25.7225297],[119.9056198,25.7353732],[119.9810016,25.398707],[119.874789,25.41175],[119.8023689,25.3529481],[119.8129889,25.2559043],[119.5718708,25.1193898],[119.4180521,25.1562297],[119.4266638,25.0919169],[119.3614512,25.0651079],[119.2016237,25.1320547],[119.1877108,25.030339],[119.0242105,24.8453072],[118.8316392,24.8084547],[118.6953073,24.5190017],[118.5318024,24.4730841],[118.4704911,24.3501275],[118.2013244,24.3567611],[118.1831485,24.2420563],[117.9551701,24.0794136],[117.7552896,23.739457],[117.6626345,23.7318551],[117.4315964,23.5141584],[117.186587,23.5623807],[117.2069808,23.4154128],[117.138514,23.2791864],[116.9049852,23.3804651],[116.8433746,23.1887395],[116.6085357,23.1099695],[116.6189744,22.9991795],[116.5276115,22.8974328],[116.298202,22.9068568],[116.1244976,22.7761054],[116.0387102,22.7938154],[115.8252249,22.6872774],[115.6499408,22.8166761],[115.6758319,22.6996379],[115.5879536,22.6021855],[115.4420963,22.5840841],[115.2822616,22.7387026],[115.2000029,22.6862177],[115.0889417,22.7113668],[114.8650302,22.4595926],[114.7949082,22.4688502],[114.7828586,22.5400336],[114.6969688,22.5322188],[114.7106342,22.3698989],[114.4654325,22.4114414],[114.4219235,22.2403106],[114.3092315,22.1205034],[114.3627132,22.0267814],[113.9854551,21.7594367],[113.8997163,21.8360882],[114.0639775,22.0008462],[113.8964302,21.9813353],[113.7244876,21.8706934],[113.5428038,22.0252649],[113.2816257,21.8245441],[112.9223456,21.8006558],[112.8638804,21.6923833],[112.9566415,21.5900498],[112.810957,21.5173952],[112.5048465,21.5424588],[112.3749604,21.66349],[112.2446078,21.6478027],[112.1338875,21.746084],[112.018978,21.7055085],[112.1660846,21.6826965],[112.2558423,21.5657156],[112.210588,21.5014683],[112.0691314,21.6090803],[111.8621426,21.5107951],[111.740604,21.5598003],[111.670485,21.4738581],[111.2042066,21.325632],[111.1347835,21.3455737],[111.1294255,21.4165233],[110.7847781,21.3407691],[110.6076301,21.0491922],[110.6950971,20.9372864],[110.6501814,20.8386909],[110.5319139,20.8286644],[110.407372,20.9469026],[110.2554743,20.906871],[110.4268115,20.8514958],[110.587306,20.4856376],[110.6758284,20.434746],[110.6039928,20.3013534],[110.5072167,20.3322981],[110.3047009,20.1911167],[109.8661633,20.2032419],[109.8767755,20.2984406],[109.6088055,20.9052362],[109.620652,21.1388921],[109.7148561,21.2410762],[109.7477949,21.4030382],[109.6230189,21.4751798],[109.1398028,21.3577235],[108.9975567,21.42718],[109.0498112,21.5272409],[108.6627581,21.5402902],[108.6055868,21.62942],[108.4696873,21.5016509],[108.2047659,21.448609],[108.303222,21.6561525],[108.270263,21.7065598],[108.15216,21.6657248],[108.0691594,21.5042344],[107.7941179,21.6575878],[107.7640872,21.8176726],[107.3620891,21.5996819],[107.3010528,21.742649],[107.2221208,21.7077753],[107.0087618,21.827864],[107.063737,21.89576],[107.023811,21.94478],[106.9611901,21.9194434],[106.7652333,22.012799],[106.6904962,21.9643304],[106.6906142,22.2777144],[106.559923,22.348441],[106.557473,22.45882],[106.6111028,22.6052456],[106.7285192,22.5941421],[106.8278165,22.813645],[106.5256754,22.9485012],[106.285692,22.867401],[106.1447525,22.996027],[105.8757111,22.9167657],[105.7111573,23.0707102],[105.5720938,23.0723119],[105.5740213,23.1604055],[105.3236586,23.3926672],[105.234518,23.2613371],[105.0798297,23.2662456],[104.8018241,23.1162166],[104.8616695,22.9416375],[104.533367,23.0669397],[104.2944143,22.815112],[104.1150731,22.8113861],[103.9773427,22.5068178],[103.619439,22.786067],[103.5520096,22.6370641],[103.6295698,22.5334881],[103.570175,22.3448366],[103.2889937,22.0385489],[102.9339979,22.141302],[102.8193281,22.3187956],[102.6054381,22.4841684],[102.3221972,22.2016662],[102.2001803,22.2964226],[101.9972418,21.9570568],[101.7157171,21.89527],[101.784932,21.824314],[101.769311,21.658434],[101.8341636,21.626294],[101.750146,21.582904],[101.7342996,21.4821835],[101.733657,21.322866],[101.844671,21.252605],[101.765258,21.145371],[101.596553,21.1771786],[101.613773,21.229605],[101.548006,21.256287],[101.291981,21.175478],[101.2168586,21.2309821],[101.250335,21.295326],[101.1409949,21.4108839],[101.199679,21.435878],[101.216942,21.556057],[101.1376906,21.5720825],[101.1186784,21.7768796],[100.8846018,21.6872923],[100.5866098,21.4534777],[100.4796125,21.4587779],[100.4309302,21.5414692],[100.1686085,21.4860519],[100.1072769,21.5912482],[100.1688297,21.6662554],[100.0341776,21.6755751],[99.9464233,21.815472],[99.971924,22.059284],[99.700961,22.041522],[99.651416,22.105598],[99.272564,22.101073],[99.1562788,22.1632597],[99.2780719,22.3486938],[99.2500717,22.3953913],[99.3811217,22.4963017],[99.3057629,22.8587768],[98.8082884,23.0132305],[98.5150908,22.9661384],[98.4944914,23.0291875],[98.5614393,23.0776789],[98.4445379,23.1924406],[98.7200543,23.2675272],[98.7561032,23.3693626],[98.6623761,23.4440342],[98.6603161,23.5841263],[98.4629055,23.802937],[98.4189602,23.9536266],[98.5071942,24.0543023],[98.7214276,24.1003797],[98.7052911,24.2763872],[98.5411828,24.2281816],[98.4203332,24.0790674],[98.0244824,24.0169893],[97.8679272,23.7859734],[97.371311,23.7118103],[97.5434874,24.4154228],[97.4875256,24.4974591],[97.6138684,25.0345946],[97.5153347,25.231032],[97.6852795,25.371638],[97.8651806,25.6879445],[98.1278227,25.8972179],[98.3111571,26.3606503],[98.7258908,26.4751832],[98.782209,26.605335],[98.730998,26.85458],[98.766737,27.052123],[98.69169,27.20004],[98.741054,27.332113],[98.7071,27.558821],[98.441956,27.669042],[98.430303,27.553592],[98.336625,27.512325],[98.175909,27.835149],[99.2284937,27.9362],[100.5907983,27.0395762],[101.0302515,27.3327547],[101.1620874,27.7030032],[100.678689,28.998551],[100.0414819,30.1071369],[99.5800562,30.467633],[99.5141382,30.770178],[100.3271265,32.6578942],[99.843728,33.2478943],[97.2729272,33.797427],[96.7016382,33.1191686],[96.0864038,32.1756311],[94.987771,32.787293],[94.3725366,33.2111349],[93.9330835,33.7060809],[93.4716577,33.4681263],[92.5707788,33.3030045],[91.9994897,33.3947776],[91.7138452,33.6878],[90.8129663,34.143653],[90.1757593,34.1254658],[89.1210718,33.8156846],[88.725564,33.9251479],[88.4399194,34.5246796],[88.2421655,34.7957796],[87.8246851,34.9400032],[87.6269312,35.4248858],[87.6489038,35.9958032],[87.7587671,36.3682396],[88.1982202,36.8620603],[88.5278101,37.1077826],[87.890603,37.7186077],[87.0556421,37.99618],[86.9018335,38.2381974],[87.7807397,38.7541004],[89.6703882,39.1982224],[90.5273218,39.5549],[91.1205835,40.229235],[91.406228,40.9633245],[91.5600366,41.6565136],[91.538064,42.1471308],[92.0214624,42.9564386],[92.109353,43.7076094],[91.7138452,44.6374069],[91.336355,45.121247],[91.430218,45.156281],[91.558608,45.068318],[92.05758,45.08275],[92.49047,45.000053],[92.881584,45.046537],[93.5075353,44.9670287],[94.2113654,44.6677255],[94.3477624,44.5165583],[94.6029359,44.4468096],[94.718557,44.3407573],[94.9986632,44.2508804],[95.4097827,44.2938207],[95.3200755,44.0294943],[95.5228078,44.0050557],[95.8575958,43.4135815],[95.8770356,43.2771581],[96.3638292,42.8981016],[96.3876368,42.7247186],[97.1715816,42.7945707],[98.1922725,42.6520096],[99.5036995,42.5651397],[100.2678233,42.6352729],[100.3184205,42.6868677],[100.8480227,42.6718186],[101.8007272,42.5034192],[102.0245629,42.2241597],[102.7607596,42.1272009],[103.4111094,41.8812882],[104.0589595,41.7890649],[104.5236683,41.8734036],[104.5170164,41.6595753],[104.9164295,41.6524891],[105.0077319,41.5800276],[105.229328,41.7476804],[105.6969376,41.9309082],[107.4531784,42.4566612],[107.5659332,42.4115791],[108.2407913,42.46064],[108.8385315,42.395607],[109.0244064,42.4541855],[109.469223,42.453476],[110.429863,42.7755585],[111.006073,43.3220062],[111.5729065,43.4907722],[111.7876816,43.6664162],[111.9469705,43.6907533],[111.9589767,43.8191032],[111.8739319,43.9322395],[111.6542664,44.0620422],[111.4092865,44.344635],[111.7261429,44.9287224],[111.9809036,45.0868683],[112.4255066,45.0741653],[112.756813,44.8625717],[113.625633,44.742385],[113.8985672,44.912014],[114.1333771,44.9666595],[114.4561768,45.2060776],[114.5411321,45.3845357],[114.7372006,45.4373149],[114.9741359,45.376048],[115.3529079,45.3876657],[115.691012,45.4582182],[116.0283131,45.6817534],[116.1740867,45.6901055],[116.2799822,45.7706536],[116.2639186,45.9613909],[116.5775996,46.2887059],[116.8315456,46.3836931],[117.3684657,46.3604814],[117.4151313,46.5804583],[117.5881526,46.6033342],[117.7160762,46.5130224],[118.300868,46.738346],[118.789591,46.685662],[118.896858,46.775786],[118.915892,46.724028],[118.999907,46.751144],[119.100829,46.647522],[119.300639,46.608732],[119.555506,46.633938],[119.6773369,46.5855098],[119.8025585,46.6818036],[119.8987099,46.665182],[119.9212936,46.9026261],[119.8551185,46.920389],[119.708097,47.193368],[119.3218599,47.4232224],[119.3576431,47.4795952],[119.142807,47.5423672],[119.1216812,47.6640396],[118.7548218,47.7720795],[118.5549316,47.9934616],[118.1698659,48.0482169],[117.8049667,48.0141899],[117.3751831,47.6400414],[117.0869064,47.8203011],[116.8197708,47.8948708],[116.4394454,47.8378594],[116.2534181,47.8782756],[115.9353307,47.6812306],[115.5705116,47.9190934],[115.5203698,48.1529043],[115.8125331,48.2555855],[115.7865227,48.5225326],[116.0571687,48.793834],[116.0363388,48.8673821],[116.7137007,49.8456631],[116.6216,49.9311],[116.2329629,50.0358666],[115.7453945,49.8871758],[115.5067,49.9071],[115.2239,49.9884],[114.8567,50.217],[114.3388,50.2827],[113.4888,49.9736],[113.2061,49.8283],[113.0439,49.6082],[112.8234,49.5193],[112.4741,49.5225],[111.9575,49.3823],[111.5231,49.3232],[111.3748,49.3577],[111.0786435,49.2620358],[111.0662814,49.3573356],[111.1486789,49.5483816],[111.6595432,49.9953829],[111.6650363,50.1874525],[111.3876315,50.4872228],[111.502988,50.7903126],[111.7172214,50.9809134],[112.5906345,51.3957801],[113.0960056,51.8646217],[113.461301,51.9578091],[113.7799045,52.1402329],[114.6148654,52.7429449],[115.3262302,52.9701479],[117.8009006,54.941345],[120.267323,56.5352638],[120.9484753,57.1600842],[121.7614636,58.2054558],[121.8603406,58.5682581],[121.6955457,58.95568],[121.8163953,59.1365051],[122.0580945,59.3107736],[122.398739,59.4035695],[123.4689535,59.4059412],[126.0820383,59.2537575],[128.6128213,58.8250709],[137.1672022,55.8205574],[136.8287581,55.6113707],[136.4928613,55.5310279],[136.2023836,55.2580149],[135.5724703,55.0451842],[135.26971,54.8307255],[135.7410232,54.6946718],[135.8145933,54.613393],[136.1767368,54.6625859],[136.2005349,54.7313701],[136.2977624,54.7475507],[136.2167038,54.8265197],[136.297044,54.8779555],[136.4481507,54.8160386],[136.3785237,54.7388232],[136.4254143,54.6987093],[136.5451674,54.6739616],[136.6733906,54.7367893],[136.8894336,54.6780678],[136.9683251,54.5644961],[136.8680613,54.3706767],[136.9066083,54.14463],[136.7850387,53.9945086],[136.7950407,53.8629269],[137.1113912,53.8882562],[137.1643283,53.9827627],[137.0774745,54.0118501],[137.0081103,54.1634542],[137.4850433,54.3627619],[137.4701915,54.5263655],[137.5985665,54.6113801],[137.450573,54.7936536],[137.1264134,54.5514957],[136.9720643,54.6072032],[137.0983805,54.6676908],[137.2019817,54.9184088],[137.3970438,55.0580467],[137.4838427,55.2141983],[137.9549715,55.1932937],[138.2372544,55.0831517],[138.3293458,55.1476641],[138.5026331,55.1141061],[138.4829381,55.0130785],[138.1473356,54.9430835],[138.082367,54.8934775],[138.0781964,54.7609348],[137.7142771,54.5604523],[137.736717,54.4608355],[137.9100078,54.5499728],[138.0852486,54.4494178],[137.9423006,54.4022073],[137.5365556,54.0556723]]]]}},{"type":"Feature","properties":{"name":"Duchy of Massa and Carrara","historical_entity":"Duchy of Massa and Carrara","ohm_relation_id":2696936,"start_date":"1648","end_date":"1796-05-10","admin_level":"2","boundary":"administrative","source":null,"_historical_overlay":true},"geometry":{"type":"MultiPolygon","coordinates":[[[[10.1369041,43.9801408],[9.9901115,43.9984488],[10.0588105,44.1299228],[10.1682459,44.1162925],[10.2431918,44.084602],[10.1369041,43.9801408]]]]}},{"type":"Feature","properties":{"name":"Kingdom of Scotland","historical_entity":"Kingdom of Scotland","ohm_relation_id":2697544,"start_date":"1552-09-24","end_date":"1652-02","admin_level":"2","boundary":"administrative","source":null,"_historical_overlay":true},"geometry":{"type":"MultiPolygon","coordinates":[[[[-7.1340473,56.3716218],[-7.0288438,56.3058347],[-7.1849644,56.29213],[-7.1340473,56.3716218]]],[[[-0.6905628,60.5603407],[-0.8190162,60.5018431],[-0.6251668,60.406406],[-0.8025265,60.2971492],[-0.9871336,60.282537],[-0.8990923,60.1314157],[-1.0696338,60.0522061],[-1.0587838,59.9804541],[-1.2172604,59.8090529],[-1.4674031,59.8622114],[-1.4633638,60.0796083],[-1.733083,60.1871607],[-1.9210538,60.400162],[-1.6791999,60.4031818],[-1.7389102,60.4829549],[-1.6886315,60.5789805],[-1.2415183,60.6988972],[-0.9357579,60.9042593],[-0.6701328,60.8465398],[-0.7296017,60.6719478],[-0.6629105,60.6141655],[-0.6905628,60.5603407]]],[[[-1.9493537,60.1048449],[-2.1031377,60.0596626],[-2.2227921,60.1527193],[-2.0217896,60.2080863],[-1.9493537,60.1048449]]],[[[-1.5110744,59.5046064],[-1.6862173,59.4573268],[-1.7592549,59.4992048],[-1.7471231,59.5560278],[-1.5700461,59.6063716],[-1.5110744,59.5046064]]],[[[-6.0511485,59.0752642],[-6.189128,59.0327859],[-6.2791619,59.110775],[-6.1249757,59.1514499],[-6.0511485,59.0752642]]],[[[-5.7030459,59.1086582],[-5.8588142,59.0605199],[-5.9449081,59.1380673],[-5.8039725,59.1898582],[-5.7030459,59.1086582]]],[[[-4.3649953,59.0325526],[-4.5460905,58.9719587],[-4.6131938,59.0224231],[-4.5486908,59.0752129],[-4.3595427,59.1388025],[-4.2936383,59.0881525],[-4.3649953,59.0325526]]],[[[-6.6032909,56.1797426],[-6.5479408,56.1151949],[-6.6722839,56.0831936],[-6.7300245,56.1548185],[-6.6032909,56.1797426]]],[[[-7.5105301,58.2477013],[-7.7078786,58.2424552],[-7.7127224,58.3200875],[-7.507397,58.3247775],[-7.5105301,58.2477013]]],[[[-8.4012319,57.8941254],[-8.4653752,57.7514485],[-8.7057301,57.7904647],[-8.7282555,57.8547096],[-8.5468971,57.9241673],[-8.4012319,57.8941254]]],[[[-3.7738331,57.9432248],[-3.6793883,57.8742542],[-3.7243666,57.7825728],[-3.6213698,57.7298197],[-3.3489865,57.7802131],[-3.0358573,57.7171505],[-1.9827305,57.7474329],[-1.7493284,57.6424718],[-1.6773974,57.5196026],[-1.6995065,57.436112],[-1.9574818,57.2241105],[-1.9608795,57.1137435],[-2.1313616,56.861636],[-2.3476224,56.7265921],[-2.4677653,56.5351801],[-2.7234983,56.3794626],[-2.497324,56.2888074],[-2.5257581,56.2376401],[-2.4574902,56.1699074],[-2.5383947,56.0669104],[-2.0883241,55.9585197],[-1.9691495,55.844872],[-2.2342667,55.6413087],[-2.3350409,55.6344927],[-2.166528,55.4674676],[-2.5590026,55.3178481],[-2.9062268,55.0775728],[-3.0510494,55.0527308],[-3.0739571,54.9684371],[-3.466624,54.909507],[-3.5525134,54.8149702],[-3.6798754,54.8302434],[-3.9661134,54.7195634],[-4.2208106,54.7329471],[-4.3685538,54.6294939],[-4.8391344,54.7851469],[-4.773761,54.6174225],[-4.9660019,54.6003858],[-5.2226728,54.8351744],[-5.2725467,54.9805866],[-5.0828336,55.1319218],[-5.2035032,55.2749996],[-4.9395993,55.3116302],[-4.7750322,55.4723167],[-4.8031144,55.5757971],[-5.0509779,55.679188],[-4.9670535,55.5107529],[-5.05108,55.3890322],[-5.4210557,55.4357492],[-5.5069323,55.2396334],[-5.8304724,55.2516197],[-5.8990917,55.3594349],[-5.8058916,55.4683159],[-5.867506,55.6712255],[-5.7613068,55.7865875],[-5.781035,55.8601721],[-5.9375941,55.7397777],[-5.9526164,55.6324765],[-6.236342,55.5296324],[-6.3801779,55.5461402],[-6.4177316,55.627746],[-6.5579037,55.6268343],[-6.6251204,55.6945671],[-6.5310958,55.8777811],[-6.3546872,55.9557196],[-6.3863617,56.0414252],[-6.329309,56.1104228],[-6.1393048,56.1832099],[-6.0552225,56.1532921],[-6.0393681,56.0746048],[-5.9876672,56.0899567],[-5.837936,56.1637706],[-5.9058959,56.2069167],[-5.8855246,56.2663922],[-6.4178965,56.1764019],[-6.5540014,56.2770274],[-6.5448209,56.514753],[-6.9220909,56.3900069],[-7.0503742,56.4219914],[-7.1060841,56.5206903],[-6.4806197,56.7508383],[-6.3649043,56.7290162],[-6.372018,56.6506633],[-6.2913692,56.6714885],[-6.2698154,56.7775432],[-6.3631993,56.8146667],[-6.3567918,56.8861955],[-6.5569119,56.9846061],[-6.6477472,56.9212624],[-6.7731267,56.9527188],[-6.6539821,57.0988958],[-6.4029098,57.1377203],[-6.5723716,57.2849295],[-6.8017784,57.346101],[-6.8685156,57.4710108],[-6.6980237,57.642354],[-6.5201873,57.64642],[-6.47169,57.6967985],[-6.5323914,57.7575776],[-6.4677831,57.7933249],[-6.2272526,57.7607636],[-6.0572753,57.610614],[-5.9089936,57.6259385],[-5.8999507,57.877685],[-5.6157711,57.9747949],[-5.5300769,58.1203827],[-5.4210665,58.163097],[-5.4956366,58.2770925],[-5.2894222,58.3338407],[-5.2242932,58.5635943],[-5.0892692,58.6623737],[-4.257639,58.6052221],[-3.5088135,58.6801568],[-3.3623802,58.7306582],[-3.5434411,58.874086],[-3.4640463,58.9682083],[-3.4410749,59.1512879],[-3.1251166,59.2478627],[-3.1529288,59.3672168],[-2.8585044,59.4413535],[-2.767346,59.3997699],[-2.7535951,59.3221652],[-2.4293902,59.4529651],[-2.2821801,59.4213457],[-2.2673875,59.2589278],[-2.4663115,59.1671122],[-2.4303721,59.0694796],[-2.5913769,58.9599774],[-2.5697841,58.8742231],[-2.7741683,58.8184545],[-2.8139895,58.6665405],[-2.990341,58.5231871],[-2.9424777,58.4509437],[-3.0167903,58.3427494],[-3.7738331,57.9432248]]],[[[-7.3598117,57.7772952],[-7.1485981,57.9290332],[-7.3823493,57.996629],[-7.2602201,58.0370003],[-7.0964674,58.2764218],[-6.6088613,58.4090854],[-6.3076266,58.5612083],[-6.1074944,58.4935908],[-6.1026896,58.307991],[-6.0462821,58.2545079],[-6.2810572,58.1189138],[-6.2673945,58.0250104],[-6.327351,57.9643633],[-6.2513554,57.8743046],[-6.5527812,57.8637112],[-6.9945276,57.6096502],[-7.1759423,57.233657],[-7.1456236,57.0642156],[-7.5607677,56.742224],[-7.7176847,56.7457578],[-7.7459621,56.8266898],[-7.4970469,57.1097141],[-7.5493936,57.240607],[-7.4925245,57.4278341],[-7.5196885,57.4787086],[-7.796605,57.5145165],[-7.6740512,57.6384926],[-7.8018897,57.6984525],[-7.6844149,57.7523308],[-7.4272169,57.7120751],[-7.3598117,57.7772952]]]]}},{"type":"Feature","properties":{"name":"Andorra","historical_entity":"Andorra","ohm_relation_id":2739874,"start_date":"1278","end_date":null,"admin_level":"2","boundary":"administrative","source":null,"_historical_overlay":true},"geometry":{"type":"MultiPolygon","coordinates":[[[[1.7867374,42.5744791],[1.5017804,42.4324538],[1.4189729,42.4827991],[1.4787768,42.6515107],[1.7867374,42.5744791]]]]}},{"type":"Feature","properties":{"name":"Wendat Confederacy","historical_entity":"Wendat Confederacy","ohm_relation_id":2744746,"start_date":"1650","end_date":"1651","admin_level":"2","boundary":"administrative","source":"Wikipedia","_historical_overlay":true},"geometry":{"type":"MultiPolygon","coordinates":[[[[-80.2010219,44.7904683],[-80.2437329,44.8875607],[-80.1625371,44.9189182],[-80.0903363,44.8620147],[-80.1465987,44.7580739],[-80.2010219,44.7904683]]]]}},{"type":"Feature","properties":{"name":"J'rai","historical_entity":"J'rai","ohm_relation_id":2745594,"start_date":"1471","end_date":"1712","admin_level":"2","boundary":"administrative","source":null,"_historical_overlay":true},"geometry":{"type":"MultiPolygon","coordinates":[[[[107.4912364,13.0176243],[107.4130685,13.0617106],[107.3679292,13.2768694],[107.2671468,13.3608759],[107.090614,13.3105262],[106.9616401,13.5086748],[106.8308239,13.4265239],[106.8327637,13.8717146],[106.9106722,14.0282454],[107.0567732,14.0937036],[107.1037397,14.0475801],[107.2322957,14.1313933],[107.2968256,14.4311111],[107.5573815,14.6868679],[107.5053578,14.7858579],[107.5915318,14.87336],[107.4677565,15.0069982],[107.6215265,15.05085],[107.6189936,15.4093487],[107.7352149,15.2305513],[107.9659026,15.1691374],[107.9717299,15.012108],[108.1077029,14.9513492],[108.1626002,15.0610142],[108.250081,15.0263771],[108.394305,14.8264123],[108.5164043,14.7737609],[108.481969,14.6254183],[108.627974,14.5444679],[108.6660632,14.1656726],[108.7575378,14.0367591],[108.8526038,13.5760805],[108.7488939,13.5665651],[108.7031118,13.4867704],[108.7953283,13.47188],[108.8733484,13.2797577],[108.7562849,13.0329329],[108.6723889,12.9943985],[108.8692502,12.8158121],[108.9710111,12.8157452],[108.9918291,12.6917866],[108.9036123,12.6750729],[108.8322879,12.5497396],[108.7233173,12.5591731],[108.5906363,12.4767588],[108.4056282,12.5611952],[108.17575,12.4912249],[107.9659553,12.5932886],[107.8958144,12.5570825],[107.9112617,12.7386902],[107.7805057,12.9084594],[107.4912364,13.0176243]]]]}},{"type":"Feature","properties":{"name":"Kauthara","historical_entity":"Kauthara","ohm_relation_id":2745595,"start_date":"1471","end_date":"1652","admin_level":"2","boundary":"administrative","source":null,"_historical_overlay":true},"geometry":{"type":"MultiPolygon","coordinates":[[[[109.4354665,12.7912818],[109.3679929,12.8685893],[109.1693979,12.8267985],[108.9948354,12.7064588],[108.9710111,12.8157452],[108.8692502,12.8158121],[108.7034082,12.9433104],[108.6723889,12.9943985],[108.7562849,13.0329329],[108.7618886,13.1348472],[108.8704645,13.2462075],[108.7959634,13.4655863],[108.7130166,13.4648852],[108.7488939,13.5665651],[108.9941584,13.5165767],[109.1907107,13.6934653],[109.4033837,13.6515826],[109.3550271,13.1458074],[109.5145913,12.8850507],[109.4354665,12.7912818]]]]}},{"type":"Feature","properties":{"name":"Panduranga","historical_entity":"Panduranga","ohm_relation_id":2745599,"start_date":"1471","end_date":"1659-01-01","admin_level":"2","boundary":"administrative","source":null,"_historical_overlay":true},"geometry":{"type":"MultiPolygon","coordinates":[[[[109.0211716,10.5097313],[108.9569503,10.4313807],[108.8688109,10.5422889],[108.9656746,10.6172987],[109.0211716,10.5097313]]],[[[109.0400949,9.9404945],[109.0038786,10.0258203],[109.0937577,10.0273209],[109.1318908,9.9451289],[109.0400949,9.9404945]]],[[[109.4354665,12.7912818],[109.5126724,12.6515837],[109.3851276,12.4367513],[109.4270232,12.2721855],[109.3866149,12.1567054],[109.2541931,12.0890469],[109.3550607,12.0973002],[109.3800094,12.0189284],[109.2807276,11.6965766],[109.1838826,11.5398181],[109.0676548,11.4946737],[109.0514672,11.3164064],[108.8602397,11.2784918],[108.8756991,11.1940823],[108.7223931,11.1121349],[108.5526863,11.1053858],[108.3121324,10.8636996],[108.1158121,10.8660176],[108.0132586,10.6464276],[107.8961237,10.6652547],[107.6058928,10.524361],[107.5026367,10.7647507],[107.5736187,10.8149171],[107.5597485,10.9377428],[107.3941467,11.0495163],[107.5292803,11.3626921],[107.4301974,11.424568],[107.4419047,11.5164232],[107.366932,11.5184777],[107.3620397,11.581379],[107.3113824,11.553647],[107.2856332,11.7246368],[107.5530654,11.7920295],[107.690446,11.919961],[107.7899358,11.8610798],[107.9210823,12.0822297],[107.8729154,12.1565428],[108.0012604,12.2768085],[107.9129269,12.4017948],[108.0020858,12.4753231],[107.8958144,12.5570825],[107.9659553,12.5932886],[108.17575,12.4912249],[108.4056282,12.5611952],[108.5906363,12.4767588],[108.7233173,12.5591731],[108.8322879,12.5497396],[108.9036123,12.6750729],[109.1693979,12.8267985],[109.3679929,12.8685893],[109.4354665,12.7912818]]]]}},{"type":"Feature","properties":{"name":"Cochinchina (1558-1653)","historical_entity":"Cochinchina (1558-1653)","ohm_relation_id":2747939,"start_date":"1558","end_date":"1652","admin_level":"2","boundary":"administrative","source":null,"_historical_overlay":true},"geometry":{"type":"MultiPolygon","coordinates":[[[[109.1955462,15.4061275],[109.1264251,15.3151389],[109.0321681,15.3928583],[109.074406,15.4861444],[109.1955462,15.4061275]]],[[[108.6544289,15.8556208],[108.7383674,15.8493824],[108.7328954,15.7697257],[108.6507804,15.775935],[108.6544289,15.8556208]]],[[[107.3706536,17.2109137],[107.3906064,17.123722],[107.3053971,17.1083659],[107.2849808,17.1918132],[107.3706536,17.2109137]]],[[[106.5440468,17.7246981],[106.7430399,17.4320659],[107.1521294,17.1230058],[107.2888534,16.8870647],[107.9182035,16.4209001],[108.0633154,16.3821713],[108.1336877,16.269554],[108.2314155,16.2778012],[108.3608381,16.1844989],[108.3924108,16.1005167],[108.3146381,16.0427756],[108.3619747,15.9679828],[108.4411582,16.0314118],[108.5839704,15.9885059],[108.586821,15.8735231],[108.458532,15.8802076],[108.4762685,15.8115438],[108.7552415,15.4646333],[108.8700538,15.4556931],[108.9929722,15.25986],[108.9597978,15.0839342],[109.1304488,14.7129787],[109.1794043,14.3815976],[109.2557179,14.187321],[109.3477252,14.151627],[109.277493,14.0865188],[109.4061628,13.893247],[109.3051544,13.6740813],[109.1562067,13.6781542],[108.9941584,13.5165767],[108.8674551,13.5357703],[108.8277473,13.7919551],[108.7438049,13.9094574],[108.7575378,14.0367591],[108.6660632,14.1656726],[108.635044,14.52583],[108.4808704,14.6280095],[108.5164043,14.7737609],[108.1770369,15.0602683],[108.149348,14.9623448],[107.990029,14.9985781],[107.9516112,15.0542509],[107.9999209,15.1561563],[107.7352149,15.2305513],[107.6382135,15.4153096],[107.5593363,15.3944686],[107.4694716,15.4982292],[107.3823191,15.4934982],[107.3347449,15.6219115],[107.2760024,15.6349053],[107.2109942,15.8261614],[107.397264,15.889934],[107.4565999,16.0821158],[107.333138,16.0549072],[107.1593674,16.1679458],[107.0889165,16.3111053],[106.9719796,16.3028314],[106.8627778,16.5410178],[106.7402985,16.410823],[106.6873749,16.4394361],[106.6673436,16.5841252],[106.5857449,16.6011986],[106.5512784,16.6943168],[106.5493592,17.0051818],[106.4296082,17.0045087],[106.3037774,17.2952444],[106.2497041,17.2437727],[106.1346223,17.3347892],[105.9328969,17.2199486],[105.8210142,17.2335092],[105.7259493,17.3147951],[105.7204218,17.4362736],[105.4854861,17.4879369],[105.249053,17.7038192],[105.3441255,17.7188183],[105.5128514,17.9300894],[105.8954345,18.0900291],[106.1683418,17.9146907],[106.5512043,18.0024035],[106.5865291,17.9199104],[106.5018017,17.8324923],[106.5440468,17.7246981]]]]}},{"type":"Feature","properties":{"name":"Bầu lords","historical_entity":"Bầu lords","ohm_relation_id":2748017,"start_date":"1527","end_date":"1698","admin_level":"2","boundary":"administrative","source":null,"_historical_overlay":true},"geometry":{"type":"MultiPolygon","coordinates":[[[[105.7350826,23.0368492],[105.855031,22.969813],[105.8798556,22.8153337],[105.5316107,22.6331965],[105.5982483,22.5225311],[105.5631822,22.4035345],[105.4356549,22.2586569],[105.4277414,22.1598051],[105.3016561,22.1942999],[105.2885135,22.0647509],[105.2088798,21.9840858],[105.1880346,21.8517427],[105.2932638,21.7738327],[105.2352456,21.6585773],[105.0924094,21.7197469],[104.9383556,21.6519211],[104.3412557,22.1640576],[103.9640634,22.5057527],[104.0122752,22.5238465],[104.048332,22.9362231],[104.8478578,22.9790515],[104.9358345,23.0443384],[104.9798141,22.9435834],[105.0067306,23.0008125],[105.301803,22.8751649],[105.3748097,22.9896069],[105.4887757,23.0086478],[105.5314679,23.1106173],[105.7350826,23.0368492]]]]}},{"type":"Feature","properties":{"name":"Dai Viet (Mạc dynasty)","historical_entity":"Dai Viet (Mạc dynasty)","ohm_relation_id":2748460,"start_date":"1554","end_date":"1676","admin_level":"2","boundary":"administrative","source":null,"_historical_overlay":true},"geometry":{"type":"MultiPolygon","coordinates":[[[[107.9238274,21.1748875],[107.9104564,21.0018644],[107.7430253,20.8908805],[107.6764239,20.9999651],[107.736354,21.1332697],[107.9533804,21.2991495],[108.0766144,21.2022638],[108.0322262,21.1382598],[107.9238274,21.1748875]]],[[[107.7965266,20.1313719],[107.7285018,20.0725897],[107.6605248,20.1417307],[107.7443333,20.1991636],[107.7965266,20.1313719]]],[[[108.0992889,21.4351336],[107.9769974,21.3108322],[107.7536674,21.2313715],[107.4809533,20.669894],[107.2538891,20.7617754],[107.1807405,20.6845005],[107.2606598,20.5889678],[107.1530617,20.5591444],[106.859413,20.7334786],[106.8555485,20.6250313],[106.75602,20.6334338],[106.6418522,20.5398947],[106.6812237,20.4401578],[106.6240925,20.1815007],[106.407718,20.1480698],[106.0653255,19.8161366],[106.0067968,19.8532588],[106.0148126,20.0633206],[105.7397253,20.1856086],[105.5408886,20.3678394],[105.3450916,20.3908827],[104.8947055,20.6706704],[104.8019719,20.5817772],[104.6862035,20.5943598],[104.2923487,20.9226933],[104.1055639,20.9765907],[104.0318228,20.9018503],[103.8996886,20.9029295],[103.6834065,20.6615695],[103.4674565,20.8261159],[103.4004742,20.7827894],[103.2285553,20.8429457],[103.2124535,20.8910824],[103.2981788,20.9476477],[103.285287,21.0931916],[103.4242812,21.0696463],[103.4392157,21.2884573],[103.3296786,21.4151134],[103.4471183,21.4350076],[103.6185801,21.6934409],[103.497061,21.9695147],[103.5855352,22.1846793],[103.2594236,22.5027518],[103.293073,22.6306857],[103.2346203,22.6585036],[103.322129,22.811562],[103.440155,22.753466],[103.5301655,22.5950713],[103.661404,22.788197],[104.9383556,21.6519211],[105.0924094,21.7197469],[105.2352456,21.6585773],[105.2932638,21.7738327],[105.1880346,21.8517427],[105.2088798,21.9840858],[105.2885135,22.0647509],[105.3016561,22.1942999],[105.4277414,22.1598051],[105.4356549,22.2586569],[105.5631822,22.4035345],[105.5982483,22.5225311],[105.5316107,22.6331965],[105.8243231,22.7471193],[105.8798556,22.8153337],[105.8457979,22.9249748],[105.9563112,22.9502923],[106.1999202,22.9866048],[106.258061,22.877186],[106.3486634,22.8557517],[106.5256754,22.9485012],[106.8278165,22.813645],[106.7285192,22.5941421],[106.6111028,22.6052456],[106.557473,22.45882],[106.559923,22.348441],[106.6906142,22.2777144],[106.6904962,21.9643304],[106.7652333,22.012799],[106.9611901,21.9194434],[107.023811,21.94478],[107.063737,21.89576],[107.0087618,21.827864],[107.2221208,21.7077753],[107.3010528,21.742649],[107.3628429,21.59946],[107.463482,21.66349],[107.542544,21.589431],[107.859082,21.654381],[107.9548198,21.536853],[108.0475611,21.5377383],[108.0992889,21.4351336]]]]}},{"type":"Feature","properties":{"name":"Đại Việt - Chúa Trịnh","historical_entity":"Đại Việt - Chúa Trịnh","ohm_relation_id":2748461,"start_date":"1558","end_date":"1676","admin_level":"2","boundary":"administrative","source":null,"_historical_overlay":true},"geometry":{"type":"MultiPolygon","coordinates":[[[[106.0067968,19.8532588],[105.8642162,19.5223323],[105.8665649,19.4139463],[105.9686441,19.4228324],[105.9858742,19.332014],[105.7901955,19.1780611],[105.7905925,19.0817816],[105.6853863,19.0312169],[105.6798092,18.9413276],[105.8282642,18.8370855],[105.8715428,18.6313908],[106.05406,18.3921428],[106.2025143,18.3519814],[106.3815104,18.1685038],[106.5266906,18.156932],[106.5512043,18.0024035],[106.1683418,17.9146907],[105.8954345,18.0900291],[105.5128514,17.9300894],[105.3441255,17.7188183],[105.249053,17.7038192],[104.6450184,18.1793468],[104.3428265,18.452913],[104.1039758,18.7952223],[103.8785329,18.8707064],[103.8668126,19.0245458],[103.5682248,19.0782697],[103.4702576,19.1544366],[103.2119337,19.1154267],[103.0376974,19.1851239],[102.8927465,19.0487831],[102.823052,19.2544998],[102.6554267,19.4424254],[102.6737258,19.5307675],[102.9314374,19.7177587],[102.9442605,19.8253616],[103.1362638,19.9208364],[103.4681383,19.8656069],[103.5961977,19.9078517],[103.5070883,20.1043022],[103.5029684,20.4632869],[103.7449128,20.6756713],[103.8136691,20.8639881],[104.0318228,20.9018503],[104.1055639,20.9765907],[104.2923487,20.9226933],[104.6862035,20.5943598],[104.8019719,20.5817772],[104.8947055,20.6706704],[105.3450916,20.3908827],[105.5374554,20.3699797],[105.7397253,20.1856086],[106.0148126,20.0633206],[106.0067968,19.8532588]]]]}},{"type":"Feature","properties":{"name":"Principality of Neuchâtel","historical_entity":"Principality of Neuchâtel","ohm_relation_id":2748495,"start_date":"1648-10-24","end_date":"1707-06-16","admin_level":"2","boundary":"administrative","source":null,"_historical_overlay":true},"geometry":{"type":"MultiPolygon","coordinates":[[[[6.436365,46.921317],[6.6895579,47.008587],[6.7088321,47.0845921],[6.8614983,47.1655883],[6.869201,47.0874235],[7.0278161,47.1271482],[7.0884126,47.0597155],[6.7792504,46.8536179],[6.7222588,46.9343236],[6.4838218,46.8468669],[6.436365,46.921317]]]]}},{"type":"Feature","properties":{"name":"Kingdom of Sicily","historical_entity":"Kingdom of Sicily","ohm_relation_id":2750111,"start_date":"1516","end_date":"1713","admin_level":"2","boundary":"administrative","source":"https://commons.wikimedia.org/wiki/File:Map_of_Italy_in_the_early_14th_century.png","_historical_overlay":true},"geometry":{"type":"MultiPolygon","coordinates":[[[[12.0099259,38.0319318],[12.1012803,38.0171099],[12.1329567,37.9212367],[12.007265,37.9286748],[12.0099259,38.0319318]]],[[[15.2463996,38.8494609],[15.2889933,38.7802518],[15.1896945,38.7345571],[15.1381987,38.8073961],[15.2463996,38.8494609]]],[[[15.0037777,38.6118942],[15.0260727,38.67503],[15.1062453,38.6789094],[15.1050237,38.5957061],[15.0037777,38.6118942]]],[[[14.8638264,38.447517],[14.7520025,38.5384129],[14.7598298,38.6031317],[14.8865031,38.6218283],[14.9511708,38.5647672],[15.0320043,38.4935601],[15.04897,38.3508684],[14.9402253,38.3390862],[14.8638264,38.447517]]],[[[14.4910354,38.595977],[14.5928501,38.6206405],[14.646967,38.5544723],[14.5302549,38.52118],[14.4910354,38.595977]]],[[[14.4000322,38.5841761],[14.405781,38.51101],[14.3296914,38.4917753],[14.2907256,38.5639331],[14.4000322,38.5841761]]],[[[13.1561039,38.7580082],[13.2534569,38.7135574],[13.184148,38.6501594],[13.1022028,38.6834064],[13.1561039,38.7580082]]],[[[15.3390535,37.8175537],[15.1395022,37.4597851],[15.1442961,37.3649531],[15.3006231,37.2678194],[15.267817,37.1912966],[15.3879368,36.9911071],[15.1957217,36.8854229],[15.1508704,36.7840818],[15.1857012,36.6571414],[15.0866861,36.6064133],[14.4710127,36.7481063],[14.2244699,37.0246358],[13.8652794,37.0610633],[13.1439132,37.4520033],[12.9894118,37.4607399],[12.9258589,37.5320414],[12.6507099,37.5220431],[12.4352618,37.6719477],[12.3857484,37.8659581],[12.24989,37.8862883],[12.2287293,37.9601224],[12.3112177,38.0588146],[12.4428747,38.035383],[12.6045019,38.1106878],[12.7265568,38.2314456],[12.9161774,38.0684056],[13.0774023,38.2262706],[13.3270096,38.2656481],[13.4293163,38.1406871],[13.563751,38.1492094],[13.6006697,38.0722645],[13.7615731,38.0140729],[14.0153033,38.0832825],[14.5073842,38.082379],[14.9135257,38.2334863],[15.1021733,38.1721643],[15.2155242,38.3112762],[15.3053036,38.2527832],[15.5418041,38.3433905],[15.6887963,38.299567],[15.3390535,37.8175537]]]]}},{"type":"Feature","properties":{"name":"Republic of Cospaia","historical_entity":"Republic of Cospaia","ohm_relation_id":2750737,"start_date":"1440","end_date":"1826-05-25","admin_level":"2","boundary":"administrative","source":null,"_historical_overlay":true},"geometry":{"type":"MultiPolygon","coordinates":[[[[12.1511693,43.5294157],[12.142032,43.5362993],[12.1720266,43.5728927],[12.1511693,43.5294157]]]]}},{"type":"Feature","properties":{"name":"Duchy of Parma and Piacenza","historical_entity":"Duchy of Parma and Piacenza","ohm_relation_id":2750993,"start_date":"1648-10-24","end_date":"1748-10-18","admin_level":"2","boundary":"administrative","source":"https://commons.wikimedia.org/wiki/File:Europe_about_1560.jpg","_historical_overlay":true},"geometry":{"type":"MultiPolygon","coordinates":[[[[9.3708201,45.0481538],[9.5406113,45.080654],[9.5407349,45.1365944],[9.6997832,45.1517291],[9.7802897,45.0894897],[9.9793426,45.1334156],[10.0578004,45.0335507],[10.4106188,44.9832261],[10.5075525,44.9146294],[10.4656812,44.8548811],[10.5833338,44.8769339],[10.4296143,44.7655899],[10.446453,44.5646062],[10.3420829,44.5518242],[10.479635,44.4941176],[10.2680107,44.5078307],[10.2947902,44.4491],[10.1796171,44.3250961],[9.9240016,44.4729912],[9.6842231,44.3621999],[9.6057302,44.4348787],[9.4382862,44.4183944],[9.5052032,44.5293351],[9.4086742,44.5600197],[9.3657187,44.6852241],[9.4462674,44.7774494],[9.2913263,44.9250814],[9.3708201,45.0481538]]]]}},{"type":"Feature","properties":{"name":"Duchy of Mantua","historical_entity":"Duchy of Mantua","ohm_relation_id":2751406,"start_date":"1648-10-24","end_date":"1708","admin_level":"2","boundary":"administrative","source":null,"_historical_overlay":true},"geometry":{"type":"MultiPolygon","coordinates":[[[[11.0075712,45.1764102],[11.0086655,45.175669],[11.0096526,45.1756539],[11.0102963,45.1755027],[11.0111117,45.1758354],[11.0139227,45.1751699],[11.0150814,45.1737329],[11.0147595,45.1733244],[11.0158109,45.1728857],[11.0158968,45.1724017],[11.0167765,45.1721596],[11.0177851,45.1711915],[11.0177421,45.1707074],[11.0183859,45.1697695],[11.019566,45.1693913],[11.0194802,45.1688618],[11.0200381,45.1681508],[11.0173559,45.1670162],[11.0189438,45.1655638],[11.0147381,45.1635214],[11.015253,45.1627044],[11.0137081,45.1616604],[11.0140943,45.1612519],[11.0098457,45.1581199],[11.0085797,45.1586343],[11.0074639,45.16045],[11.0072708,45.1612973],[11.0080862,45.1629162],[11.0086226,45.1637332],[11.007936,45.163945],[11.0074639,45.1655941],[11.0062408,45.1655335],[11.0060048,45.1663505],[11.0061121,45.1686047],[11.0063695,45.1731127],[11.0058975,45.1755632],[11.0075712,45.1764102]]],[[[10.5342742,45.0453024],[10.4132885,45.0422696],[10.4924675,45.1324171],[10.3124791,45.2018544],[10.4855917,45.179496],[10.5144308,45.2576096],[10.4289865,45.3214354],[10.5393216,45.3123221],[10.6873974,45.4238467],[10.7282391,45.2915091],[10.935584,45.2326418],[11.0746957,45.0977593],[11.2041064,45.1124392],[11.1735677,45.071096],[11.426742,44.9500835],[10.9972065,44.9549511],[10.8562088,44.8654662],[10.8756065,44.9216643],[10.7282824,44.9919495],[10.4952478,44.9184432],[10.6040382,45.009659],[10.5342742,45.0453024]]]]}},{"type":"Feature","properties":{"name":"Kingdom of Imerina","historical_entity":"Kingdom of Imerina","ohm_relation_id":2801043,"start_date":"1540","end_date":"1750","admin_level":"2","boundary":"administrative","source":null,"_historical_overlay":true},"geometry":{"type":"MultiPolygon","coordinates":[[[[48.8350203,-12.2223655],[48.7592287,-12.2450322],[48.7398506,-12.1699089],[48.8129236,-12.1486502],[48.8350203,-12.2223655]]],[[[48.6450477,-12.2068431],[48.6949646,-12.2700821],[48.6228946,-12.3172333],[48.58121,-12.2555161],[48.6450477,-12.2068431]]],[[[48.6020873,-13.0443662],[48.517143,-13.0778109],[48.4301477,-12.9669677],[48.6247958,-12.7118852],[48.7030485,-12.674337],[48.7465485,-12.7468649],[48.6020873,-13.0443662]]],[[[48.805204,-12.9557607],[48.7703932,-13.0291289],[48.7015738,-12.9903969],[48.7378188,-12.9198873],[48.805204,-12.9557607]]],[[[43.7908471,-17.538314],[43.7168607,-17.5160648],[43.740035,-17.4459736],[43.8136758,-17.4676034],[43.7908471,-17.538314]]],[[[43.773681,-18.3633229],[43.6996946,-18.3411773],[43.7228689,-18.2714113],[43.7965097,-18.2929408],[43.773681,-18.3633229]]],[[[43.9814199,-18.4302143],[43.9076135,-18.4789138],[43.8757379,-18.4055188],[43.9459681,-18.3628327],[43.9814199,-18.4302143]]],[[[43.9293026,-18.6424676],[43.7525663,-18.5164125],[43.8004121,-18.4312111],[43.9784708,-18.5665406],[43.9293026,-18.6424676]]],[[[43.762008,-21.0489379],[43.6988291,-21.1211598],[43.6303905,-21.086056],[43.708621,-20.8591448],[43.7352285,-20.7885347],[43.812868,-20.8186985],[43.762008,-21.0489379]]],[[[48.2866065,-13.5161374],[48.2005464,-13.5255334],[48.1017789,-13.342535],[48.132814,-13.2134091],[48.3185267,-13.1475205],[48.4015317,-13.3128555],[48.4867548,-13.2491337],[48.5773385,-13.3914265],[48.6848943,-13.3832435],[48.8805553,-12.8678536],[48.762788,-12.5446342],[48.618823,-12.4818463],[48.6459512,-12.3525413],[48.7065879,-12.3210777],[48.9016086,-12.3924049],[48.9409961,-12.1036472],[49.2970083,-11.9046168],[49.4659893,-12.2938769],[49.6034708,-12.3812652],[49.6556645,-12.6187441],[49.9205798,-12.7886953],[49.9777031,-13.1735309],[50.1981115,-13.8056688],[50.2755378,-14.7388733],[50.5400663,-15.2739361],[50.3840819,-15.8414246],[50.2281413,-16.035405],[50.1335062,-16.0402086],[49.9778249,-15.9033896],[49.8409463,-15.4855688],[49.7955621,-15.5896391],[49.7050735,-15.5230682],[49.6733319,-15.5627849],[49.7847509,-15.8975397],[49.7263217,-16.0326507],[49.9062872,-16.2182285],[49.8890105,-16.5785696],[49.7773558,-16.7476278],[49.8752933,-16.7989681],[50.0035676,-16.649148],[50.0737182,-16.7292156],[49.830581,-17.168018],[49.7451954,-17.1201398],[49.8133014,-16.8983792],[49.6390282,-16.9375318],[49.4768661,-17.3044407],[49.5746374,-17.6874588],[49.4804565,-18.173534],[48.9274615,-19.5935628],[48.867282,-19.9503912],[48.6586821,-20.402151],[48.3619109,-21.4348082],[48.0001638,-22.3255734],[47.6409331,-23.8132573],[47.254251,-24.7157393],[47.147366,-25.0130702],[46.994735,-25.1114036],[46.6562113,-25.242353],[46.4906789,-25.2115123],[46.120528,-25.3026198],[45.4813609,-25.6299052],[45.1435754,-25.6507695],[44.733811,-25.3664491],[44.334707,-25.3135729],[44.2814467,-25.2065356],[44.1779189,-25.2620233],[44.2261472,-25.1674846],[44.0218618,-25.0689617],[43.8683216,-24.6281809],[43.6283305,-24.3736363],[43.6158885,-23.8812269],[43.5456946,-23.635289],[43.6897992,-23.5449481],[43.7041295,-23.4698659],[43.5795787,-23.3589166],[43.5463222,-23.0948981],[43.3131603,-22.8479747],[43.1330206,-22.0043776],[43.2466479,-21.8432646],[43.1774764,-21.8416792],[43.1651468,-21.7777975],[43.414887,-21.6049117],[43.3850195,-21.4289852],[43.4487314,-21.2917379],[43.7452051,-21.2081224],[43.8524789,-20.8252464],[44.0089719,-20.6530536],[44.0694589,-20.4519093],[44.1891554,-20.3489967],[44.4233154,-19.922683],[44.3406086,-19.7903065],[44.4031075,-19.4371314],[44.2003062,-19.1318237],[44.1919526,-18.7964172],[43.9792064,-18.3860842],[43.979818,-17.8168418],[43.9023021,-17.728693],[43.8702565,-17.506904],[44.0488595,-17.1366529],[44.3817319,-16.6741342],[44.4113709,-16.5012724],[44.3504431,-16.3262799],[44.4031686,-16.1636978],[44.8275526,-16.1593129],[45.1916377,-15.8962682],[45.5719343,-15.9036432],[45.5556847,-15.818375],[45.6333408,-15.737918],[45.8208695,-15.7293333],[45.8913295,-15.6537607],[45.991895,-15.7370332],[46.1007564,-15.6597112],[46.2610033,-15.6711444],[46.4284763,-15.4740468],[46.8335971,-15.1886347],[46.9943314,-15.1664527],[47.4234256,-14.6272882],[47.5414404,-14.682619],[47.5675735,-14.8108191],[47.6413196,-14.6725608],[47.5610213,-14.6718816],[47.5165655,-14.5552186],[47.5614414,-14.4637874],[47.6435026,-14.4710822],[47.5833488,-14.3452483],[47.750545,-14.1912314],[47.6818257,-14.1189494],[47.7362905,-14.0518662],[47.7138115,-13.9197628],[47.7911829,-13.8819104],[47.872865,-14.0009768],[47.8912147,-13.9643343],[47.7581186,-13.5603577],[47.8960482,-13.5366116],[47.9567592,-13.4520442],[48.0802607,-13.4756048],[48.254705,-13.7498173],[48.2866065,-13.5161374]]]]}},{"type":"Feature","properties":{"name":"Monastic State of the Order of Malta","historical_entity":"Monastic State of the Order of Malta","ohm_relation_id":2801186,"start_date":"1530","end_date":"1753","admin_level":"2","boundary":"administrative","source":null,"_historical_overlay":true},"geometry":{"type":"MultiPolygon","coordinates":[[[[14.4608598,35.9950951],[14.6235687,35.8857024],[14.6045142,35.7935285],[14.5051026,35.7642411],[14.3121876,35.8382777],[14.2669828,35.9688517],[14.1388781,36.016801],[14.1389585,36.0958979],[14.2652224,36.1216927],[14.4608598,35.9950951]]]]}},{"type":"Feature","properties":{"name":"Commonwealth","historical_entity":"Commonwealth","ohm_relation_id":2802013,"start_date":"1649-08","end_date":"1652-02","admin_level":"2","boundary":"administrative","source":null,"_historical_overlay":true},"geometry":{"type":"MultiPolygon","coordinates":[[[[-3.0561543,54.9869477],[-3.0509259,55.0527985],[-2.8968765,55.0779448],[-2.5590026,55.3178481],[-2.166528,55.4674676],[-2.3360923,55.6321717],[-2.2342667,55.6413087],[-2.0861144,55.7930487],[-1.9691495,55.844872],[-1.6913643,55.678256],[-1.5515932,55.6835835],[-1.4496091,55.3398383],[-1.4825025,55.2797456],[-1.2730885,54.9788192],[-1.222528,54.7912222],[-1.0619844,54.6708825],[-0.518434,54.5201133],[-0.2989085,54.2865314],[-0.0050351,54.1437826],[-0.1238502,54.0036252],[0.2033145,53.6699488],[0.2300325,53.5945918],[0.1761115,53.5406624],[0.3084965,53.4216567],[0.4531857,53.1362677],[0.6544438,53.0368696],[1.3288815,52.9796218],[1.6672072,52.82479],[1.80512,52.6842691],[1.8449733,52.4815707],[1.6581136,52.0730073],[1.2922207,51.7831608],[1.028905,51.7205905],[1.0284161,51.5941153],[0.8329627,51.4819509],[1.0077849,51.4131509],[1.4419912,51.4425525],[1.5279921,51.3861381],[1.4621395,51.1294705],[1.0625941,50.996121],[1.0173631,50.868843],[0.7907655,50.8788459],[0.2534398,50.6851114],[-0.2230578,50.7774438],[-0.7775307,50.6727997],[-0.9975177,50.7339031],[-1.0052196,50.6553324],[-1.1166245,50.5705674],[-1.2850501,50.5253724],[-1.6379855,50.6217936],[-1.6623244,50.683611],[-1.8495708,50.6681831],[-1.9157347,50.5497978],[-2.3450418,50.5768648],[-2.4536667,50.4631606],[-2.6194488,50.593659],[-2.8864547,50.6799717],[-3.3913064,50.5553951],[-3.4456235,50.3275188],[-3.6905787,50.1557654],[-4.3801461,50.3110458],[-4.6914569,50.2657261],[-4.7420214,50.1851606],[-4.9988508,50.0901175],[-5.0008916,50.0110758],[-5.1674355,49.9135598],[-5.3006705,49.9403945],[-5.4091318,50.0490743],[-5.6633275,49.985125],[-5.7938943,50.0269185],[-5.8228644,50.077454],[-5.7305955,50.1998256],[-5.3129097,50.3184271],[-5.1188721,50.4741037],[-5.0978784,50.5806622],[-4.8455047,50.6486554],[-4.6383835,50.8091449],[-4.6122767,51.0000313],[-4.7538842,51.153216],[-4.7340442,51.2379367],[-4.2791156,51.2273878],[-3.5960567,51.3168625],[-3.8914862,51.5574383],[-4.2083525,51.4858475],[-4.3794945,51.5240248],[-4.3771314,51.6413293],[-4.4348055,51.6837568],[-4.6022518,51.6868284],[-4.6397105,51.588308],[-4.9513617,51.5471779],[-5.2386672,51.6497004],[-5.6969039,51.6734337],[-5.7491431,51.7265798],[-5.5161669,51.8075535],[-5.4326185,51.944747],[-4.5417427,52.192557],[-4.2004147,52.3635129],[-4.1354202,52.4982358],[-4.2101044,52.6185873],[-4.1426022,52.709139],[-4.222788,52.8655084],[-4.3896053,52.8320423],[-4.4985867,52.7310791],[-4.8823831,52.7342779],[-4.787731,52.886746],[-4.4209613,53.0699737],[-4.7629329,53.2641757],[-4.7731397,53.3310785],[-4.6523178,53.3765242],[-4.6770207,53.4525812],[-4.4208051,53.4845118],[-4.2370681,53.456949],[-4.1440488,53.366377],[-3.6117309,53.3424763],[-3.1328764,53.4706781],[-3.188598,53.5486044],[-3.0850537,53.7054898],[-3.1432533,53.7813188],[-3.1070716,53.9778976],[-3.2830393,54.0222099],[-3.7255901,54.5138818],[-3.466624,54.909507],[-3.0561543,54.9869477]]]]}},{"type":"Feature","properties":{"name":"Irish Catholic Confederation","historical_entity":"Irish Catholic Confederation","ohm_relation_id":2802030,"start_date":"1642","end_date":"1652-05","admin_level":"2","boundary":"administrative","source":null,"_historical_overlay":true},"geometry":{"type":"MultiPolygon","coordinates":[[[[-8.4793385,54.5196047],[-8.9233816,54.6729697],[-8.561156,54.9204359],[-8.6599443,54.968068],[-8.6319219,55.0441081],[-8.2598841,55.2137816],[-8.3270513,55.2997913],[-8.1623037,55.3096217],[-8.0943619,55.2373281],[-7.5877735,55.3189494],[-7.246429,55.4995316],[-6.8416458,55.2193608],[-6.2794761,55.3592294],[-6.1191071,55.3418528],[-5.9505422,55.1849161],[-5.88809,55.0114864],[-5.6300046,54.8515013],[-5.6296909,54.7295441],[-5.432664,54.7163504],[-5.4455462,54.6267836],[-5.3488896,54.4827973],[-5.4240916,54.3082548],[-5.6206693,54.1817419],[-5.7925059,54.1941515],[-5.8269774,54.0774653],[-6.0890243,53.9400474],[-6.2849205,53.9420269],[-6.1510007,53.8724585],[-6.1494368,53.6793544],[-5.9352351,53.6316989],[-5.9852628,53.5500052],[-5.9071073,53.4988205],[-6.0225229,53.3133456],[-5.9157461,52.9441794],[-6.300406,52.3037494],[-6.1266871,52.1863671],[-6.4896992,52.1364448],[-6.6224383,52.0579154],[-6.7155848,52.1464985],[-6.900512,52.0754381],[-7.4208624,52.0722591],[-7.5371602,51.9471483],[-7.948066,51.7775319],[-8.2141854,51.7380705],[-8.5008157,51.5556477],[-9.036862,51.4980321],[-9.4857323,51.3723636],[-9.6095615,51.4323177],[-9.8711336,51.4059971],[-9.9350914,51.5614569],[-10.2892965,51.5253612],[-10.3826163,51.6137678],[-10.1842071,51.6828163],[-10.6232238,51.7415759],[-10.6135808,51.8034691],[-10.4981413,51.8431082],[-10.4831181,51.9404046],[-10.2260924,52.0599862],[-10.6202299,51.9837746],[-10.7580924,52.0995987],[-9.7868228,52.5168172],[-9.9580538,52.5064567],[-10.0233877,52.5637592],[-9.522471,52.8907333],[-9.5199358,52.9942903],[-9.9092924,53.1032136],[-9.9478567,53.1561717],[-9.8861201,53.1990716],[-10.0661409,53.2170753],[-10.088844,53.3290898],[-10.3203705,53.3842618],[-10.2513957,53.4753233],[-10.3974384,53.6167331],[-10.226243,53.6868731],[-10.062582,53.85897],[-10.3272785,53.9442803],[-10.3080113,54.0174186],[-10.3978947,54.0866982],[-10.1550586,54.3178253],[-9.8215869,54.4153855],[-8.8368021,54.3148897],[-8.7302692,54.4709358],[-8.4793385,54.5196047]]]]}},{"type":"Feature","properties":{"name":"Colony of Surinam","historical_entity":"Colony of Surinam","ohm_relation_id":2806841,"start_date":"1650","end_date":"1667-03-06","admin_level":"2","boundary":"administrative","source":null,"_historical_overlay":true},"geometry":{"type":"MultiPolygon","coordinates":[[[[-53.9611894,5.8037943],[-54.0077162,5.5512349],[-54.3113313,5.2258062],[-54.4867212,4.9029577],[-54.353861,4.0417182],[-53.9888187,3.6109952],[-54.0193595,3.415374],[-54.2111824,3.1274071],[-54.170203,2.8530569],[-54.3756168,2.4837772],[-54.5203108,2.3489017],[-54.6618211,2.3274313],[-54.7168279,2.3775999],[-54.6963143,2.4622821],[-54.8689735,2.4301464],[-55.0037377,2.5909298],[-55.1030174,2.5256397],[-55.1234039,2.5676235],[-55.3201845,2.5153677],[-55.3853272,2.4183602],[-55.716944,2.399167],[-55.978236,2.5273292],[-56.0218137,2.3424689],[-56.0901225,2.372277],[-56.1388732,2.265745],[-55.9031025,2.0410776],[-55.9038544,1.888028],[-55.9989621,1.8312802],[-56.2440423,1.8780804],[-56.7051904,2.0296447],[-57.0898698,2.7738887],[-57.202266,2.8462357],[-57.2117745,3.0483422],[-57.2333235,3.1416698],[-57.2860335,3.1423933],[-57.3084094,3.3949102],[-57.4762544,3.3389446],[-57.6548482,3.3901301],[-57.6440478,3.5166599],[-57.8297729,3.6624391],[-58.0676912,4.1511431],[-57.953848,4.2990152],[-57.837421,4.65088],[-57.9253743,4.7961425],[-57.8503401,4.9228014],[-57.6869393,5.0062589],[-57.2904777,5.020289],[-57.288979,5.1710292],[-57.189812,5.1692205],[-57.3356945,5.3168859],[-57.1615175,5.6389057],[-57.1806757,5.7549282],[-57.0922942,5.9887322],[-56.9686586,6.0606388],[-56.661096,6.031153],[-56.0050392,5.8599481],[-55.9299397,6.0044421],[-55.8314512,6.0323999],[-55.3556333,6.0208662],[-55.2155786,5.9543847],[-55.0980802,6.0376992],[-54.8178534,6.0391933],[-54.1852223,5.9339345],[-53.9965125,5.8743997],[-53.9611894,5.8037943]]]]}},{"type":"Feature","properties":{"name":"Papal States","historical_entity":"Papal States","ohm_relation_id":2809353,"start_date":"1545","end_date":"1797-02-18","admin_level":"2","boundary":"administrative","source":null,"_historical_overlay":true},"geometry":{"type":"MultiPolygon","coordinates":[[[[14.8483657,41.1636002],[14.8289056,41.0910474],[14.7292343,41.0989691],[14.7476629,41.2213556],[14.8483657,41.1636002]]],[[[12.0872783,43.8548929],[12.0829009,43.8543358],[12.0782661,43.8543358],[12.0768928,43.8521695],[12.0682239,43.8520458],[12.062559,43.8474653],[12.054491,43.8560688],[12.0563792,43.862567],[12.064104,43.8593489],[12.0743178,43.8588538],[12.0756911,43.8571828],[12.0888232,43.8588538],[12.0872783,43.8548929]]],[[[5.2713769,43.8518605],[5.3688805,43.8256111],[5.3022759,43.7909243],[5.2713769,43.8518605]]],[[[5.2205651,44.4245864],[5.2425378,44.4242186],[5.2473448,44.4199272],[5.243911,44.4135517],[5.2360151,44.4099953],[5.2215956,44.4124477],[5.2185052,44.4160041],[5.2205651,44.4245864]]],[[[11.0932208,44.0944575],[11.006467,44.1390345],[10.9033302,44.0630554],[10.8050912,44.1413547],[11.0403222,44.3317288],[11.0488572,44.4159561],[10.989825,44.4403382],[11.0571425,44.5713899],[10.9848889,44.6583215],[11.0780713,44.6469815],[11.1337037,44.7869496],[11.3666868,44.837065],[11.2462057,44.9514386],[11.426742,44.9500835],[11.1774948,45.0972158],[11.4460369,45.068914],[11.7244719,44.9442681],[11.8902966,45.0303477],[12.2837114,44.939318],[12.295804,44.8584385],[12.4478785,44.7719152],[12.3041062,44.7598649],[12.2931983,44.6965741],[12.4348299,44.2380889],[12.7256313,44.0150467],[13.670451,43.5707922],[13.9677199,42.9110133],[13.7509556,42.813601],[13.7222098,42.8546487],[13.5344999,42.8166497],[13.4369999,42.698921],[13.1892099,42.7335869],[13.1464387,42.6471285],[12.8805172,42.6093403],[12.9273891,42.5186752],[12.8629302,42.4820357],[12.8966617,42.3903114],[13.0665206,42.2397021],[13.0925702,42.1575819],[13.0275389,42.0510144],[13.3652478,41.9241366],[13.3673208,41.83048],[13.5064144,41.8006332],[13.5617285,41.6408393],[13.5068329,41.5747688],[13.5302437,41.4801116],[13.4405707,41.4810619],[13.4272903,41.397289],[13.2601429,41.397456],[13.3136884,41.3245842],[13.2608969,41.2425735],[13.0684643,41.181925],[12.8663264,41.3612081],[12.5836062,41.4173639],[12.39519,41.6157578],[12.1797976,41.7202163],[12.1035917,41.887822],[11.7974012,42.0015372],[11.6138976,42.2520254],[11.4248389,42.3425283],[11.4787646,42.4258864],[11.6018115,42.4473866],[11.5881665,42.5661379],[11.7869092,42.651249],[11.807124,42.7425124],[11.7504785,42.806332],[11.9513965,42.8932997],[11.9773462,43.052206],[11.921936,43.1379086],[12.0290039,43.2502236],[12.2150464,43.294872],[12.1387134,43.2999917],[12.0381665,43.4211269],[12.1338574,43.4811672],[12.0975806,43.518279],[12.2138327,43.6108861],[12.1859047,43.6424116],[12.36998,43.7130014],[12.0961712,43.7652396],[12.1525954,43.8682601],[12.0706701,43.9050663],[12.1602773,43.9593063],[11.9116687,43.940212],[11.9563865,43.9631677],[11.9104242,44.1275209],[11.9580497,44.2087586],[11.7643213,44.1971682],[11.6342651,44.1178249],[11.396499,44.2341482],[11.1977563,44.1537392],[11.2635762,44.1042112],[11.0932208,44.0944575]],[[12.2260662,43.8100043],[12.2171399,43.802819],[12.2082135,43.8057923],[12.1975705,43.8062879],[12.1862408,43.8035623],[12.1769711,43.8114908],[12.1687313,43.8035623],[12.1759411,43.8003411],[12.1690747,43.7934024],[12.1862408,43.7829929],[12.1845242,43.7743169],[12.1986004,43.7723336],[12.2154232,43.7829929],[12.2452923,43.7854715],[12.2360226,43.7946415],[12.2391125,43.8008367],[12.2260662,43.8100043]],[[12.162466,43.8991603],[12.1589899,43.8974286],[12.1549987,43.8940269],[12.1567153,43.8927898],[12.1533679,43.8875321],[12.1578741,43.8861402],[12.1625518,43.8860784],[12.166028,43.8888311],[12.1677231,43.8925269],[12.1699332,43.8942433],[12.166543,43.8956659],[12.1654272,43.8976759],[12.162466,43.8991603]]],[[[13.6548015,41.4270508],[13.5519146,41.415022],[13.5943071,41.5040937],[13.7224312,41.4501966],[13.6548015,41.4270508]]],[[[4.7944161,44.0686556],[4.9280545,44.0710607],[4.9596402,44.1551153],[5.0406643,44.1346673],[5.07431,44.1866357],[4.8820492,44.1312175],[4.8497769,44.1787572],[4.7296139,44.1627507],[4.7086712,44.221584],[4.7718426,44.2444614],[4.6763989,44.2552206],[4.6750256,44.3236027],[4.7804257,44.3238483],[4.8271176,44.2356067],[5.0550839,44.3142686],[5.169067,44.3137773],[5.1759335,44.2203538],[5.3846737,44.2004206],[5.3877636,44.1536374],[5.2995297,44.1676763],[5.2978131,44.0569989],[5.4049298,43.9997302],[5.1494976,43.9451254],[5.274639,43.7981107],[5.1290701,43.7511333],[4.9792097,43.8762419],[4.74251,43.9180515],[4.8707196,43.9762637],[4.7944161,44.0686556]],[[5.1004021,44.2540528],[5.0894158,44.2324091],[5.106582,44.2245367],[5.1196282,44.2456914],[5.1004021,44.2540528]]],[[[5.2035712,44.3561989],[5.187177,44.3713556],[5.1899242,44.3805881],[5.1918123,44.3831339],[5.19576,44.3835023],[5.1978205,44.3814164],[5.2038281,44.3837477],[5.1976488,44.3952783],[5.2010815,44.3985903],[5.2124117,44.3987126],[5.2167027,44.3904948],[5.2121543,44.3778583],[5.2105229,44.3566288],[5.2035712,44.3561989]]],[[[4.9579103,44.4197012],[5.1035778,44.4449337],[5.0214379,44.3376013],[4.8520081,44.2988521],[4.9579103,44.4197012]]],[[[4.8381564,44.347668],[4.8381036,44.3399954],[4.8163026,44.3346546],[4.8053162,44.3376013],[4.8094361,44.3601881],[4.8362153,44.3676742],[4.8382758,44.3650354],[4.8381564,44.347668]]],[[[4.732189,44.1403342],[4.7570799,44.1331887],[4.7692679,44.1280139],[4.7823141,44.107803],[4.7811125,44.0999139],[4.7807692,44.0917772],[4.7703987,44.0763726],[4.766178,44.0777203],[4.7610281,44.0869686],[4.7617148,44.0979415],[4.7500418,44.1013932],[4.7344206,44.0980648],[4.7187994,44.1110076],[4.7162245,44.1206204],[4.7260092,44.1387327],[4.732189,44.1403342]]]]}},{"type":"Feature","properties":{"name":"Kingdom of France","historical_entity":"Kingdom of France","ohm_relation_id":2810169,"start_date":"1648-10-24","end_date":"1659-11-07","admin_level":"2","boundary":"administrative","source":null,"_historical_overlay":true},"geometry":{"type":"MultiPolygon","coordinates":[[[[5.3764342,46.3800966],[5.3573797,46.3842413],[5.3692244,46.4233043],[5.3764342,46.3800966]]],[[[5.4237269,47.0897022],[5.4357432,47.0915722],[5.4454421,47.0906372],[5.4507636,47.0938512],[5.4583167,47.0959547],[5.470848,47.0917475],[5.4702472,47.090345],[5.4655265,47.0900529],[5.4638957,47.08754],[5.4672431,47.0843257],[5.4663848,47.0814034],[5.4638099,47.0796499],[5.4635524,47.0766689],[5.4576301,47.0757922],[5.455141,47.0738632],[5.4479312,47.0737462],[5.4445838,47.0749153],[5.4375457,47.079007],[5.4286193,47.0827476],[5.4237269,47.0897022]]],[[[-2.2338853,46.7000544],[-2.3978041,46.6668566],[-2.4498727,46.7222578],[-2.4036704,46.765166],[-2.2338853,46.7000544]]],[[[-1.8592255,48.8381471],[-1.9138461,48.9163916],[-1.7658811,48.9293994],[-1.7083736,48.8593208],[-1.8592255,48.8381471]]],[[[-4.0065768,47.8085742],[-3.9022814,47.7278959],[-3.9439877,47.679754],[-4.0815332,47.7124888],[-4.0885917,47.7877161],[-4.0065768,47.8085742]]],[[[-3.0948523,47.3547025],[-3.0120049,47.3243766],[-3.0364903,47.2658231],[-3.2244313,47.2602342],[-3.2961419,47.2975302],[-3.2931404,47.4087343],[-3.0948523,47.3547025]]],[[[6.4815899,48.9184387],[6.490173,48.9177619],[6.4970395,48.9035463],[6.5045926,48.8990326],[6.5063092,48.8834571],[6.4949795,48.8807479],[6.4936062,48.8893267],[6.4863964,48.8900039],[6.4778134,48.8843602],[6.4774701,48.8947442],[6.4822766,48.9015152],[6.4815899,48.9184387]]],[[[6.5969464,48.949563],[6.6051861,48.9509158],[6.6165158,48.9473083],[6.6268155,48.9515922],[6.6357418,48.9488866],[6.6319653,48.9394159],[6.6271588,48.9385138],[6.6175457,48.9261088],[6.5921399,48.923853],[6.5917965,48.9373862],[6.5979763,48.94122],[6.5969464,48.949563]]],[[[6.2192055,49.3120861],[6.2278747,49.3158908],[6.2331962,49.3141003],[6.2374874,49.3154993],[6.2419506,49.3101276],[6.2523791,49.3074415],[6.2536236,49.3034121],[6.2436673,49.3016212],[6.2433239,49.2973674],[6.2387749,49.2969756],[6.2319514,49.3007537],[6.2280892,49.2991304],[6.2215229,49.3027405],[6.2192055,49.3120861]]],[[[6.6584011,48.5741087],[6.6532513,48.5856925],[6.6559979,48.5972737],[6.6680142,48.605674],[6.6769406,48.604993],[6.6851803,48.6145269],[6.6941067,48.6149809],[6.6978833,48.6224705],[6.7026898,48.6231514],[6.7098996,48.6149809],[6.7277523,48.613619],[6.7325589,48.5995442],[6.7098996,48.5886448],[6.6992566,48.5927323],[6.6910168,48.591824],[6.683807,48.598863],[6.675224,48.5909157],[6.6755673,48.5743358],[6.6584011,48.5741087]]],[[[6.510429,48.6707861],[6.5155789,48.6968528],[6.5571209,48.6930003],[6.510429,48.6707861]]],[[[6.3446041,48.6730533],[6.2876126,48.7133924],[6.3555905,48.720641],[6.4091488,48.7222264],[6.3446041,48.6730533]]],[[[5.8502194,48.4116564],[5.9192273,48.4512936],[6.0060879,48.40254],[5.959396,48.3589868],[5.8502194,48.4116564]]],[[[6.8523785,48.942122],[6.9371792,48.9283645],[6.8966671,48.9157313],[6.8523785,48.942122]]],[[[6.7480084,48.923853],[6.7802807,48.8644891],[6.7169377,48.8646021],[6.7480084,48.923853]]],[[[6.683807,49.0810626],[6.6917035,49.0779143],[6.6927334,49.0718419],[6.7105862,49.05992],[6.728439,49.0801631],[6.7761609,49.0718419],[6.7634579,49.0576703],[6.7469784,49.059695],[6.7250058,49.0560954],[6.7246624,49.0493453],[6.7054364,49.0497954],[6.675224,49.0621696],[6.6844937,49.0700426],[6.683807,49.0810626]]],[[[6.8133256,49.0670622],[6.8280887,49.0734161],[6.8298911,49.0775205],[6.8364998,49.0762276],[6.8424224,49.0700424],[6.8436238,49.0627321],[6.8300625,49.0573891],[6.818304,49.0569952],[6.8099782,49.0600325],[6.8133256,49.0670622]]],[[[6.6358277,49.0119785],[6.6509339,49.0031955],[6.6382309,48.9939604],[6.6097351,48.9941857],[6.6128251,49.0029703],[6.6358277,49.0119785]]],[[[6.4225384,49.1841721],[6.4256283,49.1895576],[6.4208218,49.1969616],[6.4287182,49.2027943],[6.4421078,49.2007754],[6.4472577,49.2034673],[6.4565274,49.1996537],[6.4513775,49.1956155],[6.4534375,49.1891088],[6.4427945,49.1884357],[6.4431378,49.1841721],[6.434898,49.1817036],[6.4225384,49.1841721]]],[[[5.7072255,49.4205776],[5.8380314,49.4502718],[5.8023259,49.3975691],[5.7072255,49.4205776]]],[[[5.8687588,49.374885],[5.9185407,49.3727614],[5.8891867,49.3436912],[5.8687588,49.374885]]],[[[5.1004021,44.2540528],[5.1196282,44.2456914],[5.106582,44.2245367],[5.0894158,44.2324091],[5.1004021,44.2540528]]],[[[-0.6480876,42.8551393],[-0.7528684,42.9679],[-0.9450456,42.953406],[-1.2636038,43.0440161],[-1.3098491,43.0692747],[-1.2700511,43.1182964],[-1.353893,43.0282972],[-1.4412485,43.0462722],[-1.4732142,43.0867297],[-1.38844,43.2584698],[-1.5353209,43.2946667],[-1.6087802,43.2518987],[-1.7874399,43.3520705],[-1.771886,43.428436],[-1.6375747,43.457488],[-1.4963477,43.6503123],[-1.3143134,44.4075535],[-1.2057761,45.4718084],[-1.098208,45.602934],[-1.2713396,45.6570104],[-1.3075559,45.8579486],[-1.4296614,45.9330644],[-1.462943,46.044565],[-1.4035085,46.0828404],[-1.227979,46.0220128],[-1.1436574,46.0695137],[-1.5550681,46.1713791],[-1.6126237,46.2470262],[-1.5055967,46.2926191],[-1.2336354,46.2378392],[-1.8526325,46.4728567],[-1.9008371,46.5903165],[-2.4175056,47.0491347],[-2.2340672,47.059754],[-2.1127881,46.9655971],[-2.0482584,47.040375],[-2.2913697,47.1136358],[-2.2269151,47.2190489],[-2.5859076,47.2708209],[-2.5585507,47.3311994],[-2.6743076,47.4149899],[-2.5641819,47.4135648],[-2.5494259,47.4766356],[-2.8190693,47.4528882],[-3.0797251,47.531439],[-2.787263,47.3385361],[-2.8929746,47.2968871],[-3.1822378,47.4608924],[-3.2078508,47.5751551],[-3.3131779,47.6564855],[-3.480502,47.5890627],[-3.562438,47.6379474],[-3.5100015,47.6858541],[-3.5556265,47.72989],[-3.820172,47.7389483],[-3.9497621,47.8257714],[-4.4020425,47.7689651],[-4.4830954,47.9527977],[-4.9209213,48.0431741],[-4.3473917,48.1720024],[-4.5824428,48.1410795],[-4.6911074,48.2685857],[-4.6518066,48.3093166],[-4.8936934,48.2873275],[-5.2245505,48.4629812],[-5.0630185,48.5383528],[-4.8772162,48.4428838],[-4.8405052,48.5634692],[-4.5930657,48.7024094],[-4.2671645,48.7221691],[-4.0548866,48.8097071],[-3.6903241,48.7570034],[-3.7212734,48.909903],[-3.4357946,48.9551962],[-3.3445349,48.9028751],[-3.0950292,48.964559],[-2.9394492,48.9196933],[-2.8465236,48.759073],[-2.7048806,48.6850367],[-2.3273595,48.7449885],[-2.1920559,48.6905158],[-1.8398412,48.7771258],[-1.7435579,48.7343738],[-1.7932424,48.6636643],[-1.5876926,48.6796713],[-1.6922334,48.8295987],[-1.6438747,48.9376937],[-1.6817161,49.1649565],[-1.8960265,49.3670232],[-1.9723847,49.5262271],[-1.9314971,49.6129091],[-2.0246858,49.6667983],[-2.0036774,49.7611311],[-1.2393149,49.744353],[-1.1503755,49.6254496],[-1.2149179,49.5448723],[-1.0751234,49.5295036],[-1.0962044,49.4435225],[-0.0484554,49.3742244],[0.051342,49.4325113],[-0.0118815,49.5344191],[0.1463492,49.7526025],[0.5335848,49.8965123],[1.0813076,49.9905848],[1.3729801,50.134866],[1.4648613,50.2476922],[1.5030662,50.888958],[2.057147,51.0639735],[2.1139668,50.9040614],[2.0092962,50.8770443],[2.1001051,50.8431833],[1.9538491,50.7871641],[2.0523827,50.7203737],[1.9231223,50.7288496],[2.0419978,50.5307251],[1.8223565,50.4500723],[1.8872451,50.3139553],[2.1728895,50.2150305],[2.4370764,50.2300773],[2.386093,50.1014231],[2.5550076,50.1359849],[2.6998898,50.0813792],[2.7077864,50.1267414],[2.7757643,50.1071484],[2.75362,50.0349814],[2.840309,50.0644122],[2.862625,50.0045396],[3.0203818,50.0694809],[3.2993315,49.9807021],[3.4689329,50.0237334],[3.4436987,50.0992209],[3.5276411,50.0256083],[3.7159537,50.0688198],[3.8872389,50.0096563],[3.9822558,50.0444535],[3.9811697,49.993615],[4.0850879,49.9691269],[4.6386336,49.942162],[4.7179409,49.8672021],[4.8474465,49.8679822],[4.8522111,49.7929595],[5.1249716,49.7269326],[5.0777432,49.7173766],[5.0969693,49.6207201],[5.4100793,49.4493792],[5.4119679,49.3962284],[5.5683088,49.4199074],[5.6409638,49.367955],[5.5975335,49.1929234],[5.7039635,49.1412923],[5.5796807,49.1107372],[5.7416432,49.0734728],[5.4231255,49.0207602],[5.5405423,48.881651],[5.4993435,48.8552283],[5.6122967,48.8511621],[5.4224392,48.6889209],[5.5288693,48.6220167],[5.8474728,48.7570943],[5.830135,48.8130813],[5.8797451,48.7520015],[6.1021327,48.763997],[5.9260937,48.6880143],[6.1094281,48.5497967],[5.9003445,48.6077171],[5.8502194,48.5550236],[5.9092709,48.4588075],[5.8570858,48.4228217],[5.7619854,48.5011378],[5.6249993,48.4264672],[5.699157,48.3918264],[5.6483456,48.2335924],[5.7558056,48.1830279],[5.7410427,48.2653698],[5.9563061,48.1892081],[6.0373303,48.2349645],[6.0740658,48.1651697],[5.9223168,48.1198096],[5.9796521,48.0714267],[5.9005164,47.9274432],[5.9844588,47.8947657],[5.6952093,47.8256033],[5.704994,47.6548662],[5.4809759,47.6969386],[5.3845022,47.6121812],[5.479431,47.6117183],[5.3659628,47.4325002],[5.4222677,47.4343581],[5.5048369,47.2897094],[5.4670714,47.1675432],[5.2566576,46.976036],[5.3519296,46.8886185],[5.4033851,46.8916394],[5.3535174,46.9271725],[5.393772,46.9953582],[5.4903316,46.9244175],[5.4095649,46.884659],[5.4467296,46.8313081],[5.3259657,46.8112806],[5.4341124,46.6420119],[5.3585814,46.5633456],[5.423126,46.5011102],[5.2952383,46.3835899],[5.3915403,46.3446763],[5.4250143,46.2493184],[5.6442259,46.3457428],[5.726795,46.2614252],[5.8713339,46.2649856],[6.0601938,46.4178163],[6.1697331,46.3678262],[6.1252804,46.3193168],[6.1966323,46.2864612],[6.1401557,46.2686643],[6.1670207,46.2243247],[6.0336572,46.2385548],[5.8914183,46.0882338],[5.8202087,46.1030553],[5.7995712,45.8318545],[5.6219006,45.611752],[5.7398713,45.4393035],[5.8965991,45.4001062],[5.9681973,45.4921566],[6.1217877,45.4389357],[6.201237,45.3608907],[6.1307597,45.2861264],[6.1473993,45.1579128],[6.3960167,45.0614574],[6.9383498,45.1713632],[7.0491021,45.0587295],[7.419204,44.9426889],[7.4768822,44.8254393],[6.9636147,44.9861709],[7.1019738,44.5581854],[6.9376085,44.5464416],[6.969164,44.625923],[6.9155501,44.6600455],[6.6814899,44.5370817],[6.632223,44.4470167],[6.4015947,44.4487332],[6.5421853,44.2370833],[6.7147061,44.2185084],[6.7215715,44.1166778],[6.9515977,44.1299862],[6.8259416,43.9592146],[6.9385515,43.9216381],[6.7789064,43.8221438],[7.2142397,43.7834894],[7.1919914,43.5334248],[6.778259,43.3701248],[6.6840959,43.1400589],[6.4218104,43.1058009],[6.5628719,43.0552837],[6.4572206,42.9670188],[6.3061454,42.997815],[6.1892659,42.9436493],[5.9914448,43.0462769],[5.8217624,43.0106408],[5.6484702,43.1252611],[5.3433676,43.1448822],[5.2414442,43.291474],[5.0372481,43.2873723],[4.9567299,43.3535931],[4.8493009,43.291322],[4.5996977,43.3165441],[4.5077437,43.3607338],[4.5141886,43.4153824],[4.1670097,43.4308751],[4.0574387,43.518875],[3.5319767,43.2365441],[3.2626843,43.1755791],[3.1214955,43.0196564],[3.0963354,42.833569],[2.8646847,42.9184695],[2.4139019,42.8955858],[2.2456738,42.8417377],[2.2350308,42.7729755],[2.2882458,42.7717154],[2.1936606,42.6517633],[1.9969366,42.6616103],[1.8002127,42.573057],[1.5494155,42.6559926],[1.4379345,42.602849],[1.3276961,42.7242866],[1.1704707,42.7079267],[1.0788701,42.7883263],[0.7085434,42.8614495],[0.6392796,42.7548651],[0.6766786,42.6907539],[0.3602058,42.7241752],[0.2952017,42.6732252],[0.1757896,42.7370723],[-0.016061,42.6850466],[-0.3132524,42.8494025],[-0.5517974,42.7778576],[-0.6480876,42.8551393]],[[4.8645399,49.7853652],[4.8585318,49.7773845],[4.8665999,49.7737263],[4.8762129,49.7843677],[4.8645399,49.7853652]],[[5.2713769,43.8518605],[5.3022759,43.7909243],[5.3688805,43.8256111],[5.2713769,43.8518605]],[[5.2205651,44.4245864],[5.2185052,44.4160041],[5.2215956,44.4124477],[5.2360151,44.4099953],[5.243911,44.4135517],[5.2473448,44.4199272],[5.2425378,44.4242186],[5.2205651,44.4245864]],[[5.4643243,49.1624002],[5.4437249,49.0558706],[5.5226891,49.1084898],[5.5563348,49.1875383],[5.4643243,49.1624002]],[[5.4155724,49.216252],[5.4485314,49.2234278],[5.4856103,49.2229794],[5.5158227,49.2350863],[5.4965966,49.2431559],[5.4753106,49.2350863],[5.4540246,49.2404662],[5.4059594,49.2382246],[5.4004662,49.2256701],[5.4155724,49.216252]],[[5.4720496,47.3694664],[5.4712772,47.371094],[5.4681872,47.3723728],[5.4576301,47.3734772],[5.4438113,47.3712684],[5.4341983,47.3683037],[5.4302501,47.3635367],[5.4291343,47.3563273],[5.4318809,47.3504543],[5.4360866,47.3481864],[5.4409789,47.348419],[5.4463004,47.3510358],[5.454111,47.3584786],[5.471878,47.3671992],[5.4720496,47.3694664]],[[4.7086712,44.221584],[4.7187994,44.1110076],[4.8707196,43.9762637],[4.74251,43.9180515],[4.9792097,43.8762419],[5.1290701,43.7511333],[5.274639,43.7981107],[5.1494976,43.9451254],[5.4049298,43.9997302],[5.2978131,44.0569989],[5.2995297,44.1676763],[5.3877636,44.1536374],[5.3846737,44.2004206],[5.1759335,44.2203538],[5.169067,44.3137773],[4.8271176,44.2356067],[4.7804257,44.3238483],[4.6750256,44.3236027],[4.6763989,44.2552206],[4.7718426,44.2444614],[4.7086712,44.221584]],[[4.9912445,44.4228744],[4.8487472,44.3042572],[4.9301141,44.3057318],[4.9953454,44.2924016],[5.1035778,44.4449337],[4.9912445,44.4228744]],[[5.8081624,48.7124863],[5.7451626,48.6599021],[5.7946011,48.6284842],[5.8464428,48.646067],[5.8081624,48.7124863]],[[5.8719348,48.7055762],[5.8683299,48.7057462],[5.8567428,48.7003649],[5.8395766,48.7041602],[5.8370875,48.7096543],[5.8245563,48.7063692],[5.8173462,48.6975325],[5.8546826,48.687561],[5.8668705,48.6915839],[5.8634373,48.6990622],[5.8757114,48.7049532],[5.8719348,48.7055762]],[[5.2758401,49.3656074],[5.4059594,49.2760933],[5.5137627,49.2973676],[5.4137706,49.3691842],[5.3309439,49.3623651],[5.3870766,49.3985747],[5.2971264,49.4304033],[5.2758401,49.3656074]],[[4.8008536,49.7679612],[4.8526953,49.7531019],[4.8206805,49.8023751],[4.8306369,49.8493846],[4.8008536,49.7679612]],[[5.1899242,44.3805881],[5.187177,44.3713556],[5.2035712,44.3561989],[5.2105229,44.3566288],[5.2121543,44.3778583],[5.2167027,44.3904948],[5.2124117,44.3987126],[5.2010815,44.3985903],[5.1976488,44.3952783],[5.2038281,44.3837477],[5.1978205,44.3814164],[5.19576,44.3835023],[5.1918123,44.3831339],[5.1899242,44.3805881]],[[4.8381564,44.347668],[4.8382758,44.3650354],[4.8362153,44.3676742],[4.8094361,44.3601881],[4.8053162,44.3376013],[4.8163026,44.3346546],[4.8381036,44.3399954],[4.8381564,44.347668]]],[[[7.4614332,47.9956658],[7.5948141,47.9869347],[7.4386023,47.941762],[7.5741291,47.8965497],[7.5112158,47.6975336],[7.5846714,47.5755504],[7.4991749,47.5401125],[7.5295828,47.4617547],[7.4277527,47.4572981],[7.4486446,47.4151371],[7.1925093,47.4389997],[7.2009849,47.4942809],[7.1279794,47.5039313],[6.9402723,47.4333274],[6.9543454,47.5123314],[6.8019101,47.5468718],[6.7648314,47.7582527],[6.9215798,47.850542],[7.2058295,47.8117136],[7.2434233,47.9131207],[7.3301123,47.9230146],[7.34539,48.0184058],[7.4614332,47.9956658]],[[7.3792931,47.7587721],[7.3441028,47.7975319],[7.3105429,47.7523669],[7.3792931,47.7587721]],[[7.4099348,47.8708774],[7.4461554,47.824105],[7.479286,47.875253],[7.4099348,47.8708774]]],[[[6.5448472,48.9745273],[6.4321515,48.9389649],[6.5061375,48.9841604],[6.4244696,48.9841886],[6.3252066,48.9044489],[6.3090702,48.9875399],[6.1588665,48.8942927],[6.1701962,48.8206546],[6.1169812,48.8590684],[6.1059948,48.8023412],[6.026859,48.8112162],[6.1659047,48.9126853],[6.0811899,48.9454479],[6.0744091,49.0574453],[5.9439465,49.0720668],[5.9951016,49.1212986],[6.0368155,49.1736238],[6.1314009,49.1519593],[6.1391257,49.2311627],[6.1873625,49.227015],[6.1365078,49.2488708],[6.4352414,49.2442764],[6.4716336,49.2274635],[6.3820263,49.2173731],[6.4180752,49.1691347],[6.3459774,49.1347782],[6.5063093,49.1320825],[6.475067,49.1713792],[6.4994427,49.0902815],[6.5816682,49.0656566],[6.346321,49.0288644],[6.4730927,49.0484452],[6.5448472,48.9745273]],[[6.3676068,49.0117533],[6.3579937,49.0149059],[6.3535305,49.0182833],[6.3325879,49.0133296],[6.3325879,49.0081502],[6.3198849,49.0065738],[6.317825,49.0020694],[6.3291546,49.0002675],[6.3336178,48.9935099],[6.3631436,48.9937351],[6.3573071,49.0092762],[6.3676068,49.0117533]],[[6.2611767,49.0104022],[6.2151715,49.0086006],[6.2234112,48.9993665],[6.1921688,48.9923835],[6.2000653,48.9709778],[6.221008,48.9786399],[6.2467572,48.9817945],[6.2398907,48.9995918],[6.2618634,49.0054477],[6.2611767,49.0104022]],[[6.3442608,49.0788138],[6.3875195,49.1129843],[6.3418576,49.1069163],[6.3442608,49.0788138]],[[6.4366146,48.9928341],[6.4565274,48.996213],[6.4534375,49.0016189],[6.4579007,49.0126541],[6.4506909,49.0146807],[6.4441677,49.0133296],[6.4355847,49.015131],[6.4366146,48.9928341]]],[[[7.7557468,48.8268704],[7.7172087,48.7862266],[7.7625274,48.7646193],[7.6427078,48.6802791],[7.606616,48.7810236],[7.5982046,48.7347243],[7.5206993,48.7733029],[7.5818538,48.8316731],[7.7557468,48.8268704]]],[[[6.4513777,48.8228019],[6.5622709,48.8098029],[6.5797804,48.9100904],[6.6374586,48.8737481],[6.5746306,48.8308257],[6.6323088,48.7320778],[6.9986342,48.8134204],[6.9133185,48.7244912],[7.014427,48.7349084],[6.998634,48.6877876],[7.2016239,48.5529924],[7.1275949,48.5316544],[6.8578717,48.5436601],[6.961212,48.6082561],[6.884651,48.6670449],[6.6872404,48.6422106],[6.5384531,48.7516335],[6.4458844,48.7285679],[6.371126,48.7846432],[6.4513777,48.8228019]]],[[[7.7592658,48.8789414],[7.6834344,48.8800421],[7.7377223,48.8907374],[7.8754483,48.9135067],[7.7592658,48.8789414]]],[[[7.1694374,48.3416747],[7.0760107,48.3527128],[7.2182749,48.4726937],[7.3270869,48.4270648],[7.3737999,48.322217],[7.1694374,48.3416747]]],[[[7.0341457,47.3679858],[7.0456146,47.3264816],[6.9653319,47.3207888],[7.0030116,47.288545],[6.9245624,47.3104892],[6.8798163,47.3525318],[7.0341457,47.3679858]]],[[[7.2427365,48.0360855],[7.3251339,48.0103676],[7.2152709,48.024491],[7.3114012,48.0835839],[7.201538,48.1258825],[7.2693442,48.1310385],[7.2311496,48.1889791],[7.3486517,48.1312677],[7.2427365,48.0360855]]],[[[6.6652458,49.0406746],[6.8326374,49.0149059],[6.7712474,48.9671039],[6.7085264,48.9211458],[6.6652458,49.0406746]]],[[[6.3039206,48.8345264],[6.3055944,48.8335376],[6.3091564,48.8331139],[6.3125465,48.8353738],[6.3138771,48.835402],[6.315937,48.8371251],[6.3195848,48.8369274],[6.320958,48.8377467],[6.3277815,48.8389612],[6.3257216,48.8505972],[6.3399695,48.8572612],[6.3566206,48.8568095],[6.3676069,48.8540987],[6.3712118,48.8486769],[6.3720701,48.8415598],[6.3475226,48.8308257],[6.3400832,48.8331562],[6.3384246,48.8304584],[6.3387678,48.8291872],[6.3367939,48.8282548],[6.3379525,48.8269553],[6.3295839,48.8250058],[6.3243484,48.8260793],[6.3238762,48.8277464],[6.3172245,48.8305996],[6.3121603,48.8256556],[6.3050364,48.8270401],[6.3012598,48.826249],[6.3039206,48.8345264]]],[[[7.120943,48.9529447],[7.1189689,48.9514229],[7.1199131,48.9498446],[7.1225309,48.9477872],[7.1226596,48.9460679],[7.12193,48.9423826],[7.1203959,48.9403882],[7.1169519,48.9384009],[7.0933913,48.9287027],[7.0945929,48.9218226],[7.105,48.9137287],[7.1041202,48.9049566],[7.0950221,48.8978475],[7.0894431,48.9026999],[7.0921897,48.9077774],[7.0842954,48.9124416],[7.0844211,48.9130143],[7.0842942,48.9148351],[7.0843085,48.916002],[7.0845143,48.9166306],[7.0845688,48.9171336],[7.0843999,48.9177048],[7.0835868,48.9184208],[7.0835743,48.9187581],[7.0838609,48.9190157],[7.0842534,48.9192384],[7.0842758,48.9195189],[7.084109,48.919738],[7.083905,48.9198535],[7.0836261,48.9201665],[7.0836147,48.9204281],[7.0834095,48.9210402],[7.0831909,48.9213116],[7.0831766,48.921663],[7.0830746,48.9218],[7.0819762,48.9224493],[7.0813185,48.9231434],[7.080973,48.9234928],[7.0802504,48.9239375],[7.0800725,48.924047],[7.0801161,48.9241715],[7.0802183,48.9243253],[7.0802288,48.9244352],[7.0802793,48.9246839],[7.0805121,48.9248498],[7.0809653,48.9251319],[7.0811709,48.9252513],[7.0811984,48.9253349],[7.0812084,48.9253651],[7.0811649,48.9255073],[7.0809751,48.925751],[7.0805275,48.9263238],[7.0803016,48.9268674],[7.0800692,48.927183],[7.0798787,48.9273609],[7.0795227,48.9276735],[7.0793611,48.9278176],[7.0790928,48.9279867],[7.0789139,48.928093],[7.078877,48.9281755],[7.0788809,48.9283384],[7.0789137,48.9284988],[7.0790693,48.9288416],[7.0792551,48.9293578],[7.0793323,48.9297167],[7.0793341,48.9298141],[7.0793287,48.929897],[7.0794653,48.9307521],[7.0796792,48.9310783],[7.0798086,48.9311892],[7.0804899,48.9317849],[7.0809698,48.9321221],[7.081053,48.9322258],[7.0811291,48.9324773],[7.0811253,48.9328253],[7.0809815,48.9331105],[7.0808244,48.9332906],[7.0806129,48.933454],[7.0804149,48.9335601],[7.0802493,48.9336944],[7.0801703,48.9338005],[7.0802153,48.9339603],[7.0802561,48.9340762],[7.0805602,48.9346888],[7.080888,48.9354414],[7.0812969,48.9361193],[7.0819055,48.936875],[7.0822194,48.9371316],[7.0824276,48.9373248],[7.0826221,48.9375053],[7.0827202,48.9376054],[7.082841,48.9377287],[7.0828609,48.9378626],[7.0827333,48.9380771],[7.0823319,48.9388236],[7.0823273,48.9390702],[7.0824906,48.9394492],[7.0827184,48.9396908],[7.0807742,48.9415017],[7.0748519,48.941107],[7.0691871,48.9453351],[7.0672988,48.9526065],[7.0663547,48.9564955],[7.0663976,48.9587779],[7.0715904,48.9602714],[7.0785856,48.9628073],[7.083435,48.9632299],[7.0882415,48.9631172],[7.093563,48.9633708],[7.0995712,48.964526],[7.1003866,48.9653431],[7.1026611,48.9650613],[7.1084547,48.9639907],[7.1149993,48.9623564],[7.117145,48.9623283],[7.1184969,48.9628495],[7.1203422,48.964047],[7.1216512,48.9627791],[7.1222949,48.9615534],[7.1218014,48.9605954],[7.1216726,48.9600459],[7.1214795,48.9594824],[7.1208358,48.9588484],[7.1210503,48.9567631],[7.120943,48.9529447]]],[[[7.4669265,48.2949004],[7.4598025,48.2882189],[7.4547385,48.2852491],[7.4470996,48.2834214],[7.4474429,48.2781094],[7.4405765,48.2766242],[7.4364566,48.271997],[7.4299335,48.2726254],[7.427101,48.2738822],[7.4245261,48.2732538],[7.415943,48.2761101],[7.4121664,48.2757674],[7.4051283,48.279309],[7.4006651,48.2834215],[7.3953436,48.2834215],[7.3907088,48.2857061],[7.3874472,48.2843353],[7.3836706,48.2874194],[7.3687361,48.2902749],[7.3618696,48.2990688],[7.3587797,48.3010101],[7.3580929,48.3072333],[7.3617836,48.3081182],[7.3706244,48.3095738],[7.3766325,48.314483],[7.3797224,48.3100305],[7.3855589,48.3141405],[7.3877905,48.3115147],[7.3960303,48.3141405],[7.4059866,48.313798],[7.405815,48.3120855],[7.4197195,48.3120855],[7.4229811,48.3072903],[7.4217795,48.3031797],[7.4387739,48.3086604],[7.4518202,48.3083179],[7.4485586,48.3048925],[7.4549101,48.3034081],[7.4624632,48.3047783],[7.4646948,48.3028371],[7.4670981,48.2989546],[7.4669265,48.2949004]]],[[[7.9280947,48.7789875],[7.9309271,48.7891106],[7.935047,48.7971398],[7.9383085,48.7983837],[7.9359911,48.8052242],[7.9382227,48.8098595],[7.9432867,48.815003],[7.9400252,48.8164724],[7.94363,48.8190721],[7.9475783,48.8187331],[7.9528998,48.822915],[7.9501532,48.8261924],[7.9522989,48.8345829],[7.9565906,48.8340744],[7.9625128,48.8379444],[7.9668472,48.8370122],[7.9739283,48.8405995],[7.970581,48.8370404],[7.9681776,48.8365038],[7.9662893,48.8343287],[7.9733275,48.8360518],[7.9787777,48.8346394],[7.9836271,48.8315885],[7.9886055,48.8325206],[7.9892062,48.8303172],[7.9789065,48.8197503],[7.9734134,48.8174897],[7.968006,48.8178853],[7.9668902,48.8159637],[7.968006,48.8143812],[7.9661178,48.8100855],[7.970581,48.8083898],[7.9712675,48.8019454],[7.9672335,48.7988925],[7.9610537,48.7978748],[7.9594229,48.7930688],[7.9628561,48.7891106],[7.9574488,48.7828192],[7.9280947,48.7789875]]],[[[7.5275229,48.6536654],[7.534561,48.6491291],[7.5422857,48.6493559],[7.5464056,48.6456132],[7.5382518,48.6423806],[7.5399684,48.6402822],[7.5365352,48.6389777],[7.5332736,48.6401688],[7.5278662,48.6376733],[7.5182532,48.6417568],[7.5196264,48.644479],[7.5175665,48.6453864],[7.5134466,48.6442522],[7.5100134,48.6481084],[7.4981688,48.6478816],[7.4971676,48.6500644],[7.5015163,48.6519643],[7.5051211,48.6519643],[7.5215792,48.6554797],[7.5275229,48.6536654]]],[[[7.0654748,48.5242692],[6.9670485,48.4722955],[6.855297,48.5232559],[7.0654748,48.5242692]]],[[[6.2285611,48.8353457],[6.185989,48.8143248],[6.2124249,48.8477733],[6.2570568,48.8710384],[6.2285611,48.8353457]]],[[[7.6411628,48.8491287],[7.649145,48.8476037],[7.65069,48.8458527],[7.6531791,48.8467282],[7.6565265,48.8466717],[7.6484585,48.8450195],[7.636292,48.8478578],[7.628932,48.8470953],[7.6260781,48.8469682],[7.6216578,48.8483944],[7.6150274,48.8491851],[7.6115245,48.8472683],[7.6100492,48.8463116],[7.6086974,48.8461916],[7.602067,48.8482814],[7.5789356,48.8520655],[7.5770902,48.8540987],[7.5732707,48.8560188],[7.5740432,48.8625127],[7.5829696,48.8654488],[7.5838279,48.8708689],[7.5895785,48.8702479],[7.6021957,48.8745666],[7.6019811,48.8708407],[7.6082896,48.8716028],[7.6152419,48.8701067],[7.6155852,48.872619],[7.6237392,48.8730706],[7.6234817,48.8687235],[7.6335882,48.8679613],[7.6347255,48.8672697],[7.6372146,48.8669027],[7.6405191,48.8613975],[7.633953,48.859407],[7.6411628,48.8550023],[7.6424502,48.8511619],[7.6411628,48.8491287]]],[[[6.9177817,48.9606659],[6.9430159,49.0021819],[6.9887745,48.9554598],[6.9177817,48.9606659]]],[[[6.777706,48.5647941],[6.9180821,48.4348671],[6.7710107,48.3662865],[6.770324,48.2786239],[6.6123956,48.3512302],[6.5608977,48.536045],[6.777706,48.5647941]],[[6.6877554,48.543319],[6.6398619,48.4522043],[6.7272375,48.4145048],[6.7615698,48.5270646],[6.6877554,48.543319]]],[[[6.5530011,49.2184943],[6.4771269,49.2004388],[6.5066527,49.2295934],[6.5530011,49.2184943]]],[[[6.33932,48.8110932],[6.3400124,48.810785],[6.3425231,48.8117953],[6.343317,48.811216],[6.3456344,48.8121486],[6.3485527,48.8123747],[6.3504837,48.8129965],[6.3512563,48.8124595],[6.3533162,48.8135617],[6.357522,48.8106507],[6.3567924,48.8104812],[6.3551187,48.8114986],[6.3534879,48.8105659],[6.3550327,48.8090399],[6.3469218,48.8069201],[6.3458059,48.803924],[6.3532733,48.799062],[6.355934,48.7923903],[6.3325879,48.7860571],[6.3202282,48.777008],[6.3174819,48.7797793],[6.3137912,48.7848693],[6.3370084,48.8093931],[6.33932,48.8110932]]],[[[7.5185106,48.0694766],[7.5040052,48.0688457],[7.4731063,48.0740647],[7.4659824,48.0837558],[7.4677848,48.0879414],[7.4702739,48.0874827],[7.4720763,48.0917826],[7.4937057,48.0912093],[7.4958514,48.0844439],[7.5049495,48.0845012],[7.5185106,48.0694766]]],[[[7.5894927,47.9292549],[7.5373076,47.9319866],[7.5316427,47.9353219],[7.5249479,47.9356669],[7.5230597,47.937507],[7.5192831,47.937622],[7.5199698,47.940957],[7.5235747,47.9429119],[7.5247763,47.9463615],[7.5472639,47.9479712],[7.5567053,47.953375],[7.5827978,47.956709],[7.5958871,47.9538636],[7.5894927,47.9292549]]],[[[7.0159718,48.6956064],[7.0312497,48.7047834],[7.0415493,48.7056897],[7.0499609,48.7022909],[7.0612906,48.6907339],[7.0760534,48.6830277],[7.0731352,48.6762271],[7.0612906,48.6697657],[7.0530508,48.6779273],[7.0422362,48.6789475],[7.0159718,48.6956064]]],[[[7.4332808,48.5607611],[7.4604033,48.5746197],[7.4652098,48.5762097],[7.4731062,48.575074],[7.4785994,48.5771183],[7.4791144,48.5695084],[7.4734495,48.5667821],[7.4646949,48.5600794],[7.462549,48.5550803],[7.4546526,48.5523533],[7.4464129,48.5567847],[7.4440096,48.5553076],[7.4332808,48.5607611]]]]}},{"type":"Feature","properties":{"name":"Duchy of Guastalla","historical_entity":"Duchy of Guastalla","ohm_relation_id":2826404,"start_date":"1621","end_date":"1748","admin_level":"2","boundary":"administrative","source":null,"_historical_overlay":true},"geometry":{"type":"MultiPolygon","coordinates":[[[[10.8771363,44.917227],[10.64144,44.8529423],[10.6493567,44.9605469],[10.7016814,44.9647524],[10.8771363,44.917227]]]]}},{"type":"Feature","properties":{"name":"Guernsey","historical_entity":"Guernsey","ohm_relation_id":2828270,"start_date":"1290","end_date":"1987-05-14","admin_level":"2","boundary":"administrative","source":"https://data.humdata.org/dataset/global-lsib-polygons-detailed?","_historical_overlay":true},"geometry":{"type":"MultiPolygon","coordinates":[[[[-2.1368542,49.7782929],[-2.0818509,49.7189967],[-2.1683728,49.6557952],[-2.3944991,49.6710124],[-2.4607654,49.7108045],[-2.4233629,49.7639232],[-2.1368542,49.7782929]]],[[[-2.6547968,49.3736859],[-2.7455281,49.410697],[-2.7228557,49.5013262],[-2.5527955,49.5572257],[-2.3449939,49.5362243],[-2.2606337,49.4335562],[-2.3213512,49.3615499],[-2.6547968,49.3736859]]]]}},{"type":"Feature","properties":{"name":"Jersey","historical_entity":"Jersey","ohm_relation_id":2828299,"start_date":"1290","end_date":"1987-05-14","admin_level":"2","boundary":"administrative","source":"https://data.humdata.org/dataset/global-lsib-polygons-detailed","_historical_overlay":true},"geometry":{"type":"MultiPolygon","coordinates":[[[[-2.1233164,48.9078387],[-2.2523685,48.9575067],[-2.2332876,49.0339357],[-2.1385074,49.04954],[-1.9785557,48.9704434],[-2.1233164,48.9078387]]],[[[-2.2655976,49.3316711],[-1.8639603,49.3287422],[-1.8412593,49.2756525],[-1.9391402,49.1952229],[-2.0275869,49.0995876],[-2.2923108,49.1381396],[-2.3294893,49.2556668],[-2.2655976,49.3316711]]]]}},{"type":"Feature","properties":{"name":"Ayutthaya Kingdom","historical_entity":"Ayutthaya Kingdom","ohm_relation_id":2830071,"start_date":"1614-12-05","end_date":"1660","admin_level":"2","boundary":"administrative","source":null,"_historical_overlay":true},"geometry":{"type":"MultiPolygon","coordinates":[[[[99.8616179,10.0145106],[99.7635185,10.0495553],[99.7990138,10.1778065],[99.8994568,10.1312514],[99.8616179,10.0145106]]],[[[100.0185382,9.9000461],[99.9449163,9.9169891],[99.9622333,9.9899977],[100.0362381,9.9724468],[100.0185382,9.9000461]]],[[[99.2266068,6.4684096],[99.1339098,6.4601434],[99.1263859,6.5960162],[99.4020398,6.6055155],[99.4793107,6.6348628],[99.5144257,6.5430471],[99.3794166,6.4367566],[99.2266068,6.4684096]]],[[[99.0485398,7.2759553],[99.1382505,7.2393732],[99.0890551,7.1507915],[99.0000461,7.1841833],[99.0485398,7.2759553]]],[[[98.926426,7.3844028],[98.851031,7.3861485],[98.8547281,7.4644069],[98.9376811,7.4705093],[98.926426,7.3844028]]],[[[98.3448929,7.659409],[98.4314143,7.6090438],[98.3441774,7.4217642],[98.2506376,7.4664638],[98.3448929,7.659409]]],[[[97.7088146,8.5315477],[97.6891177,8.4381289],[97.6136348,8.4342002],[97.5855185,8.6146723],[97.5959573,8.7129844],[97.6770455,8.7272232],[97.7088146,8.5315477]]],[[[97.8158571,8.8810068],[97.8549178,8.8128486],[97.7872657,8.7731278],[97.7450664,8.8434742],[97.8158571,8.8810068]]],[[[97.7541938,9.0860906],[97.8168747,9.1369179],[97.8716267,9.0700196],[97.8049737,9.0088672],[97.7541938,9.0860906]]],[[[97.8756457,9.5240431],[97.9614055,9.4830559],[97.8785028,9.312745],[97.7747954,9.4170421],[97.8756457,9.5240431]]],[[[98.4170013,13.0558944],[98.4947335,13.0780209],[98.5182961,13.0012909],[98.4440034,12.9801469],[98.4170013,13.0558944]]],[[[97.7847383,12.6946013],[97.729816,12.6368953],[97.6710729,12.6908739],[97.7304193,12.747587],[97.7847383,12.6946013]]],[[[97.8427377,12.0457656],[97.6746717,11.7523624],[97.5839779,11.7988187],[97.6244614,11.9426466],[97.5741141,12.0445828],[97.6920615,12.1956081],[97.7867262,12.177541],[97.8427377,12.0457656]]],[[[97.5989026,11.6831043],[97.5217257,11.5751133],[97.4630498,11.640074],[97.4884446,11.707884],[97.3990132,11.7496586],[97.3996034,11.8435987],[97.5370391,11.8680683],[97.5989026,11.6831043]]],[[[97.653037,10.5176114],[97.7376722,10.4858303],[97.7038292,10.4128329],[97.6286395,10.4412561],[97.653037,10.5176114]]],[[[98.4281504,9.9426894],[98.4590713,10.3159078],[98.4050524,10.6127515],[98.2858794,10.5341314],[98.3974126,10.1653143],[98.2463438,9.7922005],[98.1137694,9.5917255],[97.958215,9.5506423],[97.8580862,9.6600912],[97.9569205,9.7966008],[97.9156124,9.92096],[98.0697976,9.9005349],[98.1334116,10.0850982],[97.9716708,9.9868005],[97.8197502,10.1818409],[97.8448568,10.2493851],[97.9724146,10.2764442],[97.8472714,10.3832487],[97.8431284,10.5295467],[98.0226253,10.6466662],[97.9728081,10.695513],[98.0131979,10.805605],[97.8482527,10.7906111],[97.840897,10.9210115],[97.9645137,10.9973192],[98.0452957,10.932869],[98.1207168,11.0246084],[98.3317774,11.0850247],[98.3613894,10.9812329],[98.2671635,10.9842342],[98.4071168,10.7241572],[98.4114621,11.1103495],[98.5844743,11.2255171],[98.4119484,11.251772],[98.3687246,11.3673583],[98.4486031,11.4719847],[98.3718401,11.5468656],[98.3202398,11.444339],[98.3576779,11.2124591],[98.2918381,11.1290298],[98.214098,11.1388974],[98.1544644,11.3144659],[98.0795722,11.3328609],[98.1384961,11.1952254],[98.0949181,11.1396711],[97.9754815,11.2620325],[97.8725265,11.2559772],[97.8914124,11.3338298],[97.9622503,11.3475682],[97.8621873,11.5474015],[97.9545466,11.5663394],[98.0696567,11.4685269],[98.1524815,11.6267031],[98.0602392,11.5676291],[97.9317203,11.6552363],[97.9678055,11.8956128],[97.8586408,11.9759914],[97.9156135,12.1685558],[97.7148803,12.2382584],[97.792143,12.3569543],[97.7408226,12.5244073],[97.8545773,12.7248631],[97.7811222,12.8102353],[97.8502027,12.8769636],[97.923067,12.8184042],[97.9299075,12.5142637],[98.1722662,12.5445285],[98.1368038,12.6753042],[98.2507681,12.7009522],[98.283553,12.8026896],[98.1840765,12.7776208],[98.1275323,12.934394],[98.2205452,13.0279015],[98.1902953,13.2369702],[98.2711828,13.2660637],[98.3827565,13.0845531],[98.4106311,12.7023902],[98.5132682,12.6180131],[98.5597346,12.6745333],[98.4646473,12.8023915],[98.5635774,12.8536988],[98.4915128,12.9171518],[98.5314373,13.0458071],[98.4253686,13.2730301],[99.1625768,13.5363763],[99.1525314,13.7148746],[98.9352837,14.0853946],[98.5931857,14.3216076],[98.2221489,14.8642618],[98.1771904,15.2205966],[98.295116,15.2926077],[98.3922677,15.2582429],[98.4034298,15.3600971],[98.559906,15.3553171],[98.5837806,15.9769587],[97.9118571,17.5661545],[98.3011414,17.695224],[98.2558013,17.5779688],[98.3242347,17.5242561],[98.3313586,17.3122918],[98.4153439,17.2469722],[98.6493441,17.3056433],[98.7134145,17.4550914],[98.9110611,17.5342915],[99.0416096,17.3825532],[99.1728233,17.3363906],[99.4085144,17.464016],[99.4721364,17.7379854],[99.5479249,17.80605],[99.7366589,17.723197],[99.8073626,17.8028226],[99.9567144,17.7815097],[100.2855962,17.960838],[100.3520768,17.8990198],[100.3303672,17.7598186],[101.0231886,17.5580301],[101.4916965,17.327045],[101.7883287,16.763784],[101.3818332,15.9164349],[102.1515553,15.9478463],[102.7556969,15.6653013],[102.8173136,15.5143603],[103.0966267,15.4323007],[103.2356608,15.319571],[103.4905313,15.30801],[103.2272108,14.3276358],[102.9387293,14.1953682],[102.9120961,14.0186957],[102.7829038,13.9328238],[102.7320577,13.7708715],[102.5507146,13.6653762],[102.624323,13.6087568],[102.3335648,13.5406019],[102.349276,13.2775866],[102.5300698,13.0025808],[102.485455,12.9782265],[102.5054922,12.6820501],[102.6451794,12.6112288],[102.7862679,12.4205205],[102.7034594,12.1727563],[102.9113893,11.7455044],[102.87727,11.5953662],[102.7136064,12.0096264],[102.6371098,12.0717751],[102.5290105,11.9129249],[102.6610043,11.7000424],[102.6470239,11.5514893],[102.5892198,11.5106414],[102.497079,11.5657282],[102.4617972,11.7441564],[102.3532267,11.737887],[102.2118022,12.0090117],[102.1856346,12.3036218],[101.7468433,12.6537009],[101.7275636,12.5295979],[101.600667,12.598117],[101.6028681,12.5176846],[101.4978635,12.5251522],[101.4513848,12.4650424],[101.334576,12.5849371],[101.1100658,12.6278301],[101.0216046,12.6106876],[101.0049811,12.4730259],[100.9230512,12.4735712],[100.7366056,12.6454712],[100.7322411,12.7540863],[100.6597013,12.7680498],[100.5971074,12.9524613],[100.6391681,13.0095124],[100.730446,12.9568369],[100.8717688,13.0171256],[100.7630415,13.0782483],[100.7480625,13.1945767],[100.799324,13.2391723],[100.8770155,13.1914962],[100.8469407,13.3121464],[100.92457,13.4044166],[100.513427,13.460385],[100.1168274,13.3879695],[100.0132045,13.2801616],[100.1537916,13.0650155],[100.0045482,12.6315911],[100.0805168,12.196761],[99.8924584,11.9479359],[99.8188319,11.5977021],[99.7348791,11.590013],[99.6017713,11.3100156],[99.613586,11.070905],[99.5416897,10.9592467],[99.5881675,10.7767749],[99.4681467,10.7783851],[99.4500306,10.6672698],[99.3321616,10.6053939],[99.4148621,10.600785],[99.4727243,10.4919549],[99.3107557,10.2680246],[99.1962845,9.7549849],[99.3624463,9.4124115],[99.3204498,9.2974223],[99.3816984,9.2593441],[99.6238689,9.3524927],[99.6406943,9.8293811],[99.7637019,9.8091039],[99.7158253,9.7454768],[99.7731617,9.5950297],[99.7251668,9.3798761],[99.8551105,9.3530849],[99.8717486,9.6004707],[100.0289872,9.6390203],[99.910116,9.6647818],[99.8884,9.7645253],[99.9817709,9.8534248],[100.1202059,9.791989],[100.1196233,9.4526248],[99.9986331,9.2658481],[99.9167318,9.2552714],[99.9900006,8.7274653],[100.0762187,8.5636797],[100.1955843,8.5497951],[100.2691312,8.4408734],[100.5166036,7.4156088],[100.7807654,7.0401446],[100.9571467,6.9336108],[101.1703489,6.9161477],[101.2900596,7.0009355],[101.5890225,6.8827625],[101.8368195,6.5027346],[102.1089387,6.2952594],[102.088794,6.1386999],[101.8258088,5.7341475],[101.7534878,5.7972213],[101.6913892,5.7550791],[101.5812856,5.9344548],[101.2764171,5.8119905],[101.251509,5.6988381],[101.1338866,5.6134937],[100.9841304,5.8069549],[101.1244979,5.9770946],[101.1267049,6.1070857],[101.0588128,6.1419218],[101.1126801,6.2515698],[100.9670255,6.2829838],[100.8536603,6.2318434],[100.8125584,6.4422475],[100.7386582,6.5104568],[100.6517804,6.4425887],[100.365741,6.5403712],[100.2897294,6.7099654],[100.1712143,6.6936326],[100.1236815,6.422823],[100.0209903,6.4259336],[99.8984522,6.6070152],[99.7448423,6.6952133],[99.7502079,6.4949258],[99.6081623,6.4721673],[99.5441658,6.6028991],[99.6085466,6.7817487],[99.526866,6.7390769],[99.4588626,6.7779825],[99.5104818,6.8794904],[99.3426113,7.06072],[99.3376496,7.3155333],[99.2282224,7.2551235],[99.2441295,7.3553195],[99.009756,7.4955032],[98.990615,7.6909583],[98.8885069,7.8250944],[98.8959602,7.9705233],[98.8058388,7.8732319],[98.8433887,7.7304486],[98.7863465,7.6088659],[98.7162476,7.6470635],[98.7089384,7.7908834],[98.7934265,7.8748108],[98.7150779,8.0175215],[98.6608387,7.9990946],[98.6332309,7.8548448],[98.554164,7.8432676],[98.6588224,7.7698153],[98.6437124,7.7041325],[98.5647501,7.7605418],[98.4880114,7.7048965],[98.2563153,7.7033353],[98.2076407,7.9378423],[98.2462516,8.1531828],[98.1544257,8.5636939],[98.1969948,9.1281902],[98.319205,9.3886949],[98.2897913,9.5139557],[98.4112235,9.6197128],[98.3267708,9.732736],[98.4281504,9.9426894]]]]}},{"type":"Feature","properties":{"name":"Colony of Acadia","historical_entity":"Colony of Acadia","ohm_relation_id":2830928,"start_date":"1604","end_date":"1713-04-11","admin_level":"2","boundary":"administrative","source":null,"_historical_overlay":true},"geometry":{"type":"MultiPolygon","coordinates":[[[[-68.1470697,43.9188391],[-68.1954797,43.9839791],[-68.1016997,44.0170791],[-68.0598297,43.9536791],[-68.1470697,43.9188391]]],[[[-60.0930687,43.8843178],[-60.2384106,43.9528896],[-60.2419865,44.0110902],[-59.8930849,43.9914839],[-59.7408673,44.0563283],[-59.6431878,44.1078099],[-59.567176,44.0578315],[-59.8068933,43.8884171],[-60.0930687,43.8843178]]],[[[-60.0775142,47.1812125],[-60.1985557,47.146299],[-60.2212502,47.2341746],[-60.1017387,47.2750368],[-60.0775142,47.1812125]]],[[[-62.0573704,46.3452724],[-62.2822653,46.2847384],[-62.3910495,46.1389936],[-62.4221126,45.9639528],[-62.8427062,45.9198468],[-63.084636,46.0174379],[-63.0853458,46.0891676],[-63.6495147,46.1700593],[-63.8856639,46.3447661],[-64.1743425,46.3691691],[-64.1764291,46.551128],[-64.46334,46.6145442],[-64.4810897,46.7082427],[-64.4073493,46.7866621],[-64.2487801,46.9608826],[-63.9731674,47.1063789],[-63.8990004,46.9044194],[-63.9549446,46.8054429],[-63.6707185,46.6187038],[-63.046455,46.464945],[-62.1793481,46.5344628],[-61.9126427,46.4862015],[-61.9113929,46.428156],[-62.0573704,46.3452724]]],[[[-69.2334801,43.778011],[-69.3234901,43.703678],[-69.4092701,43.810826],[-69.5666182,43.702839],[-69.78241,43.7547293],[-69.8352817,43.9844163],[-69.7597507,44.1437835],[-69.7899631,44.2783922],[-69.5798494,44.6274965],[-69.6756365,44.7668464],[-69.7933962,44.7169776],[-69.8884966,44.7650182],[-69.8625757,45.0279212],[-70.0002481,45.2307777],[-69.8781971,45.4490526],[-70.6511754,45.3771325],[-70.6298184,45.4270235],[-70.7233965,45.5104045],[-70.5584014,45.6666806],[-70.4004054,45.7198446],[-70.4174454,45.7949006],[-70.2537043,45.9029916],[-70.3176304,46.0190896],[-70.2523373,46.1015067],[-70.3174565,46.1643864],[-70.2270824,46.3822876],[-70.3322249,46.4325539],[-70.2044939,46.8172478],[-70.1217496,46.8070922],[-69.9786629,47.0367061],[-69.7523941,47.1207983],[-69.5209409,47.3050792],[-69.4721907,47.3907681],[-69.5403313,47.4565346],[-69.3721654,47.5258518],[-69.2972619,47.7871694],[-69.2403897,47.8104628],[-69.2266961,47.6808079],[-69.1833805,47.7320006],[-69.1103069,47.6535694],[-68.9447695,48.0044208],[-68.7688293,48.0645961],[-68.486812,48.0736962],[-68.4409183,48.0314981],[-68.4863445,47.9458356],[-68.4178132,47.908417],[-68.130355,47.927078],[-68.3483698,48.0735843],[-68.2339848,48.1902705],[-68.1492404,48.103375],[-68.1018092,48.1458293],[-68.0627349,48.0455655],[-67.8068502,48.0754025],[-67.8041867,47.9993433],[-67.5961317,48.0009505],[-67.5988783,47.9264664],[-67.3764052,47.8500317],[-67.078401,47.929227],[-66.960298,47.8960902],[-66.9204726,47.977973],[-66.3904668,48.0891454],[-65.7933433,47.9425673],[-65.6105365,47.7150426],[-65.1750892,47.8695413],[-64.7565245,47.871914],[-64.5886696,48.048554],[-64.4847183,48.0641089],[-64.4016169,47.9964024],[-64.4310033,47.8480391],[-64.7412647,47.6141613],[-64.86359,47.2897921],[-64.9635265,47.1894224],[-64.7564795,47.0776055],[-64.7380431,46.9737747],[-64.8387123,46.8498259],[-64.6514227,46.7149162],[-64.6534094,46.5792309],[-64.4530902,46.2881566],[-63.7437064,46.1793554],[-63.7158973,46.0806141],[-63.8556147,46.0214672],[-63.7133529,45.9227606],[-62.779933,45.8145067],[-62.4913864,45.8807127],[-62.4442298,45.8017603],[-62.5948065,45.7528337],[-62.48344,45.7114835],[-61.9287225,45.9374645],[-61.8246363,45.8876678],[-61.8227329,45.7297082],[-61.647569,45.703328],[-61.5444634,45.7435649],[-61.5735819,45.8892083],[-61.6706196,45.9539657],[-61.6569035,46.0283539],[-61.3526587,46.2788079],[-61.3298042,46.3893332],[-61.1562229,46.4934958],[-61.0887916,46.6770039],[-60.7578381,46.9303931],[-60.6940163,47.0479775],[-60.4311486,47.0908535],[-60.3152563,47.0472021],[-60.3876651,46.9282207],[-60.2671109,46.900586],[-60.2357466,46.832125],[-60.286411,46.5936356],[-60.4117264,46.3958798],[-59.7913749,46.2235532],[-59.725569,46.1319046],[-59.7866978,46.0627926],[-59.6629722,46.0813285],[-59.6184523,45.9975526],[-60.3767389,45.6012881],[-60.6527014,45.5244632],[-60.8326517,45.5523499],[-60.8683771,45.4314472],[-61.1575845,45.4727035],[-61.2460949,45.3987431],[-60.8947049,45.3854633],[-60.945968,45.2025826],[-61.7694362,45.0275583],[-62.0679468,44.8473299],[-62.2216459,44.8504406],[-62.7867957,44.6401529],[-63.3640844,44.5876428],[-63.5366126,44.395353],[-63.775517,44.3909157],[-63.9869775,44.4649367],[-63.9911962,44.3529912],[-64.4615654,44.0992187],[-64.9751592,43.6481706],[-65.1915106,43.6172335],[-65.3541876,43.4276624],[-65.5269822,43.4185849],[-65.6027289,43.3449815],[-65.8027365,43.4253927],[-65.890088,43.6169018],[-65.9718882,43.5594435],[-65.9156783,43.5043579],[-65.9468085,43.3643774],[-66.0753347,43.3670179],[-66.0576847,43.5486016],[-66.2086598,43.6787475],[-66.2883026,44.1017693],[-66.2046527,44.291149],[-66.3594123,44.1736612],[-66.4716751,44.2554434],[-66.0025714,44.6496931],[-65.0659869,45.1123877],[-64.5238263,45.2843221],[-64.5712452,45.3564151],[-64.7403711,45.2509432],[-64.8626595,45.2999661],[-64.9621576,45.2035502],[-65.0728323,45.2182229],[-64.9941232,45.4289731],[-64.8523524,45.5709071],[-65.85617,45.1503069],[-66.0543316,45.1753535],[-66.4390631,45.0127062],[-66.6008926,45.0460165],[-66.702804,44.8867491],[-66.843845,44.9684529],[-66.866248,44.8149982],[-66.7038352,44.8242218],[-66.6229151,44.7028764],[-66.6214025,44.6015553],[-66.7282098,44.5212137],[-66.9631674,44.5742258],[-66.9025578,44.7765555],[-66.9418404,44.7656342],[-67.5675845,44.3972182],[-67.7747496,44.4113232],[-67.8237276,44.3270471],[-68.1282797,44.2642621],[-68.2033597,44.0995961],[-68.4368428,44.0532421],[-68.5683878,43.9579791],[-68.7214779,43.961947],[-68.6694329,43.869585],[-68.8172339,43.739655],[-69.055894,43.85892],[-69.149825,43.795744],[-69.2623401,43.815383],[-69.2334801,43.778011]]]]}},{"type":"Feature","properties":{"name":"Newfoundland Colony","historical_entity":"Newfoundland Colony","ohm_relation_id":2830963,"start_date":"1637","end_date":"1763-02-10","admin_level":"2","boundary":"administrative","source":null,"_historical_overlay":true},"geometry":{"type":"MultiPolygon","coordinates":[[[[-53.1908976,49.7102439],[-53.2609574,49.7653381],[-53.1778898,49.8047088],[-53.1069556,49.749515],[-53.1908976,49.7102439]]],[[[-52.8788099,46.8127858],[-53.0674676,46.599851],[-53.3651835,46.6490993],[-53.543459,46.564992],[-53.7176945,46.6752235],[-53.7361164,46.8250064],[-53.6825684,46.9079692],[-53.7836964,46.9293578],[-54.0532301,46.7426553],[-54.2731908,46.8083888],[-54.0580571,47.386729],[-53.8246915,47.4224446],[-53.6599745,47.5227662],[-53.5801424,47.7620562],[-53.4023013,47.9969248],[-53.2115255,48.1065834],[-53.105575,48.099732],[-52.9801259,48.2151343],[-52.7247202,48.1707932],[-52.7290537,48.0895468],[-52.8899785,48.0335741],[-52.9906389,47.9187573],[-53.117537,47.6388078],[-52.9162672,47.7050035],[-52.8103791,47.8518809],[-52.5867051,47.6835489],[-52.5483705,47.5171621],[-52.7999246,47.1106623],[-52.8788099,46.8127858]]]]}},{"type":"Feature","properties":{"name":"Republic of Mulhouse","historical_entity":"Republic of Mulhouse","ohm_relation_id":2831155,"start_date":"1648-10-24","end_date":"1798-01-28","admin_level":"2","boundary":"administrative","source":null,"_historical_overlay":true},"geometry":{"type":"MultiPolygon","coordinates":[[[[7.3792931,47.7587721],[7.3105429,47.7523669],[7.3441028,47.7975319],[7.3792931,47.7587721]]]]}},{"type":"Feature","properties":{"name":"Free State of the Three Leagues","historical_entity":"Free State of the Three Leagues","ohm_relation_id":2831180,"start_date":"1648-10-24","end_date":"1797-10-10","admin_level":"2","boundary":"administrative","source":null,"_historical_overlay":true},"geometry":{"type":"MultiPolygon","coordinates":[[[[10.1695584,46.0570494],[9.5274914,46.011528],[9.4153312,46.0948953],[9.4383683,46.2160533],[9.2349227,46.2333588],[9.1805911,46.1692366],[9.0879248,46.2126255],[9.1042326,46.4120618],[9.0335081,46.5972085],[8.9512823,46.6325827],[8.800392,46.5634636],[8.6507033,46.636001],[8.8261412,46.7906579],[9.0184014,46.8146292],[9.0760796,46.8770914],[9.2488139,46.9163865],[9.4487136,46.8728082],[9.5457452,46.976505],[9.4788043,47.055655],[9.8762464,47.0212266],[9.8763553,46.9469717],[10.1051887,46.8409011],[10.2326652,46.8662925],[10.2405599,46.9312509],[10.384695,46.9999965],[10.4893516,46.9377888],[10.3817965,46.6843049],[10.4922941,46.6151164],[10.4579081,46.5108055],[10.6327571,46.4015342],[10.3307153,46.287515],[10.1609545,46.1584036],[10.1695584,46.0570494]],[[10.1952694,46.7697334],[10.2171133,46.6954916],[10.277023,46.7360962],[10.2962492,46.7890125],[10.1952694,46.7697334]]]]}},{"type":"Feature","properties":{"name":"Swiss Confederacy","historical_entity":"Swiss Confederacy","ohm_relation_id":2831181,"start_date":"1648-10-24","end_date":"1798-03-04","admin_level":"2","boundary":"administrative","source":null,"_historical_overlay":true},"geometry":{"type":"MultiPolygon","coordinates":[[[[9.4769713,47.4896541],[9.4765943,47.4894818],[9.4763943,47.4893915],[9.4741805,47.4884409],[9.4739501,47.4883384],[9.4728465,47.4878855],[9.4719349,47.4875139],[9.4713436,47.4872754],[9.4686954,47.4861537],[9.4673382,47.4855864],[9.46537,47.4846469],[9.4644643,47.4841796],[9.4644334,47.4842106],[9.4644021,47.4842985],[9.4637698,47.4849831],[9.4640533,47.4851444],[9.4642283,47.4853521],[9.4643125,47.4857934],[9.4644007,47.4859289],[9.4642373,47.4863517],[9.4643252,47.4864701],[9.4643383,47.486662],[9.4645058,47.487041],[9.4648886,47.4872908],[9.4651881,47.4874743],[9.4657269,47.4880155],[9.4630182,47.4890647],[9.4627843,47.4887127],[9.4626281,47.4882531],[9.4625369,47.4882826],[9.4618443,47.4885065],[9.4592448,47.4893471],[9.4591767,47.4893691],[9.4590777,47.4892102],[9.4561198,47.4897156],[9.4530202,47.4900181],[9.4529787,47.4904698],[9.4529866,47.4905701],[9.4528341,47.4907867],[9.4528627,47.4909959],[9.4535952,47.4915876],[9.4536761,47.4916536],[9.4536563,47.4916577],[9.4534492,47.491679],[9.4518793,47.4918545],[9.4508299,47.4919706],[9.449424,47.4921995],[9.4495316,47.4926739],[9.4497826,47.4932502],[9.4481643,47.4936146],[9.4503645,47.4969934],[9.4480844,47.4980224],[9.4481125,47.4980577],[9.4481669,47.4981263],[9.4493534,47.4996201],[9.4487947,47.5004594],[9.4484675,47.500738],[9.4494144,47.5014172],[9.4497442,47.5010547],[9.4503359,47.500917],[9.4511839,47.5004984],[9.4529276,47.5002569],[9.4534987,47.5001324],[9.453744,47.4996732],[9.454633,47.4993552],[9.4569157,47.4983171],[9.4575168,47.4981307],[9.4585513,47.4976541],[9.4617913,47.4967213],[9.4623359,47.4970728],[9.4631509,47.4966973],[9.4639678,47.4966843],[9.4646161,47.496845],[9.4662244,47.4962919],[9.4669449,47.4959304],[9.4671948,47.4957307],[9.4673148,47.4954875],[9.4672476,47.4952959],[9.467848,47.4951143],[9.467991,47.4951126],[9.4689497,47.4946672],[9.4689507,47.4946322],[9.4687599,47.4946184],[9.4687266,47.4945605],[9.4690787,47.4939099],[9.4693796,47.4937551],[9.4707233,47.4927144],[9.4706232,47.4925765],[9.4722698,47.4918361],[9.4723949,47.4918269],[9.4727258,47.4916309],[9.4734217,47.4910541],[9.4737666,47.491189],[9.4760381,47.4901362],[9.4769713,47.4896541]]],[[[9.2488139,46.9163865],[8.8261412,46.7906579],[8.6507033,46.636001],[8.7114712,46.573731],[8.8338659,46.5619293],[8.9512823,46.6325827],[9.0434645,46.5839962],[9.0165137,46.5321777],[9.1042326,46.4120618],[9.059429,46.2769703],[9.1595209,46.1695253],[9.0095408,46.0373818],[8.9889714,45.9703422],[9.0890888,45.90072],[9.0180601,45.8181131],[8.9122392,45.8304652],[8.8937069,45.9590184],[8.7859221,45.9891496],[8.8520348,46.0756306],[8.6118217,46.1217208],[8.5325471,46.2183626],[8.3891772,46.2592295],[8.4701703,46.3622328],[8.4619974,46.4506503],[8.3847375,46.4521531],[8.4774965,46.5275132],[8.4196465,46.6517934],[8.2418059,46.5272176],[8.0158983,46.5640546],[7.708454,46.413837],[7.3101993,46.3749746],[7.0332227,46.1870812],[6.8210834,46.4271524],[6.519124,46.4563726],[6.1798092,46.3644625],[6.2325389,46.3307478],[6.1966323,46.2864612],[6.1257903,46.3174628],[6.1593743,46.3797117],[6.0607624,46.4176684],[6.1599397,46.5429822],[6.1105266,46.5764782],[6.4382444,46.7615961],[6.4601921,46.8512939],[6.7222588,46.9343236],[6.7792504,46.8536179],[7.0381158,46.9802528],[7.1550177,47.118154],[7.3859022,47.1480499],[7.3405831,47.2171785],[7.5716393,47.3262582],[7.4367134,47.378825],[7.6135247,47.4355196],[7.5890388,47.5898969],[7.6932611,47.601048],[7.6339545,47.5612245],[7.7906792,47.494473],[7.8593438,47.5338931],[8.0186461,47.431339],[8.1099699,47.4565319],[8.0725477,47.5045624],[8.1364058,47.549189],[8.2527922,47.5636701],[8.2377842,47.6126404],[8.3827646,47.5657566],[8.5172577,47.6342477],[8.6025018,47.6101329],[8.6066965,47.6720995],[8.4061944,47.6730164],[8.4849244,47.7713904],[8.5680017,47.8084615],[8.6990854,47.7595439],[8.7902257,47.6752332],[8.8066793,47.7382942],[8.8959217,47.6480724],[9.256153,47.659029],[9.5027653,47.5472131],[9.3969824,47.4749806],[9.3226676,47.5319466],[9.2683646,47.5108752],[9.2986449,47.4772327],[9.0035809,47.4811941],[9.0625474,47.4462445],[8.9435245,47.375917],[9.2230211,47.1477005],[9.4029222,47.2391527],[9.2065416,47.2755031],[9.236068,47.3988145],[9.5258324,47.4522375],[9.5319085,47.5357147],[9.658994,47.4522045],[9.6733513,47.3815101],[9.4863264,47.1841465],[9.5195904,47.0983416],[9.4717854,47.0615129],[9.5457452,46.976505],[9.4487136,46.8728082],[9.2488139,46.9163865]],[[8.9757221,45.9616889],[8.9768794,45.9638504],[8.9773602,45.9680993],[8.9782344,45.9684473],[8.9793152,45.9710866],[8.9772373,45.9719877],[8.9763142,45.9758691],[8.9764574,45.9795829],[8.9774633,45.9823131],[8.9775095,45.9825824],[8.9771139,45.9830754],[8.9761056,45.9831414],[8.9668665,45.9841219],[8.9646611,45.9790867],[8.9640328,45.9759913],[8.9619527,45.9731224],[8.9610675,45.9705253],[8.9591268,45.9691951],[8.958586,45.9648006],[8.9681692,45.9630542],[8.9688259,45.9628175],[8.9684502,45.9623007],[8.9688898,45.9618719],[8.971206,45.9616604],[8.9735773,45.962033],[8.9757221,45.9616889]],[[8.6437312,47.7583563],[8.6471001,47.7571446],[8.6481086,47.7570292],[8.6518208,47.7571446],[8.6520997,47.7573321],[8.652207,47.7574764],[8.6513487,47.7579669],[8.6508337,47.7585294],[8.6505548,47.7613999],[8.6520139,47.7621789],[8.6525289,47.7629],[8.6530868,47.7641549],[8.6530224,47.7648617],[8.652958,47.7658857],[8.6525503,47.766304],[8.6522499,47.7657847],[8.651692,47.7656117],[8.6505762,47.765453],[8.6483446,47.7655107],[8.6465636,47.7641693],[8.6460487,47.763477],[8.6451689,47.7622798],[8.6441175,47.7604624],[8.6453191,47.7600585],[8.6437312,47.7583563]],[[6.1747455,46.3515488],[6.1668491,46.3432542],[6.1712264,46.3409433],[6.1746596,46.3453279],[6.1807536,46.3439652],[6.1847018,46.3453279],[6.1747455,46.3515488]],[[8.663483,47.6858892],[8.6676454,47.6851969],[8.6694179,47.6848935],[8.6710908,47.6847935],[8.6728135,47.6852474],[8.6782812,47.6869113],[8.6830748,47.6898356],[8.6868198,47.6924573],[8.6890668,47.6945747],[8.6901903,47.6952805],[8.6917071,47.6953057],[8.6949839,47.6944393],[8.698963,47.6931789],[8.702825,47.6917609],[8.7049109,47.6904355],[8.7078574,47.6895552],[8.7121875,47.6895552],[8.7149303,47.6895481],[8.7178637,47.6906817],[8.7177349,47.6908837],[8.7173532,47.6914714],[8.7173314,47.6915049],[8.7172881,47.6915717],[8.7171852,47.6918509],[8.7171729,47.6918839],[8.7171625,47.691912],[8.7169543,47.6924768],[8.7170408,47.6925208],[8.7173903,47.6926988],[8.7175903,47.6928006],[8.7175393,47.6938924],[8.7175703,47.694324],[8.7176052,47.6948099],[8.7176124,47.6949104],[8.7176143,47.6949353],[8.7172061,47.6949387],[8.7167319,47.6949425],[8.7164492,47.6950159],[8.7153709,47.6952961],[8.7141177,47.6956215],[8.7113827,47.6963321],[8.7117133,47.6975047],[8.7117711,47.6985802],[8.7117745,47.6988811],[8.7117849,47.6997937],[8.7119337,47.7011325],[8.7115855,47.7015871],[8.7115447,47.7016398],[8.7117989,47.701743],[8.7117631,47.7017742],[8.7107969,47.7026169],[8.7102324,47.7031093],[8.7102267,47.7031144],[8.7102091,47.7031297],[8.7101457,47.703185],[8.708912,47.7041472],[8.7086255,47.7049927],[8.7084416,47.7056162],[8.7082417,47.7062938],[8.7077833,47.7078031],[8.7072417,47.7088441],[8.7069873,47.709604],[8.7061806,47.7096521],[8.7060081,47.7100313],[8.7059918,47.7100671],[8.7060595,47.7100856],[8.7065876,47.7102296],[8.7065276,47.7105307],[8.7065159,47.7105893],[8.7065023,47.7106576],[8.7064793,47.7107728],[8.7064549,47.7108956],[8.7064352,47.7109946],[8.7064184,47.7110785],[8.7064117,47.7110869],[8.7063411,47.7111736],[8.7061275,47.7114365],[8.7060143,47.7115758],[8.7055813,47.7118084],[8.7055446,47.7118281],[8.7054627,47.7119716],[8.7054237,47.7120401],[8.705367,47.7121393],[8.7053113,47.712237],[8.7052197,47.7123977],[8.7051548,47.7125115],[8.7051354,47.712545],[8.7050851,47.7126336],[8.7050362,47.7127193],[8.7050144,47.7127575],[8.7049913,47.7127979],[8.7049388,47.7128899],[8.704882,47.7129895],[8.704863,47.7130225],[8.7048586,47.7130303],[8.7046308,47.7134299],[8.703869,47.7139878],[8.7037997,47.7140298],[8.7033924,47.7142768],[8.7029743,47.7146267],[8.7012739,47.7151926],[8.7005616,47.7149575],[8.7005517,47.7149577],[8.7004789,47.7149597],[8.6985468,47.7150132],[8.6983219,47.7147655],[8.6982709,47.7147093],[8.6982177,47.7146508],[8.6974166,47.7137563],[8.6966168,47.7135277],[8.6965056,47.7134959],[8.6964965,47.7134934],[8.6964461,47.7134789],[8.6962815,47.7134319],[8.6944001,47.712995],[8.6943494,47.7129833],[8.694329,47.7129786],[8.6942361,47.7129571],[8.6926647,47.7125896],[8.6926401,47.7125839],[8.6926202,47.7125793],[8.6924325,47.712535],[8.6916521,47.7122372],[8.6911533,47.7121068],[8.6896664,47.711718],[8.6897217,47.7114399],[8.6897565,47.7112651],[8.6898529,47.7107809],[8.6902042,47.7104301],[8.6902344,47.7104001],[8.6903246,47.71031],[8.6903159,47.7097063],[8.6903123,47.7094526],[8.6902322,47.7094363],[8.6889556,47.7091764],[8.6875545,47.7089811],[8.6874992,47.7089733],[8.6872713,47.7089416],[8.6863205,47.708573],[8.6845674,47.7086548],[8.6838707,47.7087263],[8.6838274,47.7087307],[8.6837892,47.7087678],[8.6834883,47.7090493],[8.6810964,47.709841],[8.6808518,47.7100696],[8.6802699,47.7104049],[8.67992,47.7105614],[8.6802721,47.7114927],[8.6810645,47.7116413],[8.6813873,47.711782],[8.6814946,47.7121615],[8.6813332,47.7124036],[8.6813236,47.7124178],[8.6806741,47.7125339],[8.6801891,47.7126205],[8.679709,47.7127061],[8.6795648,47.7127319],[8.6793023,47.7127787],[8.6777966,47.7129305],[8.6778275,47.7131733],[8.6771374,47.7130884],[8.6764875,47.7129156],[8.6757326,47.7127948],[8.6750668,47.7127623],[8.674209,47.7126929],[8.6738943,47.7125827],[8.6738278,47.7125515],[8.6732644,47.7122875],[8.6728623,47.7120125],[8.6727368,47.7119023],[8.6725172,47.7117095],[8.6721523,47.7113893],[8.671779,47.7111604],[8.6716528,47.711083],[8.6713661,47.7110065],[8.6702795,47.7111562],[8.6699738,47.7112531],[8.6698356,47.7112969],[8.6695381,47.711391],[8.6691136,47.7115259],[8.6673177,47.7124301],[8.6657048,47.7130553],[8.664657,47.7133672],[8.6648693,47.7124967],[8.6650249,47.7118588],[8.6653287,47.7106358],[8.6654208,47.7102656],[8.6657551,47.7088836],[8.6660105,47.7078638],[8.667373,47.7073275],[8.6687235,47.7067937],[8.6704689,47.7061017],[8.670622,47.706041],[8.671969,47.7055105],[8.6722685,47.7053938],[8.673563,47.7048895],[8.6741293,47.7035448],[8.6742004,47.703374],[8.6744539,47.702765],[8.6746461,47.7023027],[8.6751002,47.7012099],[8.6754212,47.7004281],[8.6757503,47.6996299],[8.6758698,47.69934],[8.6763531,47.6981875],[8.6763934,47.6980913],[8.6763028,47.6975577],[8.6741563,47.6978599],[8.674097,47.6978683],[8.674098,47.6977746],[8.6740981,47.6977677],[8.6741,47.6975875],[8.6741006,47.6975364],[8.6741011,47.6974793],[8.6741093,47.6965837],[8.6739349,47.6956259],[8.6735391,47.6950701],[8.6728261,47.6947418],[8.6724176,47.6949618],[8.6714874,47.6945098],[8.6708797,47.6942135],[8.6708364,47.6941925],[8.6697692,47.6936725],[8.6696687,47.6936235],[8.6680416,47.6932091],[8.6681085,47.6930555],[8.6681101,47.6930516],[8.6682664,47.692693],[8.6683734,47.692093],[8.6673426,47.6920529],[8.6653575,47.6920328],[8.6634086,47.6917594],[8.6613206,47.6915341],[8.6609806,47.691487],[8.6598622,47.6913318],[8.6588702,47.6914768],[8.6585952,47.6913426],[8.6585999,47.6906652],[8.6586006,47.6906341],[8.6586014,47.6905962],[8.6598985,47.6905642],[8.6599494,47.6905629],[8.6599238,47.6904618],[8.6596767,47.6894874],[8.661232,47.6887366],[8.6624826,47.6882577],[8.6640408,47.688153],[8.6641257,47.6876134],[8.6641145,47.6875113],[8.6640535,47.6869567],[8.6637855,47.6864776],[8.6637494,47.6864134],[8.6637243,47.6863684],[8.6637174,47.6863559],[8.6636778,47.6862833],[8.6636469,47.6862265],[8.663483,47.6858892]]],[[[7.4004912,47.4354942],[7.403093,47.4354815],[7.4031306,47.4386294],[7.4066425,47.4403843],[7.4152584,47.4428868],[7.4206218,47.4457259],[7.4209041,47.4459442],[7.4248695,47.4432403],[7.4380015,47.4462588],[7.4555968,47.4282615],[7.4486446,47.4151371],[7.4379157,47.4128719],[7.4283027,47.4146143],[7.4207496,47.410839],[7.3759889,47.4141497],[7.3796367,47.4276227],[7.3827052,47.4293066],[7.3828769,47.4312663],[7.381198,47.4320817],[7.3821514,47.4330266],[7.385599,47.431814],[7.3936552,47.4350284],[7.3964386,47.4354342],[7.3987188,47.4351472],[7.4004912,47.4354942]]],[[[7.5104466,47.5026276],[7.5295828,47.4617547],[7.4436106,47.4785144],[7.5104466,47.5026276]]]]}},{"type":"Feature","properties":{"name":"Republic of Geneva","historical_entity":"Republic of Geneva","ohm_relation_id":2831188,"start_date":"1648-10-24","end_date":"1798-04-25","admin_level":"2","boundary":"administrative","source":null,"_historical_overlay":true},"geometry":{"type":"MultiPolygon","coordinates":[[[[6.1747455,46.3515488],[6.1847018,46.3453279],[6.1807536,46.3439652],[6.1746596,46.3453279],[6.1712264,46.3409433],[6.1668491,46.3432542],[6.1747455,46.3515488]]],[[[6.2414031,46.343623],[6.2325389,46.3307478],[6.1928555,46.3433728],[6.1942288,46.3481128],[6.1722561,46.3566437],[6.1798092,46.3644625],[6.2414031,46.343623]]],[[[6.2949018,46.2646027],[6.2946859,46.2251526],[6.2459849,46.2563216],[6.2949018,46.2646027]]],[[[6.1108016,46.2029435],[6.1097716,46.2057354],[6.1180972,46.2156544],[6.1117457,46.2187426],[6.1280536,46.2280062],[6.1292552,46.2299062],[6.1417865,46.2275906],[6.1452197,46.2284812],[6.1670207,46.2243247],[6.1738656,46.2433159],[6.1932848,46.2403553],[6.1938857,46.2373869],[6.2071895,46.2318062],[6.2078761,46.2280656],[6.2178325,46.2253342],[6.2162017,46.2221276],[6.2222956,46.2164266],[6.21397,46.2090618],[6.2115668,46.2112],[6.2010954,46.2081114],[6.2019537,46.2044286],[6.1914824,46.197894],[6.1906241,46.1950422],[6.1839293,46.1923092],[6.1715697,46.1819699],[6.1657332,46.1882688],[6.1621283,46.1877934],[6.16024,46.1817322],[6.1581801,46.177691],[6.1549185,46.1780476],[6.1528586,46.1809002],[6.1544035,46.1856543],[6.1518286,46.1868427],[6.1430739,46.1870804],[6.138954,46.1937351],[6.1235045,46.195874],[6.1154364,46.1988445],[6.1108016,46.2029435]]],[[[6.181955,46.2630275],[6.1765047,46.250424],[6.1553046,46.2542447],[6.1535883,46.2558023],[6.1523008,46.2558172],[6.1494254,46.2569299],[6.1495542,46.2575975],[6.1482453,46.2582355],[6.1489105,46.2591405],[6.1478805,46.2598229],[6.1479663,46.2609505],[6.1452195,46.261544],[6.1447477,46.2627306],[6.1437177,46.2628493],[6.1429881,46.2670623],[6.1401557,46.2686643],[6.1422154,46.2720463],[6.1527296,46.2758433],[6.1534166,46.2749828],[6.155498,46.2745527],[6.156013,46.274968],[6.157751,46.2741523],[6.1575365,46.2734107],[6.1608409,46.2721648],[6.1616563,46.2725504],[6.1635875,46.2718681],[6.1632442,46.2692576],[6.181955,46.2630275]]],[[[6.0739374,46.20229],[5.9573812,46.1285501],[5.9644184,46.1979499],[6.0739374,46.20229]]]]}},{"type":"Feature","properties":{"name":"British Arctic Territories","historical_entity":"British Arctic Territories","ohm_relation_id":2831205,"start_date":"1576","end_date":"1880-09-01","admin_level":"2","boundary":"administrative","source":null,"_historical_overlay":true},"geometry":{"type":"MultiPolygon","coordinates":[[[[-121.5027913,76.6275367],[-121.4104485,76.7793795],[-120.6680564,76.8577721],[-120.3092994,77.038429],[-119.6144693,77.2262441],[-119.6024985,77.2868418],[-119.3383004,77.36572],[-118.1878915,77.4739193],[-117.5740683,77.4152292],[-117.3250558,77.5624455],[-116.0419993,77.7023735],[-116.160277,77.7601243],[-116.047926,77.8049661],[-115.3561597,77.7529813],[-115.7022322,77.6557153],[-115.7121142,77.592949],[-115.9858017,77.5644793],[-115.1053833,77.3227956],[-116.0087208,77.1189253],[-115.485249,76.9553282],[-115.7626077,76.8553041],[-115.6319556,76.6861141],[-116.0973159,76.5576938],[-116.7573972,76.5000696],[-116.709077,76.3608397],[-117.15475,76.2209707],[-117.5569057,76.2210287],[-118.0116414,76.3017433],[-118.2615222,76.4059956],[-118.2595007,76.5019232],[-118.4177714,76.4658064],[-118.3357299,76.3527833],[-118.387627,76.2865043],[-118.6790905,76.2330987],[-118.6469516,76.1583749],[-118.8776652,76.0568487],[-119.271481,76.0580534],[-119.2844473,75.9500857],[-119.4431366,75.8821082],[-120.2495676,75.7616359],[-120.6750121,75.8083428],[-121.0213571,75.6830618],[-121.4587347,75.7334431],[-121.5067987,75.786292],[-121.2285896,75.8563292],[-121.8321875,75.9758925],[-122.0953587,75.9216004],[-122.0579739,75.8715074],[-122.1430268,75.8304304],[-122.3509829,75.812105],[-122.8281239,75.8685893],[-123.2667992,76.030344],[-123.1926372,76.2093504],[-123.0404138,76.2637084],[-123.153728,76.3019072],[-123.146437,76.390728],[-122.2389592,76.5000768],[-121.7217518,76.4933695],[-121.5027913,76.6275367]]],[[[-117.2739493,76.0424691],[-117.7202076,75.7192481],[-118.2284416,75.5098278],[-118.6266177,75.4529537],[-119.5354592,75.5660668],[-119.6150862,75.6177455],[-119.5306719,75.6869176],[-118.8782485,75.9342246],[-117.8672871,76.1665437],[-117.3714798,76.1454149],[-117.2540162,76.106033],[-117.2739493,76.0424691]]],[[[-113.4925157,76.6624555],[-114.155737,76.6451545],[-115.1124769,76.7702735],[-114.9642205,76.8751436],[-114.6733,76.9323039],[-113.6804677,76.9462129],[-113.1772827,76.8032727],[-113.4925157,76.6624555]]],[[[-113.6354857,77.0568731],[-113.9927138,77.0604377],[-114.1744982,77.1358924],[-113.9210717,77.2171981],[-113.5205687,77.2003231],[-113.1168212,77.1723026],[-112.9980537,77.1065888],[-113.2028688,77.0391141],[-113.6354857,77.0568731]]],[[[-112.6202928,78.041706],[-110.3134408,78.1701557],[-109.6127797,78.1532425],[-109.3018555,78.0739375],[-109.4968541,77.9255035],[-110.2490292,77.8460725],[-109.7998242,77.7751014],[-109.8135972,77.5584475],[-109.9912389,77.4780098],[-111.9292146,77.2767271],[-112.5083668,77.3145055],[-113.4297578,77.4970888],[-113.4460063,77.5925196],[-113.5949694,77.6519328],[-113.4894957,77.7386931],[-114.3647635,77.6600469],[-115.0570233,77.7621795],[-115.0991685,77.7965905],[-115.0362532,77.8272942],[-115.3637682,77.946214],[-115.1932834,78.0098562],[-115.2900691,78.0950351],[-115.096978,78.1310946],[-114.1740684,78.1174559],[-113.4757965,77.9202173],[-112.6202928,78.041706]]],[[[-112.4573585,78.2995524],[-113.47518,78.1938317],[-114.4656359,78.2922479],[-113.508498,78.378987],[-112.29476,78.6510045],[-111.7738472,78.6195785],[-110.7701967,78.8491115],[-109.2788379,78.6299242],[-108.9578315,78.467688],[-109.1022124,78.3107316],[-109.3117219,78.2663369],[-110.3679961,78.2261093],[-111.0551849,78.2930423],[-111.6349701,78.2235783],[-112.1686427,78.3191645],[-112.4573585,78.2995524]]],[[[-100.6748883,78.9265697],[-100.7851375,78.8633897],[-100.1660065,78.881384],[-99.2826974,78.6124865],[-99.2568335,78.5697475],[-99.5029099,78.4143533],[-99.50707,78.3483387],[-98.700422,78.0845063],[-98.8020354,77.9590708],[-98.7448716,77.8981854],[-99.0287638,77.7995374],[-99.9806271,77.7380683],[-100.7830365,77.841106],[-101.2352429,78.1281441],[-101.9392264,78.1265883],[-102.1448084,78.229695],[-102.9945832,78.0788783],[-103.3964003,78.0904474],[-103.5521131,78.1573309],[-103.3103642,78.2863465],[-104.0745342,78.1954369],[-104.8913221,78.2925482],[-105.2728258,78.4988721],[-104.9379708,78.6199151],[-104.2585057,78.6214342],[-103.9958905,78.7109978],[-104.4729641,78.8019186],[-104.8691292,78.7473306],[-105.2324994,78.7815423],[-105.2848032,78.8615596],[-105.0856321,78.9618245],[-105.8844428,79.0070542],[-106.0203754,79.1744306],[-105.860772,79.2581156],[-105.9698196,79.3075027],[-105.5893517,79.4333006],[-103.6467744,79.4406427],[-102.6186237,79.2795537],[-102.3176109,79.0955722],[-101.9896099,79.1507581],[-101.301546,79.1171352],[-100.6748883,78.9265697]]],[[[-101.6159652,77.9577777],[-101.0528247,77.8908324],[-100.6494209,77.7444699],[-100.8817018,77.6802805],[-101.9057769,77.6282164],[-102.5787,77.7090922],[-102.7478591,77.7735188],[-102.7725084,77.84295],[-102.5255029,77.9383975],[-101.6159652,77.9577777]]],[[[-104.0616675,77.0312926],[-104.9442799,77.0679036],[-105.6692059,77.1880892],[-106.0011906,77.4534179],[-105.9827169,77.4957597],[-106.1110539,77.5396391],[-106.1591684,77.6441922],[-106.3742052,77.732143],[-106.2288952,77.7939376],[-105.7762715,77.8194326],[-104.9889661,77.6625348],[-104.7181968,77.4769442],[-104.1951971,77.3363999],[-104.0979679,77.2305109],[-103.3630439,77.048237],[-103.6239636,76.9848801],[-104.0616675,77.0312926]]],[[[-98.6388626,78.7431315],[-98.7451914,78.8243574],[-98.414702,78.8803797],[-97.5218965,78.865503],[-95.9351239,78.6459205],[-95.9937219,78.5689517],[-94.9207152,78.4767408],[-94.024665,78.191015],[-94.211259,78.1226177],[-94.6457586,78.112376],[-94.9152501,77.9249289],[-95.3315024,77.900661],[-94.978614,77.8467914],[-93.4821034,77.8315618],[-93.0499127,77.7700888],[-92.8443359,77.6712143],[-93.1301134,77.5880619],[-93.206657,77.5410342],[-93.1923804,77.4862809],[-93.3412036,77.4176567],[-93.8673146,77.3728782],[-95.9354909,77.4184289],[-96.2807874,77.4688456],[-96.6485583,77.6219418],[-96.4082494,77.7416412],[-95.5124998,77.8817938],[-96.6623421,77.7284079],[-97.5283368,77.7982231],[-97.5886139,77.8538601],[-97.3461053,77.8964224],[-98.0621202,78.0380501],[-97.8710461,78.1318593],[-97.3902067,78.1391856],[-98.2680798,78.206016],[-98.24673,78.26404],[-98.3581616,78.3691078],[-98.6686903,78.4776538],[-98.4327133,78.5769474],[-98.6018986,78.6412918],[-98.6388626,78.7431315]]],[[[-96.7778762,76.1429596],[-97.1118764,76.1343375],[-97.1782576,76.1712397],[-97.1212472,76.2178153],[-96.8105667,76.224772],[-96.7338622,76.1891716],[-96.7778762,76.1429596]]],[[[-95.5566733,75.9951398],[-95.5567252,75.9213855],[-95.6954827,75.8588834],[-96.04771,75.8894325],[-96.1118468,75.9639638],[-96.0154805,76.0080501],[-95.5566733,75.9951398]]],[[[-95.2123245,75.693254],[-95.5760097,75.6545226],[-95.7258166,75.6936865],[-95.7063962,75.7444385],[-95.3114342,75.7793116],[-95.1873543,75.7449449],[-95.2123245,75.693254]]],[[[-104.0216855,74.9832501],[-104.6834042,74.9986274],[-105.1338646,75.1291386],[-104.907446,75.3489163],[-104.4716057,75.4863285],[-104.1007613,75.4983971],[-103.6480714,75.4099465],[-103.3668578,75.180429],[-103.6420502,75.0383521],[-104.0216855,74.9832501]]],[[[-98.1096858,74.6895607],[-98.3717587,74.6797085],[-98.5626657,74.745869],[-98.368699,74.8167281],[-97.919011,74.7605943],[-98.1096858,74.6895607]]],[[[-97.3368043,74.4478857],[-97.7481008,74.412553],[-98.002363,74.490892],[-97.6839978,74.6480417],[-97.368539,74.6868538],[-97.0460375,74.6137648],[-97.1318273,74.5061996],[-97.3368043,74.4478857]]],[[[-89.9513854,77.1595854],[-90.9449676,77.0820585],[-91.5023358,77.1752927],[-91.5536486,77.2212225],[-91.5186972,77.2517367],[-91.267004,77.3063654],[-91.4726454,77.4131546],[-91.4758165,77.6082265],[-91.4090114,77.643586],[-90.900599,77.7175762],[-90.1249961,77.6658248],[-89.5257025,77.5056777],[-89.3699097,77.3474851],[-89.5948657,77.2326466],[-89.9513854,77.1595854]]],[[[-97.4464038,79.6839546],[-97.0412446,79.6991887],[-96.8229529,79.6420935],[-97.399986,79.5570625],[-97.7875665,79.5438978],[-98.0195819,79.6022682],[-97.8581215,79.66852],[-97.4464038,79.6839546]]],[[[-98.3619085,79.7506991],[-98.6139752,79.6334514],[-99.0541284,79.630316],[-99.6057563,79.7372142],[-99.6258551,79.8286679],[-100.4242377,79.8704304],[-100.483266,79.9191059],[-100.4509552,80.0784057],[-99.930735,80.195558],[-98.9306027,80.2274515],[-98.5377731,80.0934297],[-98.3964892,79.9854638],[-98.424784,79.9210071],[-98.3170935,79.7901718],[-98.3619085,79.7506991]]],[[[-79.3291403,76.1235197],[-79.0460428,76.174568],[-78.6068604,76.1066925],[-78.6617439,76.0144333],[-78.924962,75.950718],[-78.6594638,75.8353919],[-78.9687197,75.786501],[-79.4920253,75.7501617],[-79.9889061,75.873003],[-79.3291403,76.1235197]]],[[[-63.5653762,62.9385697],[-63.6478538,62.8588758],[-63.891397,62.9040102],[-63.797583,62.9915393],[-63.5653762,62.9385697]]],[[[-63.910176,62.8192051],[-63.7256792,62.7769068],[-63.7283373,62.7054582],[-63.831064,62.6712479],[-64.0102563,62.7455363],[-63.910176,62.8192051]]],[[[-84.289574,69.9225167],[-85.792733,69.9514098],[-86.3873093,70.0911958],[-86.3042031,70.0071756],[-86.4305634,69.9436686],[-87.129903,69.9475261],[-87.4030184,70.0037595],[-87.5422141,70.177926],[-87.3608459,70.23122],[-86.9069748,70.191852],[-86.69909,70.2721539],[-87.4716137,70.2725084],[-87.9112584,70.1968505],[-88.3672988,70.2989947],[-88.4074187,70.3386873],[-88.3594193,70.3751925],[-88.9356256,70.4815047],[-89.5418667,70.8281221],[-89.5973866,70.9215732],[-89.480346,70.97393],[-89.6977518,71.1112265],[-89.484403,71.1512978],[-88.6351896,71.1054896],[-87.9929023,70.9952022],[-87.8644956,71.0101163],[-87.9413822,71.0585427],[-87.8872658,71.1051118],[-87.9912123,71.1574758],[-89.7151213,71.2572083],[-90.0387824,71.3304214],[-90.2057291,71.5101648],[-90.2047729,71.6080044],[-90.0143769,71.7508313],[-90.2737074,71.9214945],[-90.1727699,71.9980037],[-90.1854335,72.0887713],[-89.9741173,72.1391696],[-90.1488628,72.3350592],[-89.921406,72.6272177],[-89.7603817,72.7055838],[-89.7314531,72.8083412],[-89.5071197,72.9031742],[-89.4878845,73.0690146],[-89.122937,73.3125973],[-88.1577387,73.6837784],[-87.1085252,73.859521],[-85.3946881,73.8815269],[-84.6593811,73.7543784],[-84.8008778,73.6395127],[-85.4273575,73.4740292],[-85.9330445,73.255544],[-86.1575961,73.0297453],[-86.5234987,72.8311657],[-86.5668515,72.7395525],[-86.5195533,72.6712066],[-86.1673546,72.512296],[-86.0735959,72.4309227],[-86.1020394,72.3551964],[-85.6868992,72.3083631],[-85.2813349,72.323487],[-85.6744612,72.4352278],[-85.878173,72.6353341],[-85.8656379,72.6998156],[-86.1146346,72.7671197],[-85.8614893,72.8125109],[-85.8345781,72.8672675],[-85.9032354,72.9180536],[-85.6938464,73.0086492],[-85.71941,73.051636],[-85.6173725,73.1438571],[-85.3047826,73.194101],[-85.3563782,73.2406571],[-85.3227075,73.3157371],[-85.0731361,73.3967323],[-82.8796524,73.7849256],[-81.3742037,73.7783758],[-81.0498785,73.5530939],[-81.0594363,73.6221748],[-80.9696779,73.672385],[-81.139094,73.7388256],[-80.8269355,73.8045912],[-79.976387,73.780653],[-79.419953,73.6866167],[-78.0500278,73.71578],[-77.0874913,73.549588],[-76.8631243,73.3843459],[-76.5646864,73.3570637],[-76.3933659,73.2374239],[-76.411331,73.1764321],[-76.095255,73.1147043],[-76.0927877,72.9933269],[-75.9053755,72.9597181],[-75.8826823,72.8622075],[-76.3361174,72.7657838],[-76.8016192,72.7891408],[-76.4621525,72.6824403],[-75.0209433,72.5253129],[-74.9628063,72.4023472],[-74.7821769,72.2876817],[-74.5521886,72.2644662],[-74.4291132,72.1439729],[-74.0655163,72.087558],[-73.9513056,71.9738197],[-74.0755483,71.806402],[-73.5486257,71.8271526],[-73.4337771,71.7901567],[-73.4466705,71.708209],[-73.2173877,71.7530424],[-72.5075752,71.7124917],[-71.5843082,71.5703866],[-71.1642123,71.4156937],[-70.9751125,71.2768233],[-71.0118783,71.207338],[-70.6505849,71.1646946],[-70.2903629,70.9810336],[-70.4965202,70.8264526],[-69.8031834,70.9362329],[-69.620079,70.8906844],[-69.6250629,70.8213228],[-69.168825,70.8289185],[-68.2707227,70.6228914],[-68.1387291,70.5261316],[-68.2609808,70.4199884],[-68.2293558,70.3782521],[-67.7054596,70.2996198],[-67.1266717,70.0311948],[-66.9423321,69.7348408],[-67.0094754,69.6876563],[-67.4401274,69.6714936],[-66.6756607,69.3749836],[-66.5213503,69.268226],[-66.5215271,69.202229],[-66.7414149,69.0942779],[-67.4676046,69.1184139],[-67.2075942,69.0557129],[-67.4007445,68.9390777],[-67.1754624,68.7968243],[-67.2860427,68.7301798],[-67.2327151,68.676198],[-66.9991211,68.7115954],[-66.5412321,68.6047434],[-66.4946578,68.5468789],[-66.592994,68.4922335],[-66.5283549,68.4348657],[-66.0051907,68.3009816],[-65.9599577,68.2583492],[-66.0148491,68.2040853],[-65.6556638,68.2497175],[-65.266651,68.1058096],[-64.653551,68.0321967],[-64.5490143,67.8825702],[-63.6379461,67.5775232],[-63.5674004,67.4263826],[-63.1179059,67.4150522],[-62.7421496,67.2431161],[-62.4279963,67.2818462],[-62.229892,67.1688319],[-62.0079972,67.1659785],[-61.2795471,66.7677782],[-61.1381227,66.6339092],[-61.2666089,66.4526635],[-61.3911163,66.4180458],[-61.3349938,66.3680085],[-61.3650928,66.3213929],[-62.0033666,66.168844],[-61.8443701,66.0994542],[-61.8105298,66.0134979],[-62.1331092,65.7817924],[-61.9913789,65.6895646],[-62.0472177,65.6026185],[-62.4605525,65.4619327],[-62.6582539,65.5225837],[-62.8868614,65.4306581],[-62.8652664,65.380277],[-62.9590629,65.3462462],[-62.80557,65.2642142],[-63.1016804,65.1902123],[-63.0453359,65.1438612],[-63.0853789,65.1020847],[-63.2536244,65.0902629],[-63.1341848,64.8752891],[-63.2389931,64.8195685],[-63.4143353,64.8786319],[-63.6597586,64.846213],[-64.3947386,65.1001264],[-64.6157278,65.036975],[-64.9208497,65.2087359],[-65.1374106,65.2052177],[-65.1749794,65.274465],[-65.0327781,65.3188391],[-65.2045263,65.3653474],[-65.2954904,65.4910867],[-65.7045876,65.5171296],[-65.6450911,65.6033448],[-65.431869,65.6098574],[-65.5749312,65.6614025],[-65.6171634,65.7573849],[-65.7063387,65.6358005],[-65.9487095,65.6516151],[-66.0152487,65.7891692],[-65.9625436,65.8629968],[-66.1095921,65.9049901],[-66.0773695,66.0666814],[-66.9737945,66.2671022],[-66.8971316,66.1962369],[-66.9945282,66.1487417],[-66.7953359,66.096566],[-66.8451335,66.0172653],[-66.7893835,65.9503704],[-66.8864863,65.8360337],[-67.1150966,65.8677213],[-67.0573251,65.8048234],[-67.1085926,65.7427911],[-66.9180104,65.5530101],[-66.6911681,65.4796648],[-66.6963046,65.3174202],[-66.3990843,65.1864981],[-66.4021879,65.1286771],[-66.2727501,65.0447585],[-65.3794921,64.856484],[-65.0565222,64.6564565],[-64.8548327,64.6402211],[-64.8269978,64.4525917],[-64.5813835,64.4333793],[-64.5530179,64.3571575],[-64.4045788,64.3251899],[-64.3652321,64.1862409],[-64.1222731,64.0565621],[-64.1402958,63.9923882],[-63.8551229,63.7326368],[-63.7920143,63.609866],[-63.8561057,63.5105701],[-63.7652065,63.418919],[-63.965537,63.3585369],[-63.8765692,63.2871457],[-63.8930142,63.235913],[-64.2484914,63.1947189],[-64.3514085,63.2905316],[-64.4710477,63.1648611],[-64.636443,63.1382671],[-64.6280919,63.013142],[-64.3709602,62.8102905],[-64.8976181,62.7888924],[-64.7451328,62.6349324],[-64.111367,62.6098894],[-63.9845666,62.5373278],[-64.356754,62.288852],[-64.8417581,62.3078896],[-65.7194603,62.7994831],[-65.8573471,62.7540948],[-65.999487,62.845769],[-66.2013735,62.8669571],[-66.3452126,62.7811674],[-66.8307423,62.8547],[-67.2102113,63.0890234],[-67.1526455,63.1704493],[-67.2707267,63.2595273],[-67.4336499,63.2257665],[-67.668084,63.284759],[-67.5840452,63.1535488],[-65.82463,62.2682616],[-65.6677993,62.0338726],[-65.8242853,61.94286],[-66.0388239,62.0163762],[-66.1380788,62.1189501],[-66.235353,62.0836487],[-66.3903864,62.1372778],[-68.4228735,63.0549693],[-68.9721899,63.3324227],[-69.3017798,63.5779093],[-69.3237524,63.7533595],[-69.0381079,63.9277267],[-68.0273657,64.311358],[-67.9834204,64.5390053],[-68.4228735,65.0813987],[-68.5107642,65.5402795],[-67.9614478,65.955435],[-67.8296118,66.2580201],[-67.2802954,66.9816747],[-67.1924048,67.390607],[-67.3242407,67.6844376],[-68.5107642,68.3424947],[-69.4116431,68.6005132],[-72.0923071,69.8850176],[-73.7842017,70.3335408],[-75.6738501,70.9740356],[-76.0473853,71.2019268],[-76.9043188,71.4621467],[-78.0249243,71.6705811],[-79.8706274,71.7601983],[-81.9140845,71.7050994],[-82.7270728,71.5457935],[-84.4409399,70.7652128],[-84.289574,69.9225167]]],[[[-110.0022539,75.5980172],[-109.3029428,75.5743037],[-109.1076101,75.6496609],[-110.2223348,75.8664791],[-110.2237686,75.9382291],[-109.5763284,76.1091136],[-110.554136,76.2793948],[-110.7441272,76.3898472],[-110.7538756,76.4530161],[-110.0665942,76.5500749],[-109.3495412,76.8674276],[-109.5390219,76.9556697],[-109.2203012,76.999467],[-108.5702197,76.8981252],[-108.1519207,76.7551381],[-108.151895,76.7046803],[-108.3589921,76.6120125],[-108.2809327,76.5730191],[-108.2897162,76.5023587],[-107.8458568,76.2868099],[-107.8819508,76.2002913],[-108.1467395,76.1149917],[-107.6345671,76.0974645],[-107.4219076,76.0296616],[-107.4228764,75.9691986],[-107.2357057,75.96487],[-106.7238029,76.1148172],[-105.9961489,76.0927958],[-105.3825655,75.9727595],[-105.2178719,75.8876197],[-105.1377269,75.7520495],[-105.2274405,75.5580939],[-105.3926045,75.4921968],[-105.4224478,75.3497696],[-105.6365178,75.2496655],[-105.6174552,75.1757972],[-105.8550896,75.0166107],[-107.1442116,74.8634957],[-107.7183971,74.9162806],[-108.3901064,74.8648987],[-108.9650148,74.9320925],[-109.4023488,74.815107],[-110.3000239,74.7471712],[-110.656115,74.6166726],[-111.6555124,74.4434586],[-112.4959665,74.3585238],[-113.428339,74.3604375],[-114.19287,74.4809136],[-114.6602522,74.6796486],[-114.3571553,74.8124997],[-113.5452903,74.9027976],[-113.1640535,75.0091949],[-112.0225877,75.0790553],[-113.8666299,74.998879],[-114.1736128,75.0829307],[-114.9336013,74.9168013],[-115.3761382,74.9727536],[-115.7221154,74.9157042],[-116.5056365,75.0837446],[-117.5854282,75.1495473],[-117.8867491,75.2716424],[-117.6927853,75.4078494],[-117.3025798,75.5346429],[-117.4280699,75.6065279],[-117.256502,75.7526335],[-116.8568326,75.862608],[-116.9529112,75.9112424],[-116.8621972,76.0114968],[-116.8837383,76.0910063],[-116.794653,76.1466074],[-116.0977806,76.25921],[-116.0946978,76.3782275],[-115.6550678,76.5006359],[-114.8908101,76.5717909],[-113.9366981,76.5026713],[-113.8180421,76.4461555],[-113.7436271,76.2601248],[-113.0295023,76.3234211],[-112.2778321,76.2279396],[-112.1998656,76.1839254],[-112.2521447,76.1229612],[-112.1633043,76.0831611],[-111.237278,75.8769308],[-111.0906861,75.7386148],[-111.0714422,75.5952665],[-110.0022539,75.5980172]]],[[[-95.7193937,75.597233],[-94.9932364,75.697413],[-94.1668702,75.6331163],[-93.2812263,75.2805056],[-93.2835481,75.0564847],[-93.1584378,74.8831179],[-93.267159,74.6708741],[-93.4901978,74.605735],[-94.5940317,74.5698729],[-95.163004,74.6289752],[-95.019767,74.4977167],[-95.5343557,74.4490438],[-96.044962,74.5692965],[-95.9690064,74.6472967],[-95.6951143,74.7103235],[-95.7754326,74.7525941],[-95.9743188,74.7750121],[-95.9327168,74.70931],[-96.0989136,74.6617069],[-96.3725536,74.6802714],[-96.6217456,74.8082678],[-96.5438895,74.8783347],[-96.5789776,74.9064434],[-96.8277393,74.9814736],[-96.8309429,75.0773724],[-96.6776972,75.2177221],[-96.3326376,75.3500552],[-96.3764292,75.3758664],[-96.8987727,75.2957898],[-97.0780715,75.1986544],[-97.5452891,75.2480981],[-97.3490966,75.1677786],[-97.5129479,75.07901],[-97.3667227,75.0012273],[-97.4982985,74.9603377],[-100.139374,74.9343035],[-100.5607386,75.0053329],[-100.5899479,75.1187555],[-100.761306,75.1868296],[-100.6552127,75.2555536],[-101.0025439,75.3478435],[-100.8982457,75.4501332],[-101.8054786,75.5071206],[-102.7308559,75.4510096],[-102.9740466,75.5278292],[-103.087661,75.6282787],[-103.0535031,75.6678112],[-102.8511547,75.701838],[-103.406515,75.7075068],[-103.5974451,75.787201],[-103.9975575,75.825609],[-104.1573225,75.9489255],[-104.0293145,75.9977094],[-104.6503992,76.1044592],[-104.6716631,76.1854336],[-104.3460127,76.2815006],[-104.5982141,76.328905],[-104.6806786,76.3936227],[-104.6541818,76.4317976],[-104.8807178,76.5462477],[-104.8706969,76.6027459],[-104.4134432,76.7157988],[-103.9581851,76.7233003],[-102.8624794,76.495618],[-102.7763427,76.4496499],[-102.8352606,76.3826831],[-102.4109141,76.3024764],[-102.2157956,76.436889],[-101.9777092,76.4977617],[-101.1214786,76.4425304],[-101.2033719,76.5196723],[-102.1840355,76.5975783],[-101.2513687,76.7415042],[-101.5910536,76.8010383],[-101.3444726,76.8773856],[-101.0363452,76.8632137],[-100.9900754,76.7958286],[-99.6026801,76.8133724],[-99.1644413,76.7361376],[-98.3435536,76.7310868],[-97.4951051,76.5602577],[-97.4308177,76.4267444],[-97.4918258,76.3698935],[-97.3104622,76.3332819],[-97.4025711,76.2597794],[-97.2687694,76.154008],[-97.4238543,75.9782296],[-97.3332425,75.86346],[-97.5080453,75.7583249],[-97.2512123,75.7291259],[-97.1643405,75.6538887],[-96.8704148,75.7105815],[-96.9111021,75.7465026],[-96.856225,75.8051627],[-96.6816792,75.8637914],[-96.2180709,75.8892978],[-96.0560818,75.8285358],[-96.3658635,75.7109004],[-95.7193937,75.597233]]],[[[-92.2600414,81.6211789],[-92.2398331,81.6872132],[-91.993356,81.7552546],[-91.0037222,81.8823224],[-91.1062725,81.9246065],[-90.7503475,81.9968631],[-90.0893838,81.9578601],[-88.1430959,82.1580625],[-87.1249399,82.1183005],[-87.2722468,82.214592],[-85.8798851,82.3001653],[-85.948182,82.3740275],[-86.2194771,82.433339],[-86.0169191,82.503453],[-84.7752372,82.5262143],[-83.0393098,82.3404071],[-83.1056819,82.39516],[-82.9508007,82.5006251],[-82.6328565,82.5467911],[-82.7954079,82.6227588],[-82.6513157,82.6851157],[-81.5703563,82.6989425],[-81.9677682,82.7951638],[-81.8472096,82.8411864],[-80.7401091,82.8636307],[-80.630787,82.9313423],[-79.8291921,83.0070568],[-77.8401373,82.9876834],[-77.9146418,83.0462014],[-77.0358556,83.135656],[-75.2757462,83.0852213],[-74.0804317,83.1879062],[-73.503857,83.1385341],[-73.4069792,83.1077551],[-73.4891814,83.0696545],[-73.4375156,83.0665027],[-72.663297,83.1461526],[-69.6831539,83.1601587],[-69.2934803,83.1388311],[-69.2100725,83.0833868],[-66.115778,82.9739901],[-65.91705,82.9379422],[-65.9571542,82.8951626],[-64.6049466,82.9534279],[-63.2871004,82.8699426],[-63.0372468,82.8021663],[-63.183313,82.7031482],[-62.8613714,82.6403881],[-61.2565099,82.5199154],[-60.6889191,82.3640693],[-60.7190018,82.2428978],[-60.8084482,82.1992721],[-62.048379,81.9694863],[-64.1282024,81.6733091],[-66.204512,81.5204867],[-64.4272367,81.6009151],[-64.1566492,81.5695398],[-64.067017,81.4716932],[-64.4533239,81.3438069],[-65.8232388,81.1662647],[-66.4748082,80.9762261],[-68.4833003,80.6186439],[-69.1361578,80.3644196],[-69.6973836,80.3022028],[-69.6200091,80.249885],[-69.8047812,80.175483],[-70.2438122,80.1339211],[-70.1548875,80.091204],[-70.1922962,80.0271058],[-70.6809662,79.9315268],[-70.5648334,79.873071],[-70.8620782,79.750787],[-72.1488036,79.6013708],[-72.7989609,79.6223484],[-72.6659686,79.5562959],[-73.9242349,79.3862289],[-75.7870491,79.2922195],[-74.1805134,79.2555143],[-74.1400335,79.2012477],[-74.2713877,79.1604931],[-74.0907395,79.0608889],[-74.1772027,79.0001152],[-75.4016379,78.9578725],[-74.5266632,78.8750263],[-73.9333631,78.7545408],[-73.8345405,78.6858152],[-74.367817,78.6282902],[-74.316771,78.5847666],[-74.4301116,78.5447113],[-75.2815054,78.4682928],[-74.7491523,78.3362695],[-75.3919984,78.1637777],[-75.314878,78.0897985],[-75.6394824,77.9323332],[-76.2390565,77.9427851],[-76.0498643,77.8762848],[-76.2936897,77.8272555],[-77.3535368,77.8832982],[-77.3187852,77.8329452],[-77.3956441,77.7829438],[-77.7708669,77.7108153],[-77.5067207,77.6019861],[-77.8268561,77.4439031],[-78.1737015,77.3309398],[-79.0109599,77.2461842],[-78.7612352,77.1051913],[-78.8909924,77.0280688],[-77.9384103,77.0657893],[-77.4827013,76.8280174],[-77.587151,76.641342],[-77.9054089,76.5812496],[-77.9860847,76.5004782],[-78.2601799,76.4194103],[-78.7412715,76.4325325],[-79.1593424,76.2826999],[-79.5452777,76.2485116],[-79.6760915,76.1636695],[-81.0339883,76.0839439],[-81.8016503,76.1675925],[-81.2916002,76.2436285],[-80.9970682,76.4000951],[-81.1426889,76.4458698],[-81.9302301,76.4306714],[-82.1425221,76.3554656],[-82.7380837,76.3323582],[-84.2562053,76.3970126],[-84.3376142,76.385917],[-84.1639029,76.3076118],[-84.3837506,76.2509593],[-85.2032998,76.2298318],[-86.4656763,76.3370778],[-87.6479258,76.2881041],[-90.2818761,76.4463641],[-88.9662434,76.3086073],[-88.9412923,76.2569209],[-89.1582729,76.1567606],[-90.0100149,76.0827745],[-88.998202,75.8097563],[-88.9507444,75.7584696],[-89.0229483,75.6622119],[-88.9073262,75.7291021],[-88.6718354,75.7385221],[-88.1160471,75.5899432],[-87.2734781,75.6755736],[-86.8133804,75.5440672],[-86.3957857,75.5091875],[-85.6707674,75.6538261],[-84.4844812,75.7595421],[-84.0124014,75.88148],[-83.2905057,75.7955478],[-82.3242439,75.8951401],[-81.0104922,75.816176],[-80.9002564,75.7791548],[-80.93212,75.6862825],[-80.1645449,75.6843437],[-79.3714333,75.4884479],[-79.2502677,75.2661782],[-79.7354887,75.0859738],[-79.3956825,75.0531304],[-79.141328,74.9057025],[-79.2848769,74.823317],[-79.9935102,74.7574524],[-79.9890982,74.609638],[-80.125331,74.5476648],[-81.1326556,74.520695],[-81.7424875,74.4198698],[-82.8868007,74.4839361],[-83.2234673,74.5732191],[-83.4608815,74.4967861],[-84.2129982,74.4485277],[-87.5116432,74.4050227],[-88.6694126,74.4577893],[-88.7830005,74.5096252],[-88.7906635,74.6048372],[-89.8905114,74.4727501],[-90.8642963,74.6190377],[-91.2747887,74.5695079],[-92.0306996,74.6577625],[-92.2903857,74.7909844],[-92.26068,74.8964042],[-92.4551807,75.0319232],[-92.4516131,75.0907384],[-92.7220604,75.210686],[-92.637475,75.4561888],[-92.2709233,75.6660361],[-92.3430321,75.7423644],[-92.3235312,75.8180419],[-92.8392171,75.9820391],[-92.8849562,76.1099806],[-93.2702566,76.2859782],[-93.6324411,76.2026859],[-94.8187675,76.209474],[-94.6506691,76.1707835],[-94.5033602,76.0441181],[-94.2355673,75.9871614],[-94.058015,75.778389],[-94.2106398,75.7144997],[-94.8327427,75.7071287],[-94.9842395,75.7546416],[-95.0896141,75.9024689],[-95.0709467,75.9659085],[-94.9557033,75.9985924],[-95.2144753,76.0203532],[-95.3697655,76.1162799],[-95.1679033,76.1754657],[-95.5639593,76.2055065],[-95.6389305,76.2742231],[-95.6033169,76.3281185],[-96.062682,76.3790233],[-96.3448215,76.5127192],[-96.9145658,76.6352326],[-96.9452867,76.5492641],[-96.8595287,76.497468],[-96.9155281,76.4465156],[-97.3765706,76.4408844],[-97.4584089,76.5270846],[-97.3725824,76.6376512],[-97.0933707,76.6745671],[-97.4579421,76.8290582],[-97.4315419,76.9201786],[-97.7270372,76.9974051],[-97.3751161,77.093851],[-96.0785337,77.1105695],[-96.2125764,77.224617],[-95.3657465,77.3003366],[-94.9454712,77.2065447],[-95.0086339,77.1437919],[-95.2967295,77.1087772],[-93.3551635,76.9354069],[-92.9683053,76.7804476],[-92.9514158,76.683906],[-91.4335455,76.7508944],[-90.8018737,76.6925266],[-90.8683973,76.7287238],[-90.845489,76.7707555],[-90.6145764,76.8529018],[-89.7533508,76.8678125],[-88.5985543,77.164714],[-87.6445172,77.200129],[-87.4961567,77.2533612],[-87.9469697,77.335527],[-88.0270373,77.4249464],[-87.9451766,77.492487],[-88.4738723,77.6425407],[-88.4226336,77.813324],[-88.4683091,77.8608676],[-88.3964697,77.8934938],[-86.8156367,77.9425569],[-85.5599372,77.7620395],[-85.9396349,77.9439195],[-85.5625586,78.0465859],[-86.2190044,78.0102859],[-86.5376129,78.0832687],[-87.2764385,78.0575507],[-87.7784925,78.1353277],[-87.7135847,78.1887688],[-87.7825915,78.2408622],[-87.7226252,78.4610552],[-87.3821643,78.5757881],[-87.0756569,78.7680025],[-86.5676071,78.8531918],[-86.7295398,78.8757841],[-87.0785293,78.783443],[-87.338271,78.6286048],[-87.6070436,78.5955836],[-88.0170184,78.2397657],[-88.4933195,78.1896138],[-88.7016154,78.107911],[-89.5973003,78.0961367],[-90.0296901,78.1740443],[-90.2771486,78.0957497],[-90.9963531,78.0925437],[-92.1821059,78.1577093],[-93.1270234,78.3932428],[-93.2253892,78.4866631],[-93.0827542,78.5373392],[-93.5402997,78.5679585],[-94.6055805,78.9871377],[-93.2590191,79.2256352],[-93.4279399,79.2610644],[-94.2935144,79.1520624],[-95.1814477,79.1876582],[-96.0571464,79.4059269],[-96.0425547,79.5475963],[-95.881473,79.589045],[-97.0008919,79.777503],[-96.8629224,79.8462192],[-96.9353302,79.8950255],[-96.8718777,79.9343331],[-96.9447083,80.0364723],[-97.061673,80.083137],[-96.9945359,80.1591427],[-96.3745647,80.1953843],[-96.8564277,80.2687203],[-96.9335648,80.3517219],[-96.1570482,80.4353389],[-96.4828925,80.4767895],[-96.5408035,80.548115],[-96.1552319,80.6202763],[-96.3970001,80.6679777],[-96.2974084,80.7123859],[-95.6362996,80.7485277],[-95.8633525,80.8189422],[-95.769965,80.8661085],[-95.7911636,80.9194182],[-95.5473402,81.0269354],[-94.5547257,81.1505105],[-94.8004253,81.2063254],[-94.5777967,81.3681796],[-94.0774797,81.4249748],[-93.0842552,81.412909],[-91.7324228,81.2560501],[-91.4099242,81.1669738],[-91.3839204,81.0699989],[-90.767224,80.8327311],[-90.7666627,80.7800187],[-90.3446303,80.7111477],[-90.2531799,80.6042749],[-89.1341876,80.5758956],[-88.694146,80.448513],[-88.2592495,80.4923272],[-87.3591519,80.4368587],[-87.234635,80.2981558],[-87.2667987,80.1653341],[-87.3386949,80.1336536],[-86.9933185,80.1057192],[-86.7175695,79.9720823],[-86.9185456,80.1010954],[-86.9085403,80.175687],[-86.7964768,80.3128515],[-86.5850267,80.3594998],[-83.8823701,80.3143121],[-83.3683682,80.256786],[-82.8427459,80.1131856],[-83.5055252,80.3323691],[-80.6718419,80.5183497],[-80.2237829,80.58086],[-80.2782913,80.6137403],[-80.0513851,80.6755305],[-78.8624449,80.8031737],[-79.1801632,80.8297192],[-80.7381664,80.6201647],[-82.2121713,80.5156649],[-83.1190909,80.4927358],[-83.4714032,80.5463962],[-84.3618737,80.4657364],[-86.1942437,80.4852286],[-87.0020165,80.5883618],[-88.3520106,80.643214],[-89.5838964,80.821402],[-89.7606359,80.9004993],[-89.6740336,80.9510108],[-90.3935713,81.0142582],[-90.6534475,81.1492233],[-90.554054,81.225214],[-90.1891332,81.2817761],[-90.2695963,81.3113747],[-91.0066258,81.3836573],[-91.1579666,81.4201864],[-91.1303775,81.468957],[-92.1739232,81.4553695],[-92.3480886,81.5134592],[-92.1985479,81.5586002],[-92.2600414,81.6211789]]]]}},{"type":"Feature","properties":{"name":"Holy Roman Empire","historical_entity":"Holy Roman Empire","ohm_relation_id":2831515,"start_date":"1648-10-24","end_date":"1659-11-07","admin_level":"2","boundary":"administrative","source":null,"_historical_overlay":true},"geometry":{"type":"MultiPolygon","coordinates":[[[[4.8645399,49.7853652],[4.8762129,49.7843677],[4.8665999,49.7737263],[4.8585318,49.7773845],[4.8645399,49.7853652]]],[[[4.8422239,49.8267992],[4.850292,49.8346611],[4.8482321,49.8369861],[4.8556135,49.8383147],[4.8566435,49.8365433],[4.8544119,49.8355468],[4.8563002,49.8346611],[4.852867,49.8331109],[4.8559569,49.8312286],[4.8559569,49.8282388],[4.852352,49.8281281],[4.852352,49.8300106],[4.8492621,49.8303427],[4.8487471,49.8273529],[4.8422239,49.8267992]]],[[[13.4962964,46.0092582],[13.4984422,46.0096755],[13.5002017,46.0093327],[13.5016179,46.0083789],[13.5021329,46.006814],[13.5005879,46.005264],[13.4971761,46.0045784],[13.4962964,46.0092582]]],[[[13.4717273,46.0195703],[13.4723711,46.0227589],[13.4723496,46.0249193],[13.4729504,46.0261708],[13.4724569,46.0266774],[13.4730792,46.0272882],[13.4725213,46.0278692],[13.4732723,46.0285098],[13.4728753,46.0297762],[13.4750104,46.0333664],[13.4778643,46.0339474],[13.4785187,46.035936],[13.4917688,46.039161],[13.4961462,46.0381183],[13.4984207,46.0379693],[13.4991931,46.037016],[13.4984636,46.03645],[13.4992361,46.0358541],[13.4983348,46.0338282],[13.4938287,46.0312659],[13.4944295,46.0297464],[13.4898805,46.0265284],[13.488636,46.0243531],[13.4801387,46.0217308],[13.4783792,46.0224162],[13.4762764,46.0220288],[13.4755039,46.0226248],[13.4743452,46.0220586],[13.4747314,46.0208666],[13.4717273,46.0195703]]],[[[13.4914255,46.0624074],[13.4936356,46.0631072],[13.4973907,46.0594594],[13.4954166,46.0589978],[13.4948802,46.057613],[13.4968972,46.0567196],[13.4970474,46.0539946],[13.4960818,46.0524607],[13.4946441,46.0526246],[13.4930134,46.0536967],[13.4917259,46.0538457],[13.4910393,46.0546498],[13.4887647,46.054888],[13.487885,46.0556028],[13.4882498,46.0568834],[13.4911036,46.058015],[13.4914255,46.0624074]]],[[[13.1331251,45.7723726],[13.2414435,45.9139594],[13.2983493,45.8902472],[13.2907104,45.8079825],[13.2416152,45.8301151],[13.2450484,45.7533913],[13.1331251,45.7723726]]],[[[13.0545041,45.8768637],[13.0380246,45.8895305],[13.0390545,45.8988494],[13.0452343,45.896699],[13.0483242,45.9019554],[13.0538174,45.8974158],[13.0709835,45.8990884],[13.0678936,45.90315],[13.0751034,45.909839],[13.0854031,45.9041056],[13.087463,45.8883356],[13.0792233,45.871844],[13.0545041,45.8768637]]],[[[13.0826565,45.8096579],[13.0727002,45.8180331],[13.0617138,45.8130081],[13.0641171,45.8216222],[13.0541607,45.8302348],[13.0373379,45.8237755],[13.035278,45.8268856],[13.0562207,45.8371719],[13.0514141,45.8438689],[13.0654904,45.8508042],[13.0709835,45.8582169],[13.0816265,45.8481737],[13.0641171,45.8309525],[13.0864331,45.8259287],[13.0826565,45.8096579]]],[[[13.0376812,45.8331054],[13.0239483,45.8398029],[13.0301281,45.8505651],[13.0363079,45.8560649],[13.0397412,45.8496085],[13.0476376,45.8460213],[13.0455777,45.8388462],[13.0376812,45.8331054]]],[[[13.0593106,45.9074502],[13.0618855,45.9164078],[13.0692669,45.9289461],[13.0740734,45.9461369],[13.0826565,45.9456595],[13.0843731,45.9370647],[13.0797384,45.9363483],[13.0740736,45.9278714],[13.0759619,45.9254833],[13.0702971,45.9168854],[13.0593106,45.9074502]]],[[[12.965412,45.8883355],[12.9685019,45.8939511],[12.9582022,45.89419],[12.9468725,45.9094806],[12.9583739,45.911511],[12.9751967,45.9044638],[12.9741667,45.899805],[12.9774283,45.8950263],[12.975025,45.888694],[12.965412,45.8883355]]],[[[12.9573437,45.9626065],[12.9405209,45.9673793],[12.9367443,45.9747764],[12.9484173,45.9759694],[12.9559704,45.9709587],[12.9604336,45.9766852],[12.9745098,45.9812183],[12.9848095,45.9783553],[12.9872128,45.9843196],[12.9975125,45.9843196],[12.990646,45.972629],[12.981033,45.9661861],[12.9573437,45.9626065]]],[[[13.0239483,45.7929036],[13.0864331,45.7943399],[13.0751034,45.7514749],[13.0521008,45.7126525],[13.0239483,45.7929036]]],[[[10.1952694,46.7697334],[10.2962492,46.7890125],[10.277023,46.7360962],[10.2171133,46.6954916],[10.1952694,46.7697334]]],[[[8.6437312,47.7583563],[8.6453191,47.7600585],[8.6441175,47.7604624],[8.6451689,47.7622798],[8.6460487,47.763477],[8.6465636,47.7641693],[8.6483446,47.7655107],[8.6505762,47.765453],[8.651692,47.7656117],[8.6522499,47.7657847],[8.6525503,47.766304],[8.652958,47.7658857],[8.6530224,47.7648617],[8.6530868,47.7641549],[8.6525289,47.7629],[8.6520139,47.7621789],[8.6505548,47.7613999],[8.6508337,47.7585294],[8.6513487,47.7579669],[8.652207,47.7574764],[8.6520997,47.7573321],[8.6518208,47.7571446],[8.6481086,47.7570292],[8.6471001,47.7571446],[8.6437312,47.7583563]]],[[[6.2030693,51.9373336],[6.1315724,51.9785895],[6.258516,51.9510898],[6.2030693,51.9373336]]],[[[6.3676068,49.0117533],[6.3573071,49.0092762],[6.3631436,48.9937351],[6.3336178,48.9935099],[6.3291546,49.0002675],[6.317825,49.0020694],[6.3198849,49.0065738],[6.3325879,49.0081502],[6.3325879,49.0133296],[6.3535305,49.0182833],[6.3579937,49.0149059],[6.3676068,49.0117533]]],[[[6.2611767,49.0104022],[6.2618634,49.0054477],[6.2398907,48.9995918],[6.2467572,48.9817945],[6.221008,48.9786399],[6.2000653,48.9709778],[6.1921688,48.9923835],[6.2234112,48.9993665],[6.2151715,49.0086006],[6.2611767,49.0104022]]],[[[6.3442608,49.0788138],[6.3418576,49.1069163],[6.3875195,49.1129843],[6.3442608,49.0788138]]],[[[5.4643243,49.1624002],[5.5563348,49.1875383],[5.5226891,49.1084898],[5.4437249,49.0558706],[5.4643243,49.1624002]]],[[[5.4155724,49.216252],[5.4004662,49.2256701],[5.4059594,49.2382246],[5.4540246,49.2404662],[5.4753106,49.2350863],[5.4965966,49.2431559],[5.5158227,49.2350863],[5.4856103,49.2229794],[5.4485314,49.2234278],[5.4155724,49.216252]]],[[[6.6877554,48.543319],[6.7615698,48.5270646],[6.7272375,48.4145048],[6.6398619,48.4522043],[6.6877554,48.543319]]],[[[6.4366146,48.9928341],[6.4355847,49.015131],[6.4441677,49.0133296],[6.4506909,49.0146807],[6.4579007,49.0126541],[6.4534375,49.0016189],[6.4565274,48.996213],[6.4366146,48.9928341]]],[[[5.4720496,47.3694664],[5.471878,47.3671992],[5.454111,47.3584786],[5.4463004,47.3510358],[5.4409789,47.348419],[5.4360866,47.3481864],[5.4318809,47.3504543],[5.4291343,47.3563273],[5.4302501,47.3635367],[5.4341983,47.3683037],[5.4438113,47.3712684],[5.4576301,47.3734772],[5.4681872,47.3723728],[5.4712772,47.371094],[5.4720496,47.3694664]]],[[[5.2370879,51.2619419],[5.2779004,51.2909091],[5.3187558,51.304004],[5.3458783,51.2979937],[5.3479382,51.2741592],[5.3414151,51.2634189],[5.2962683,51.2618881],[5.2637814,51.2670439],[5.2370879,51.2619419]]],[[[4.9357941,51.4092978],[4.9363918,51.4053379],[4.9284814,51.4051137],[4.9287056,51.4052071],[4.9288923,51.4053099],[4.9289764,51.4054033],[4.9297609,51.4053752],[4.9300131,51.4054967],[4.9302932,51.4056928],[4.9307789,51.406057],[4.930891,51.4060477],[4.9310217,51.4059916],[4.9311431,51.4058796],[4.9312739,51.4057862],[4.9314887,51.4057582],[4.9317595,51.4057955],[4.9320957,51.4059169],[4.9323479,51.4059916],[4.9324413,51.4060664],[4.932488,51.4061971],[4.9324506,51.4063372],[4.9323666,51.4065146],[4.9323012,51.4065894],[4.9320677,51.4065707],[4.9317969,51.406496],[4.9316941,51.4064773],[4.9316381,51.406496],[4.9315074,51.4067201],[4.9313392,51.4067855],[4.9312739,51.4068695],[4.9312272,51.4070283],[4.9310591,51.4072151],[4.9305828,51.4074206],[4.9298356,51.4076821],[4.9294434,51.4077101],[4.9292099,51.4077661],[4.9290231,51.4077568],[4.9286215,51.4077755],[4.9281545,51.4078128],[4.9279117,51.4078688],[4.9277903,51.4078875],[4.9273046,51.4082331],[4.9290978,51.4081117],[4.9303399,51.4080089],[4.9311058,51.4079903],[4.9316661,51.4079996],[4.9318903,51.408037],[4.9321611,51.4081677],[4.9323264,51.4081972],[4.9323729,51.4082751],[4.9324404,51.4083051],[4.9324659,51.4083306],[4.9324749,51.4083636],[4.9325319,51.4083831],[4.9325814,51.4084101],[4.9325949,51.4084671],[4.9326099,51.4084956],[4.9326354,51.4085211],[4.9326399,51.4085871],[4.9326489,51.4086246],[4.9327149,51.4086561],[4.9328693,51.4087161],[4.9329158,51.4087461],[4.9329473,51.4087971],[4.9329563,51.408986],[4.9357941,51.4092978]]],[[[4.888586,51.4246982],[4.8901183,51.4252918],[4.8905688,51.4249971],[4.8906446,51.424795],[4.8912045,51.4245298],[4.8915496,51.4248035],[4.8916044,51.4247824],[4.8922948,51.4241004],[4.8917728,51.4237384],[4.8917096,51.423671],[4.8914402,51.4232206],[4.8893648,51.4234606],[4.8903457,51.4239026],[4.888586,51.4246982]]],[[[4.8387569,51.4181965],[4.8400069,51.4188216],[4.8400736,51.4187966],[4.8403819,51.4188799],[4.8404902,51.4188299],[4.8405652,51.4187882],[4.8405319,51.4186799],[4.8404236,51.4185882],[4.8403736,51.4185216],[4.8403819,51.4184716],[4.8404736,51.4184382],[4.8405402,51.4183215],[4.8404986,51.4182382],[4.8404902,51.4180799],[4.8405652,51.4180215],[4.8408569,51.4179382],[4.8410819,51.4179049],[4.8412319,51.4178715],[4.8413569,51.4178965],[4.8408486,51.4174632],[4.8387569,51.4181965]]],[[[4.8357401,51.4484558],[4.8361901,51.4487975],[4.8366568,51.4483891],[4.8362234,51.4480475],[4.8357401,51.4484558]]],[[[4.9399727,51.4361222],[4.9392939,51.4360323],[4.9392694,51.4360609],[4.9388523,51.4359832],[4.9388441,51.4360118],[4.9383207,51.4358973],[4.9381653,51.4359668],[4.9375847,51.4354475],[4.9372003,51.4351286],[4.9368118,51.434781],[4.9362516,51.4342208],[4.9362966,51.4341921],[4.9364601,51.4340695],[4.9366196,51.4339754],[4.9368077,51.4339345],[4.9369876,51.4339182],[4.9372453,51.4339304],[4.9374702,51.4339632],[4.9378668,51.4340327],[4.9386683,51.4341472],[4.9388482,51.4341676],[4.9399318,51.4341226],[4.9396783,51.4332271],[4.9394657,51.4332189],[4.9394125,51.4322334],[4.939801,51.4322989],[4.940079,51.4315955],[4.9392408,51.4314401],[4.9396906,51.4307368],[4.9382512,51.4303688],[4.9376092,51.4300948],[4.9376501,51.4300539],[4.9361535,51.4294692],[4.9359817,51.4294651],[4.934436,51.430606],[4.9341539,51.4305937],[4.933884,51.4305773],[4.9337327,51.4305569],[4.9335977,51.4310231],[4.9309357,51.4304792],[4.9308662,51.4303811],[4.9307967,51.4302625],[4.9307149,51.4300744],[4.930584,51.4299762],[4.9293859,51.4309331],[4.9288175,51.4305201],[4.9283963,51.430745],[4.9281632,51.4308922],[4.9279342,51.4311171],[4.927738,51.4313461],[4.9276112,51.4315424],[4.9274763,51.4317959],[4.9273536,51.4319881],[4.9272432,51.4321476],[4.9269815,51.4324788],[4.9266543,51.4328754],[4.9265971,51.4329858],[4.9265807,51.4330758],[4.9266053,51.4331453],[4.9268752,51.433591],[4.9267198,51.4335093],[4.9265848,51.4334561],[4.9264458,51.4334234],[4.9262863,51.4333989],[4.9260737,51.4333948],[4.9259878,51.4336156],[4.9259837,51.4336851],[4.9260083,51.4337178],[4.9259919,51.4338732],[4.925399,51.4338282],[4.9252354,51.4339713],[4.924986,51.4338773],[4.9252354,51.4334152],[4.9247038,51.4334193],[4.9240986,51.4334684],[4.923383,51.4335461],[4.9227492,51.4336319],[4.9225529,51.4336401],[4.9225856,51.4337219],[4.9225979,51.4337996],[4.9225815,51.4338814],[4.9225529,51.4339345],[4.922463,51.4340286],[4.9224098,51.4340654],[4.9199849,51.434507],[4.9190976,51.4347851],[4.9187296,51.4349323],[4.9184311,51.4350427],[4.9181203,51.4352267],[4.9179608,51.4352103],[4.9172166,51.4345765],[4.9165541,51.4347605],[4.9157935,51.4350182],[4.9153315,51.435149],[4.914988,51.4352308],[4.9149634,51.4352799],[4.9149962,51.4353126],[4.9150371,51.435333],[4.9150657,51.4353412],[4.9153087,51.4354372],[4.915837,51.4355847],[4.9170695,51.4358798],[4.9179452,51.4352659],[4.9180641,51.4352849],[4.9190207,51.4359988],[4.9195584,51.4364509],[4.920101,51.4362938],[4.9202009,51.4363842],[4.9206102,51.4362843],[4.9212003,51.4368934],[4.9198059,51.4380927],[4.9199344,51.4382021],[4.9212907,51.4391159],[4.920634,51.4394537],[4.9205483,51.4393966],[4.9202199,51.4395442],[4.921186,51.4404055],[4.9207149,51.4404769],[4.9199915,51.4405721],[4.919192,51.440672],[4.9202056,51.4412907],[4.9206054,51.4415572],[4.9215334,51.4421949],[4.9218903,51.4420569],[4.9219807,51.4421616],[4.9220854,51.4423376],[4.9222139,51.4424994],[4.922371,51.4426612],[4.9222187,51.4427755],[4.9217237,51.4431657],[4.9215524,51.4432894],[4.9214287,51.4433751],[4.9212669,51.4434512],[4.921462,51.4437796],[4.9208671,51.444798],[4.9215381,51.4448646],[4.9212288,51.4453072],[4.9210527,51.4452406],[4.9202818,51.4457688],[4.9201771,51.4455737],[4.9199963,51.4452644],[4.919882,51.4451406],[4.9192919,51.4454357],[4.9188208,51.4456974],[4.9186162,51.4457403],[4.918283,51.4457783],[4.9185876,51.4462875],[4.9187732,51.4463637],[4.9192443,51.4468586],[4.9194204,51.4469395],[4.920553,51.4459592],[4.92091,51.4461876],[4.9211384,51.4462923],[4.9214192,51.4464113],[4.921619,51.4465017],[4.9217951,51.4465921],[4.9227897,51.4472679],[4.9230229,51.4473821],[4.9240223,51.4463161],[4.9235702,51.4461971],[4.9236178,51.44614],[4.9220997,51.445707],[4.9243031,51.444936],[4.9230896,51.4449122],[4.9237272,51.4438986],[4.9241175,51.4440604],[4.9242888,51.4439271],[4.92545,51.4445505],[4.9280436,51.443613],[4.9257831,51.4427802],[4.9264589,51.4421854],[4.926516,51.4421996],[4.9268396,51.4416762],[4.9262638,51.4416952],[4.926121,51.4412145],[4.9264351,51.4413145],[4.9265303,51.441305],[4.9265493,51.4412241],[4.9266159,51.4411194],[4.9270728,51.440515],[4.9272298,51.4402865],[4.9273678,51.4400296],[4.9268872,51.4398344],[4.9269586,51.4398011],[4.9283053,51.4385495],[4.9285766,51.4390397],[4.9287527,51.439311],[4.928943,51.4395394],[4.9290572,51.4396584],[4.9293142,51.439844],[4.9296902,51.4400819],[4.9288574,51.4410099],[4.9287003,51.4416],[4.9290477,51.4416381],[4.9291905,51.4416857],[4.9293428,51.4417237],[4.9294522,51.4417618],[4.9299138,51.4419522],[4.9298853,51.4424756],[4.9304516,51.4424566],[4.9304564,51.4426041],[4.930504,51.4425756],[4.9309846,51.4428135],[4.9309132,51.4428706],[4.9323171,51.4432514],[4.932398,51.4431657],[4.9331214,51.4432751],[4.933169,51.4430848],[4.933721,51.4431657],[4.9336686,51.4433989],[4.9335211,51.4438177],[4.933464,51.444008],[4.9334021,51.4440889],[4.9332641,51.4442079],[4.9334735,51.4444554],[4.9336877,51.4447219],[4.9339684,51.4450455],[4.9344015,51.4454928],[4.9345966,51.4456736],[4.9348584,51.4458878],[4.935201,51.4461115],[4.9355484,51.4463494],[4.9356293,51.4463018],[4.9356008,51.4462542],[4.9356483,51.4462209],[4.9357197,51.4461543],[4.9357911,51.4460686],[4.935872,51.4459449],[4.9359482,51.4458069],[4.9361623,51.4452596],[4.9358958,51.4451597],[4.935182,51.4448741],[4.9352534,51.4447219],[4.935477,51.4442888],[4.9367191,51.4444744],[4.936781,51.4443364],[4.9368762,51.444384],[4.9371617,51.444503],[4.9373425,51.4445648],[4.9381182,51.4447219],[4.9385703,51.4434703],[4.9390177,51.443575],[4.9395269,51.4418237],[4.9388844,51.4418522],[4.9384656,51.443437],[4.9378232,51.4433037],[4.9381706,51.4424376],[4.938104,51.441876],[4.937333,51.4419141],[4.9363241,51.4420331],[4.9356721,51.4420759],[4.9350582,51.4421045],[4.9342635,51.4421187],[4.934273,51.4418332],[4.9341778,51.4418237],[4.9337353,51.4408814],[4.9348964,51.4408719],[4.9348869,51.4395632],[4.9364193,51.4396631],[4.9363669,51.4391968],[4.9345776,51.4391587],[4.9346537,51.4385543],[4.9363384,51.4386066],[4.9364193,51.4377976],[4.9390367,51.4379832],[4.9388654,51.4386352],[4.9387845,51.4393157],[4.939879,51.4394442],[4.9399647,51.4392348],[4.9400932,51.4388256],[4.9403612,51.4380155],[4.9394493,51.4371445],[4.9397983,51.436463],[4.9399727,51.4361222]],[[4.9306322,51.4398859],[4.9308337,51.4393596],[4.9309153,51.4387772],[4.9322208,51.4388428],[4.932312,51.4390764],[4.9323408,51.4391884],[4.93236,51.4393116],[4.9323728,51.4394379],[4.9323888,51.4399899],[4.9323856,51.4400315],[4.9306322,51.4398859]],[[4.9353724,51.437524],[4.9354569,51.4361802],[4.9368007,51.4362666],[4.936626,51.4368463],[4.9364744,51.437549],[4.9353724,51.437524]],[[4.9313235,51.4364462],[4.9313004,51.4363483],[4.9312774,51.4362129],[4.9312659,51.4360833],[4.9312745,51.4358933],[4.9312918,51.4356802],[4.9312947,51.435516],[4.9313091,51.4353634],[4.9312803,51.4349804],[4.9312572,51.4347961],[4.9312486,51.4346637],[4.9315193,51.434632],[4.9318936,51.4345686],[4.9319858,51.4345571],[4.932029,51.4352943],[4.9324177,51.4352943],[4.9323745,51.4344909],[4.9327316,51.4344246],[4.932795,51.4353605],[4.9326855,51.4364692],[4.9313235,51.4364462]],[[4.9306877,51.4371566],[4.9307155,51.4370563],[4.930759,51.4369705],[4.9309071,51.4367232],[4.9309962,51.4366686],[4.9313928,51.436604],[4.9316301,51.4371677],[4.9306877,51.4371566]],[[4.9341113,51.4334309],[4.9341413,51.4324103],[4.9341802,51.4319512],[4.9354144,51.4320483],[4.9353932,51.4322849],[4.9353791,51.4326804],[4.9353879,51.4328023],[4.935402,51.4328959],[4.9354992,51.4333355],[4.9355062,51.4333991],[4.9355009,51.4334927],[4.9341113,51.4334309]],[[4.9223137,51.4376821],[4.9236944,51.4376545],[4.923722,51.4377695],[4.9238232,51.4379858],[4.9239291,51.4380963],[4.9240855,51.4382435],[4.9243156,51.4384921],[4.9247206,51.4389753],[4.9247436,51.439141],[4.923271,51.4398451],[4.9248587,51.4407287],[4.924311,51.4411061],[4.9248679,51.4415019],[4.9250336,51.4416399],[4.9251118,51.4417412],[4.9241085,51.4418562],[4.9239429,51.4415709],[4.9239659,51.4415617],[4.9223229,51.4402225],[4.9224518,51.4401903],[4.9227049,51.4400522],[4.9215083,51.439256],[4.9223275,51.4387866],[4.9222815,51.4387636],[4.9223137,51.4376821]]],[[[4.9399727,51.4361222],[4.9408706,51.4362481],[4.9408653,51.4362693],[4.9409582,51.4362746],[4.9411334,51.4362985],[4.9415502,51.4363649],[4.9421793,51.4364525],[4.9424926,51.4357676],[4.9425563,51.4356137],[4.9425722,51.4355022],[4.942758,51.4351173],[4.9425218,51.4350695],[4.9423784,51.435035],[4.9418103,51.4348784],[4.9409981,51.4346394],[4.9409609,51.4349129],[4.940937,51.4352526],[4.9406132,51.4352367],[4.9404034,51.43525],[4.9401884,51.4354862],[4.9400806,51.4358042],[4.9399727,51.4361222]]],[[[4.9407532,51.4393127],[4.9422488,51.4395398],[4.942053,51.4400487],[4.9431023,51.4401662],[4.9429143,51.4399313],[4.9426716,51.4396729],[4.942468,51.439485],[4.9422958,51.4393519],[4.9418416,51.4390543],[4.9422253,51.4381108],[4.9413679,51.4379463],[4.9410468,51.4385219],[4.9410194,51.4385023],[4.9407532,51.4393127]]],[[[4.9397588,51.4397708],[4.9414266,51.4399939],[4.9415206,51.4397394],[4.9398606,51.4395085],[4.9397588,51.4397708]]],[[[4.9392106,51.443622],[4.9399498,51.4437595],[4.9402363,51.4430261],[4.9399125,51.4429745],[4.9402764,51.4418056],[4.9397263,51.4418228],[4.9392106,51.443622]]],[[[4.9181457,51.4439621],[4.9183745,51.4441048],[4.9188775,51.4440059],[4.9187984,51.4438378],[4.9186218,51.4436174],[4.9185483,51.4436117],[4.9185398,51.4435778],[4.918489,51.4435722],[4.9185257,51.4434394],[4.9182191,51.4434337],[4.9181457,51.4439621]]],[[[4.9241731,51.4463508],[4.9254998,51.4466527],[4.9269213,51.4453613],[4.9265092,51.4452555],[4.9262492,51.4451607],[4.9257202,51.4449073],[4.9241731,51.4463508]]],[[[4.927352,51.4485678],[4.9281498,51.4489328],[4.9291233,51.4481235],[4.928397,51.4478241],[4.927352,51.4485678]]],[[[4.9294895,51.4495747],[4.9297745,51.4497181],[4.9307364,51.4504259],[4.9314987,51.4495856],[4.9318126,51.4492698],[4.9303988,51.4487235],[4.9294895,51.4495747]]],[[[4.9315111,51.4476335],[4.9323651,51.4479822],[4.9332572,51.4482835],[4.9340709,51.4473986],[4.9337886,51.4473607],[4.933696,51.4473251],[4.933594,51.4472681],[4.933511,51.4472017],[4.9319049,51.4466632],[4.9315182,51.4470119],[4.9319547,51.4471993],[4.9315111,51.4476335]]],[[[4.9330891,51.4495339],[4.9336736,51.449653],[4.9339151,51.4496915],[4.9343106,51.449723],[4.9350422,51.449793],[4.9359593,51.4499015],[4.9372263,51.449919],[4.9372788,51.450108],[4.9378879,51.4500975],[4.9379439,51.450402],[4.939393,51.4503845],[4.9394805,51.4504405],[4.9410801,51.450465],[4.9410521,51.450787],[4.9430437,51.450829],[4.9431102,51.4503635],[4.9464319,51.4507695],[4.9465649,51.4507695],[4.9466489,51.4507485],[4.9465824,51.450927],[4.9473525,51.4511125],[4.947629,51.45057],[4.9487001,51.4511545],[4.9486756,51.4511931],[4.9489066,51.4513016],[4.9491726,51.4513891],[4.9498061,51.4514731],[4.9506147,51.4516481],[4.9503802,51.4522011],[4.9499567,51.4521346],[4.9495856,51.4529222],[4.9494281,51.4535207],[4.9514617,51.4537132],[4.9515318,51.4529397],[4.9515458,51.4526911],[4.9515808,51.4525826],[4.9516298,51.4524986],[4.9517348,51.4523831],[4.9518223,51.4523376],[4.9521093,51.4521731],[4.9524523,51.4519456],[4.9526133,51.4518021],[4.9527498,51.4516271],[4.9512622,51.4510495],[4.9517873,51.450514],[4.9519098,51.4505455],[4.9523928,51.4501535],[4.9520183,51.4499855],[4.9514372,51.4497335],[4.9508492,51.4495024],[4.9505692,51.4494219],[4.9502892,51.4493589],[4.9489591,51.4491419],[4.9482765,51.4490264],[4.948343,51.4487569],[4.948196,51.4482144],[4.948133,51.4481794],[4.948084,51.4474093],[4.9479405,51.4473358],[4.9463619,51.4473813],[4.9461414,51.4474898],[4.9459419,51.4475283],[4.9457004,51.4475528],[4.9454099,51.4475598],[4.9451508,51.4476018],[4.9450073,51.4476683],[4.9447728,51.4477873],[4.9463759,51.4482809],[4.9459944,51.4490999],[4.9451928,51.4489529],[4.9440238,51.4487289],[4.9435302,51.4486659],[4.9434847,51.4474828],[4.9417066,51.4471783],[4.9415211,51.4471503],[4.9413951,51.4471118],[4.9414196,51.4469088],[4.9415071,51.4464292],[4.9414021,51.4464257],[4.9406916,51.4463732],[4.940457,51.4468178],[4.9397255,51.4465658],[4.940366,51.4451902],[4.9401315,51.4451622],[4.9395085,51.4464993],[4.9390815,51.4463522],[4.9388994,51.4471363],[4.9367328,51.4468388],[4.9362533,51.4469053],[4.9367853,51.4475283],[4.9346887,51.4474758],[4.9346992,51.4475388],[4.9346222,51.4476508],[4.9344227,51.4479098],[4.9330891,51.4495339]],[[4.9416548,51.449481],[4.9415683,51.4479429],[4.9420261,51.4480062],[4.9422033,51.4494894],[4.9416548,51.449481]]],[[[4.9457034,51.4447041],[4.9459394,51.4447077],[4.9459067,51.4451978],[4.9477035,51.4452014],[4.9477144,51.4457422],[4.9478886,51.445666],[4.9480846,51.4455934],[4.9482625,51.4455499],[4.9484077,51.4455499],[4.9485783,51.4455608],[4.9487162,51.4455789],[4.948905,51.4455644],[4.9491445,51.4455353],[4.949228,51.4455172],[4.9493297,51.4454482],[4.9493986,51.4453357],[4.9496201,51.4453248],[4.9496781,51.4452014],[4.9496927,51.4450417],[4.949689,51.4449872],[4.9497761,51.4449981],[4.949787,51.4449473],[4.9496055,51.4449292],[4.9496455,51.4447767],[4.9489413,51.4447331],[4.9498741,51.4436551],[4.9495075,51.4436841],[4.9490683,51.4437023],[4.9486727,51.4436769],[4.948542,51.4436769],[4.9481463,51.4436986],[4.9480483,51.4438257],[4.948081,51.4440435],[4.9467198,51.4440035],[4.9458087,51.4439564],[4.945816,51.4438438],[4.9439502,51.4436514],[4.943903,51.4437894],[4.9457978,51.4439781],[4.9457034,51.4447041]]],[[[4.9409792,51.4452967],[4.9421155,51.4455504],[4.9423158,51.4451391],[4.9411848,51.4448801],[4.9409792,51.4452967]]],[[[4.9426577,51.4531683],[4.9427633,51.4533277],[4.9431298,51.4533525],[4.9433741,51.453365],[4.9447883,51.4535182],[4.9449291,51.4530378],[4.9428172,51.4526838],[4.9428172,51.4527376],[4.942755,51.4528991],[4.9427488,51.4529964],[4.9426577,51.4531683]]],[[[4.9487499,51.4549935],[4.9495855,51.4551156],[4.9497914,51.4543039],[4.9492383,51.4542488],[4.9493461,51.4537891],[4.9490204,51.45377],[4.9487499,51.4549935]]],[[[4.940714,51.4556335],[4.9416306,51.4555672],[4.9420932,51.4552384],[4.9406209,51.4553241],[4.940714,51.4556335]]],[[[4.8657738,51.4142841],[4.8669968,51.4143893],[4.8678165,51.4132606],[4.8671458,51.4133198],[4.8670318,51.4133263],[4.8669595,51.4133154],[4.866771,51.4132781],[4.8663151,51.4131817],[4.8660499,51.4136047],[4.8660784,51.4136003],[4.8660434,51.4137537],[4.8657738,51.4142841]]],[[[4.8733935,51.4159195],[4.8735967,51.4159887],[4.8737441,51.4160557],[4.8748271,51.4165113],[4.8753072,51.4160691],[4.8747065,51.4158793],[4.8744832,51.4158012],[4.8740925,51.4156493],[4.8739071,51.4155533],[4.8736347,51.4154595],[4.8733935,51.4159195]]],[[[8.5135946,54.0249082],[8.5252874,54.22117],[8.8716315,54.2641213],[9.0096902,54.3790077],[9.2628478,54.3431996],[9.2866229,54.2756996],[9.3935251,54.2888527],[9.4684553,54.1965417],[9.5867727,54.239049],[9.544544,54.2834667],[9.5953558,54.3443504],[10.1666449,54.3642582],[10.2666269,54.4910686],[10.7468133,54.3632995],[10.915951,54.4319334],[10.9341218,54.5205957],[11.0685447,54.5927468],[11.2920993,54.5470603],[11.405123,54.3978877],[11.1663608,54.3247891],[11.1717021,54.1733995],[10.905072,54.0375046],[11.306804,54.0305536],[11.6446205,54.1975412],[12.0778255,54.2391211],[12.2723109,54.3337087],[12.4683936,54.5314628],[12.9736264,54.5105876],[13.0603932,54.6449062],[13.425785,54.7374147],[13.514801,54.7058431],[13.5053264,54.632589],[13.7568539,54.5912147],[13.7675221,54.5098383],[13.6820837,54.4595032],[13.8508771,54.3649975],[13.8451945,54.2948183],[14.0092882,54.265744],[13.9267294,54.1515907],[14.3454881,53.9667085],[15.2408031,54.196956],[16.0582931,54.3207886],[16.4688487,54.5863457],[16.8567058,54.6452456],[17.2047092,54.7775304],[17.479248,54.8138431],[17.5366687,54.7584609],[17.4158191,54.7124247],[17.6166629,54.6369392],[17.5467967,54.5491186],[17.6698779,54.5073797],[17.6003551,54.4424954],[17.7140805,54.4249226],[17.7545499,54.3387464],[17.2818371,54.2395507],[17.2701643,54.0453805],[17.0152473,53.9690376],[16.9848203,53.9049197],[16.7304609,53.9145513],[16.8179225,53.8927064],[16.7889975,53.8100785],[16.9401862,53.5840602],[16.9090249,53.4547634],[16.6991328,53.4138294],[16.2827681,53.6528796],[16.245346,53.7506902],[16.0323674,53.6772887],[16.104927,53.6282005],[16.0576343,53.5430106],[16.2327289,53.5321968],[16.370487,53.4264124],[15.9154127,53.3601823],[15.9696577,53.2994663],[16.1432504,53.2872306],[15.9521483,53.0337814],[15.9899139,52.8653474],[15.9449386,52.7293273],[15.3980684,52.6582422],[15.2312994,52.4162414],[15.3952359,52.4549111],[15.4554462,52.3604012],[15.7168006,52.2871676],[15.7412624,52.0994538],[16.00605,51.9930728],[15.9452819,51.9359575],[16.1906934,51.891312],[16.1401176,51.7597655],[16.2276113,51.6987891],[16.3468838,51.7088689],[16.4010322,51.7900968],[16.709733,51.7600577],[16.6810441,51.7006643],[16.7632055,51.6845034],[16.8198538,51.5772296],[16.9664955,51.5497777],[17.2066497,51.5670938],[17.239995,51.6419652],[17.4711798,51.6262229],[17.5773525,51.5076473],[17.8087486,51.4668666],[17.7527045,51.3951894],[17.9538917,51.2984229],[17.8943252,51.2086042],[17.9438495,51.149498],[18.4025581,51.1244717],[18.4290504,51.0236085],[18.6259031,50.9709542],[18.6294221,50.8307975],[19.1226697,50.6729514],[19.0956109,50.513427],[19.0015405,50.4815418],[18.9581106,50.377328],[19.1921604,50.1960196],[19.1378724,50.18765],[19.233461,50.1757094],[19.1443634,50.1592503],[19.2289496,50.0671944],[19.015274,49.9465254],[19.0842176,49.7724513],[18.9541625,49.6791812],[19.0170764,49.6222212],[18.946582,49.517368],[18.545748,49.50051],[18.378918,49.330546],[18.1840259,49.2869962],[18.0959737,49.0595331],[17.9243,49.019966],[17.885311,48.927677],[17.528483,48.81216],[17.1959424,48.8756815],[16.9978452,48.7234082],[16.8331575,48.3808534],[17.0639132,48.1098384],[16.9756793,48.1058838],[16.9791555,48.0234289],[16.890192,48.0746095],[16.7027371,48.0123344],[16.5806865,47.8884349],[16.485554,47.9434149],[16.3479774,47.8681285],[16.377139,47.8273608],[16.2685418,47.7920253],[16.3668816,47.6482752],[16.3334082,47.5049103],[16.0159203,47.3679552],[16.1523053,46.9926654],[16.0135173,46.8847176],[15.9847852,46.7519524],[16.0363698,46.649009],[16.2690031,46.538237],[16.301549,46.3782882],[16.0581922,46.393462],[16.014136,46.3087785],[15.6471848,46.2171733],[15.5959907,46.1463481],[15.732483,46.0445256],[15.7093109,45.8465199],[15.5385512,45.8476027],[15.2381229,45.7207725],[15.3227832,45.6738564],[15.3393761,45.7142267],[15.4063982,45.6478573],[15.2770121,45.6038219],[15.3554518,45.4693994],[15.1777673,45.4214484],[14.9314887,45.5292683],[14.8177685,45.459442],[14.5700119,45.6729455],[14.4061731,45.4398726],[14.4641337,45.3379549],[14.3464813,45.3066764],[14.2586007,45.1478875],[13.8552187,45.1073028],[13.7789581,45.1992159],[13.8833284,45.3298537],[13.9845657,45.2897126],[14.2063844,45.4007552],[13.6914543,45.6371988],[13.5022442,45.8691474],[13.4259141,45.8338047],[13.4619331,45.7499411],[13.2531164,45.7486],[13.4169244,45.8495784],[13.3304071,45.8585902],[13.3333253,45.9159001],[13.4932279,45.9849009],[13.666678,46.1740438],[13.4392833,46.226878],[13.4002302,46.2959506],[13.5179929,46.3777532],[13.45581,46.4747241],[12.5018092,46.6806196],[12.211247,46.610024],[12.254376,46.5371184],[12.145667,46.4663578],[11.8866855,46.4648695],[11.7740303,46.3576643],[11.9650125,46.1678988],[11.6850735,46.0934045],[11.6850918,45.9680814],[11.5112685,46.0123431],[11.3735506,45.983531],[11.3506894,45.8918748],[11.2226199,45.9266176],[11.1385098,45.6968483],[10.9371549,45.6731241],[10.843289,45.7183607],[10.8835293,45.8169886],[10.7734565,45.8430906],[10.6532081,45.8327512],[10.6673668,45.7730646],[10.5722285,45.725838],[10.4526701,45.9845919],[10.5922793,46.0813876],[10.5915069,46.1611666],[10.5138302,46.1634405],[10.5854129,46.2450447],[10.5157054,46.3432656],[10.6327571,46.4015342],[10.4579081,46.5108055],[10.4922941,46.6151164],[10.3921149,46.6551393],[10.4790088,46.9108235],[10.3987059,46.9968654],[10.2592563,46.8610714],[10.1051887,46.8409011],[9.8761296,46.9346278],[9.8762464,47.0212266],[9.4757954,47.0517506],[9.4897635,47.1964967],[9.6733513,47.3815101],[9.6587277,47.4524576],[9.2679976,47.6560227],[8.8959217,47.6480724],[8.8066793,47.7382942],[8.7960159,47.6753926],[8.7280527,47.6926837],[8.7411079,47.7519893],[8.6568359,47.8004503],[8.6316409,47.7581928],[8.5680017,47.8084615],[8.4046268,47.6979784],[8.4734753,47.6384102],[8.6066965,47.6720995],[8.5825578,47.5961242],[8.2377842,47.6126404],[8.2263562,47.5459448],[8.0752943,47.508505],[8.1099699,47.4565319],[7.9875754,47.4285519],[7.8593438,47.5338931],[7.7906792,47.494473],[7.6339545,47.5612245],[7.6932611,47.601048],[7.5890388,47.5898969],[7.5112158,47.6975336],[7.5741291,47.8965497],[7.4386023,47.941762],[7.5948141,47.9869347],[7.34539,48.0184058],[7.3301123,47.9230146],[7.2434233,47.9131207],[7.2058295,47.8117136],[6.8229503,47.8137573],[6.7596815,47.7460187],[6.7803669,47.6060184],[6.8019101,47.5468718],[6.9543454,47.5123314],[6.9402723,47.4333274],[7.1279794,47.5039313],[7.2465183,47.4203421],[7.4486446,47.4151371],[7.4224177,47.4507165],[7.5295828,47.4617547],[7.4980384,47.5361522],[7.5546583,47.5643681],[7.6135247,47.4355196],[7.4367134,47.378825],[7.5716393,47.3262582],[7.3405831,47.2171785],[7.0600888,47.241716],[6.7405487,47.1096216],[6.6895579,47.008587],[6.485759,46.967476],[6.4326552,46.9286841],[6.4524,46.7739825],[6.1105266,46.5764782],[6.1599397,46.5429822],[6.121788,46.4928381],[5.8713339,46.2649856],[5.726795,46.2614252],[5.6442259,46.3457428],[5.4166029,46.2516925],[5.3915403,46.3446763],[5.2952383,46.3835899],[5.423126,46.5011102],[5.3585814,46.5633456],[5.4341124,46.6420119],[5.3259657,46.8112806],[5.4467296,46.8313081],[5.4095649,46.884659],[5.4903316,46.9244175],[5.393772,46.9953582],[5.3535174,46.9271725],[5.4033851,46.8916394],[5.3519296,46.8886185],[5.2563142,46.9806037],[5.4670714,47.1675432],[5.5048369,47.2897094],[5.4222677,47.4343581],[5.3659628,47.4325002],[5.479431,47.6117183],[5.3845022,47.6121812],[5.4809759,47.6969386],[5.704994,47.6548662],[5.6952093,47.8256033],[5.9844588,47.8947657],[5.9005164,47.9274432],[5.9796521,48.0714267],[5.9223168,48.1198096],[6.0740658,48.1651697],[6.0373303,48.2349645],[5.9563061,48.1892081],[5.7410427,48.2653698],[5.7558056,48.1830279],[5.6483456,48.2335924],[5.699157,48.3918264],[5.6249993,48.4264672],[5.7619854,48.5011378],[5.8570858,48.4228217],[5.9092709,48.4588075],[5.8502194,48.5550236],[5.9003445,48.6077171],[6.1094281,48.5497967],[5.9260937,48.6880143],[6.036987,48.757547],[6.0994717,48.7319647],[6.0676285,48.7755374],[5.8797451,48.7520015],[5.830135,48.8130813],[5.8474728,48.7570943],[5.5288693,48.6220167],[5.4224392,48.6889209],[5.6122967,48.8511621],[5.4993435,48.8552283],[5.5405423,48.881651],[5.4231255,49.0207602],[5.7416432,49.0734728],[5.5796807,49.1107372],[5.7039635,49.1412923],[5.5975335,49.1929234],[5.6409638,49.367955],[5.5683088,49.4199074],[5.4119679,49.3962284],[5.4100793,49.4493792],[5.0969693,49.6207201],[5.0777432,49.7173766],[5.1249716,49.7269326],[4.8522111,49.7929595],[4.8474465,49.8679822],[4.7179409,49.8672021],[4.6386336,49.942162],[4.0850879,49.9691269],[3.9811697,49.993615],[3.9822558,50.0444535],[3.8872389,50.0096563],[3.7159537,50.0688198],[3.5276411,50.0256083],[3.4436987,50.0992209],[3.4689329,50.0237334],[3.2993315,49.9807021],[3.0203818,50.0694809],[2.862625,50.0045396],[2.840309,50.0644122],[2.75362,50.0349814],[2.7757643,50.1071484],[2.7077864,50.1267414],[2.6998898,50.0813792],[2.5550076,50.1359849],[2.386093,50.1014231],[2.4370764,50.2300773],[2.1728895,50.2150305],[1.8337726,50.3451866],[1.8223565,50.4500723],[2.0419978,50.5307251],[1.9231223,50.7288496],[2.0523827,50.7203737],[1.9538491,50.7871641],[2.1001051,50.8431833],[2.0092962,50.8770443],[2.1139668,50.9040614],[2.057147,51.0639735],[2.418614,51.1133857],[3.1499112,51.3864373],[3.3183753,51.4206671],[3.4295797,51.2450873],[3.5900123,51.3059773],[3.8863605,51.2001779],[4.2702699,51.3757964],[4.4313474,51.3638627],[4.3793371,51.4467893],[4.4765262,51.4782838],[4.6413087,51.422012],[4.7795506,51.5043318],[4.8414569,51.4224383],[4.7711674,51.4149245],[4.9209689,51.3936846],[5.0388117,51.4870326],[5.1343427,51.3154908],[5.2288913,51.3107646],[5.2183342,51.2107819],[5.2884578,51.1580848],[5.4830125,51.3001703],[5.5944013,51.2241684],[5.6718635,51.3151102],[5.9312439,51.3847452],[5.8385464,51.566187],[6.0316872,51.5523529],[6.0206791,51.6214274],[5.6521222,51.5842168],[5.5769345,51.6932032],[5.6071469,51.7827102],[5.4796025,51.8206599],[5.7271382,51.7890816],[5.7228039,51.6711181],[5.8953878,51.6813638],[5.9339043,51.7161815],[5.8674073,51.7744258],[5.9908102,51.7662465],[5.9237586,51.8187835],[5.977807,51.884624],[6.0063243,51.8342925],[6.1444688,51.8697875],[5.9299563,51.9034011],[5.9055802,51.9622503],[6.063938,51.9851445],[6.2709188,51.8321709],[6.7325592,51.8987141],[6.8303418,51.9861752],[6.6938066,52.0697201],[7.0657896,52.2412351],[7.0260357,52.283466],[7.0721536,52.3736114],[6.9918506,52.4673382],[6.7527345,52.4641109],[6.68088,52.5533175],[6.7666921,52.5616369],[6.7100332,52.6274934],[6.7527294,52.648154],[7.0557225,52.643415],[7.0872974,52.8499556],[7.2174489,53.0070435],[7.1917519,53.3150323],[6.9244765,53.339586],[6.8843077,53.4459444],[6.6835498,53.4967263],[6.5629633,53.6228579],[7.1811319,53.7755631],[8.226279,53.8295839],[8.293447,54.00937],[8.5135946,54.0249082]],[[6.4815899,48.9184387],[6.4822766,48.9015152],[6.4774701,48.8947442],[6.4778134,48.8843602],[6.4863964,48.8900039],[6.4936062,48.8893267],[6.4949795,48.8807479],[6.5063092,48.8834571],[6.5045926,48.8990326],[6.4970395,48.9035463],[6.490173,48.9177619],[6.4815899,48.9184387]],[[6.5969464,48.949563],[6.5979763,48.94122],[6.5917965,48.9373862],[6.5921399,48.923853],[6.6175457,48.9261088],[6.6271588,48.9385138],[6.6319653,48.9394159],[6.6357418,48.9488866],[6.6268155,48.9515922],[6.6165158,48.9473083],[6.6051861,48.9509158],[6.5969464,48.949563]],[[15.3047511,45.6936532],[15.3048314,45.6936207],[15.3052956,45.6933904],[15.3053746,45.693364],[15.3054509,45.6933444],[15.3049801,45.6943706],[15.3051288,45.6945028],[15.3052345,45.6946123],[15.3052835,45.6946564],[15.3053709,45.6947993],[15.3055228,45.6950305],[15.3049875,45.6953755],[15.3050072,45.6954588],[15.3044059,45.6960417],[15.3039683,45.6965161],[15.3031393,45.6955851],[15.3033836,45.6954845],[15.3036418,45.6955612],[15.3042791,45.6953173],[15.3042731,45.6948531],[15.3030854,45.693725],[15.3025112,45.6940248],[15.3027771,45.6949249],[15.3030947,45.6954925],[15.3030643,45.6955308],[15.3028397,45.6954409],[15.3021349,45.6948993],[15.3021377,45.6948812],[15.3018886,45.6946383],[15.3013998,45.6934483],[15.3013867,45.6932522],[15.3013673,45.6932514],[15.3002069,45.6925171],[15.3002338,45.6924625],[15.3002959,45.6924116],[15.3004648,45.6922861],[15.3004892,45.6923067],[15.3006711,45.6921908],[15.3009431,45.6921182],[15.3011168,45.6921266],[15.3009052,45.6923451],[15.3007608,45.6925031],[15.3007601,45.6926137],[15.3011753,45.6927437],[15.3013144,45.6927987],[15.3014027,45.6928406],[15.3015437,45.6928943],[15.3016299,45.6927681],[15.3017352,45.6927688],[15.3021177,45.6927882],[15.3023473,45.6927514],[15.3026013,45.6927975],[15.3027065,45.692786],[15.3027792,45.6928365],[15.3030478,45.692925],[15.3033981,45.6927222],[15.3035115,45.6926952],[15.3035131,45.6927267],[15.3034255,45.6927317],[15.3034298,45.6927676],[15.3035161,45.6927601],[15.3035163,45.6927784],[15.3032045,45.6929319],[15.3032065,45.6929354],[15.3034328,45.6933128],[15.3035718,45.693527],[15.3038174,45.693524],[15.3040429,45.693547],[15.3042316,45.6935889],[15.3044943,45.6936566],[15.3046021,45.6936751],[15.3046962,45.6936702],[15.3047511,45.6936532]],[[15.3035974,45.6892903],[15.3038631,45.6894648],[15.304247,45.6897541],[15.3050224,45.6902128],[15.3053367,45.6904393],[15.3057768,45.6906736],[15.3061913,45.6909551],[15.3064695,45.6911895],[15.3063892,45.6912614],[15.3061931,45.6911346],[15.3056996,45.6908285],[15.3055925,45.6907745],[15.3054962,45.6907342],[15.3053302,45.6906388],[15.3050952,45.6905143],[15.3048699,45.6904633],[15.3044908,45.6903147],[15.3033264,45.6898759],[15.3024188,45.6896658],[15.3021405,45.6896592],[15.3020144,45.6896995],[15.3015103,45.6897778],[15.3014979,45.6897259],[15.3014584,45.6896784],[15.3016412,45.6894887],[15.3018628,45.6889629],[15.3029937,45.6891389],[15.3031704,45.6891441],[15.3032665,45.6891644],[15.3035974,45.6892903]],[[15.3084826,45.4987972],[15.3038478,45.4969322],[15.302217,45.4969021],[15.299685,45.4952326],[15.3036546,45.4937435],[15.3109503,45.4975639],[15.3094053,45.4989627],[15.3084826,45.4987972]],[[6.2192055,49.3120861],[6.2215229,49.3027405],[6.2280892,49.2991304],[6.2319514,49.3007537],[6.2387749,49.2969756],[6.2433239,49.2973674],[6.2436673,49.3016212],[6.2536236,49.3034121],[6.2523791,49.3074415],[6.2419506,49.3101276],[6.2374874,49.3154993],[6.2331962,49.3141003],[6.2278747,49.3158908],[6.2192055,49.3120861]],[[6.6584011,48.5741087],[6.6755673,48.5743358],[6.675224,48.5909157],[6.683807,48.598863],[6.6910168,48.591824],[6.6992566,48.5927323],[6.7098996,48.5886448],[6.7325589,48.5995442],[6.7277523,48.613619],[6.7098996,48.6149809],[6.7026898,48.6231514],[6.6978833,48.6224705],[6.6941067,48.6149809],[6.6851803,48.6145269],[6.6769406,48.604993],[6.6680142,48.605674],[6.6559979,48.5972737],[6.6532513,48.5856925],[6.6584011,48.5741087]],[[6.510429,48.6707861],[6.5571209,48.6930003],[6.5155789,48.6968528],[6.510429,48.6707861]],[[6.3446041,48.6730533],[6.4091488,48.7222264],[6.3555905,48.720641],[6.2876126,48.7133924],[6.3446041,48.6730533]],[[5.8502194,48.4116564],[5.959396,48.3589868],[6.0060879,48.40254],[5.9192273,48.4512936],[5.8502194,48.4116564]],[[6.8523785,48.942122],[6.8966671,48.9157313],[6.9371792,48.9283645],[6.8523785,48.942122]],[[6.7480084,48.923853],[6.7169377,48.8646021],[6.7802807,48.8644891],[6.7480084,48.923853]],[[6.683807,49.0810626],[6.6844937,49.0700426],[6.675224,49.0621696],[6.7054364,49.0497954],[6.7246624,49.0493453],[6.7250058,49.0560954],[6.7469784,49.059695],[6.7634579,49.0576703],[6.7761609,49.0718419],[6.728439,49.0801631],[6.7105862,49.05992],[6.6927334,49.0718419],[6.6917035,49.0779143],[6.683807,49.0810626]],[[6.8133256,49.0670622],[6.8099782,49.0600325],[6.818304,49.0569952],[6.8300625,49.0573891],[6.8436238,49.0627321],[6.8424224,49.0700424],[6.8364998,49.0762276],[6.8298911,49.0775205],[6.8280887,49.0734161],[6.8133256,49.0670622]],[[6.6358277,49.0119785],[6.6128251,49.0029703],[6.6097351,48.9941857],[6.6382309,48.9939604],[6.6509339,49.0031955],[6.6358277,49.0119785]],[[6.4225384,49.1841721],[6.434898,49.1817036],[6.4431378,49.1841721],[6.4427945,49.1884357],[6.4534375,49.1891088],[6.4513775,49.1956155],[6.4565274,49.1996537],[6.4472577,49.2034673],[6.4421078,49.2007754],[6.4287182,49.2027943],[6.4208218,49.1969616],[6.4256283,49.1895576],[6.4225384,49.1841721]],[[5.7072255,49.4205776],[5.8023259,49.3975691],[5.8380314,49.4502718],[5.7072255,49.4205776]],[[5.8687588,49.374885],[5.8891867,49.3436912],[5.9185407,49.3727614],[5.8687588,49.374885]],[[5.3764342,46.3800966],[5.3692244,46.4233043],[5.3573797,46.3842413],[5.3764342,46.3800966]],[[5.4237269,47.0897022],[5.4286193,47.0827476],[5.4375457,47.079007],[5.4445838,47.0749153],[5.4479312,47.0737462],[5.455141,47.0738632],[5.4576301,47.0757922],[5.4635524,47.0766689],[5.4638099,47.0796499],[5.4663848,47.0814034],[5.4672431,47.0843257],[5.4638957,47.08754],[5.4655265,47.0900529],[5.4702472,47.090345],[5.470848,47.0917475],[5.4583167,47.0959547],[5.4507636,47.0938512],[5.4454421,47.0906372],[5.4357432,47.0915722],[5.4237269,47.0897022]],[[4.8692341,51.4117869],[4.8697389,51.4111626],[4.8703686,51.4112077],[4.8711577,51.4113353],[4.8723825,51.4115],[4.8723506,51.4116169],[4.8722815,51.4117683],[4.8722098,51.4118799],[4.872053,51.4120633],[4.8719361,51.4121695],[4.8731052,51.4124219],[4.8730892,51.4125468],[4.8722018,51.4129241],[4.8718378,51.4126956],[4.8716545,51.4125574],[4.8714871,51.412414],[4.8713197,51.4124591],[4.8711098,51.4125362],[4.8707512,51.412685],[4.8706714,51.4127142],[4.8705731,51.4127408],[4.8701161,51.4124538],[4.8699913,51.4123608],[4.8699195,51.4122997],[4.8698106,51.4121456],[4.8697203,51.4120579],[4.8696193,51.4119835],[4.8694997,51.4119092],[4.8693908,51.411848],[4.8692341,51.4117869]],[[4.3223476,51.2911101],[4.3205237,51.293029],[4.3206525,51.2938475],[4.3200946,51.2947197],[4.3205881,51.2953503],[4.3202448,51.2955381],[4.3184423,51.2949209],[4.3179703,51.2944245],[4.3167472,51.293767],[4.3174338,51.2929887],[4.3182492,51.2925996],[4.3191719,51.2925594],[4.3209743,51.2907613],[4.3223476,51.2911101]],[[4.297843,51.3082965],[4.300847,51.3095037],[4.2988086,51.3114486],[4.2970061,51.3119985],[4.2965126,51.311395],[4.2953753,51.3106841],[4.297843,51.3082965]],[[4.2833805,51.3362089],[4.2817497,51.3357799],[4.2824578,51.3348415],[4.2796147,51.3338494],[4.2803979,51.3322808],[4.2810202,51.3319658],[4.2821467,51.3319255],[4.2831015,51.3320328],[4.2840564,51.3322674],[4.2847109,51.3326562],[4.2853653,51.3334606],[4.2855906,51.3343789],[4.2845285,51.3346203],[4.2840028,51.3350224],[4.2833805,51.3362089]],[[7.0672988,48.9526065],[7.0800725,48.924047],[7.1222949,48.9615534],[7.0672988,48.9526065]],[[6.9177817,48.9606659],[6.9887745,48.9554598],[6.9430159,49.0021819],[6.9177817,48.9606659]],[[6.5210721,49.2012241],[6.5643309,49.2254455],[6.5203856,49.2430435],[6.4771269,49.2004388],[6.5210721,49.2012241]],[[6.6652458,49.0406746],[6.7085264,48.9211458],[6.7712474,48.9671039],[6.8326374,49.0149059],[6.6652458,49.0406746]],[[7.0781993,48.5078481],[7.0802808,48.5070803],[7.0839286,48.5082461],[7.0805597,48.5124254],[7.077341,48.5162917],[7.0729208,48.519845],[7.0708179,48.5224032],[7.0645523,48.523398],[7.0654748,48.5242692],[7.0185469,48.5089854],[6.9800947,48.5236539],[6.9588087,48.520243],[6.9428443,48.5256435],[6.9422434,48.5333738],[6.9077395,48.5276899],[6.8722914,48.5318392],[6.855297,48.5232559],[6.8674849,48.511203],[6.8879126,48.5084168],[6.8888568,48.5137047],[6.9104002,48.5196177],[6.927738,48.5145008],[6.9372652,48.5093266],[6.9558047,48.4831061],[6.9653319,48.4782131],[6.9670485,48.4722955],[6.9743441,48.4736611],[6.9793222,48.4775873],[6.9945144,48.4809441],[7.0086763,48.4813424],[7.0242976,48.4905015],[7.0506476,48.495052],[7.0538234,48.4975546],[7.0601749,48.4991471],[7.0656679,48.4991471],[7.0781993,48.5078481]],[[6.777706,48.5647941],[6.5608977,48.536045],[6.6123956,48.3512302],[6.770324,48.2786239],[6.7710107,48.3662865],[6.9180821,48.4348671],[6.777706,48.5647941]],[[6.2340542,48.8278877],[6.2292477,48.8473214],[6.185989,48.8143248],[6.2340542,48.8278877]],[[6.33932,48.8110932],[6.3370084,48.8093931],[6.3137912,48.7848693],[6.3174819,48.7797793],[6.3202282,48.777008],[6.3325879,48.7860571],[6.355934,48.7923903],[6.3532733,48.799062],[6.3458059,48.803924],[6.3469218,48.8069201],[6.3550327,48.8090399],[6.3534879,48.8105659],[6.3551187,48.8114986],[6.3567924,48.8104812],[6.357522,48.8106507],[6.3533162,48.8135617],[6.3512563,48.8124595],[6.3504837,48.8129965],[6.3485527,48.8123747],[6.3456344,48.8121486],[6.343317,48.811216],[6.3425231,48.8117953],[6.3400124,48.810785],[6.33932,48.8110932]],[[7.5040052,48.0688457],[7.5185106,48.0694766],[7.5049495,48.0845012],[7.4958514,48.0844439],[7.4937057,48.0912093],[7.4720763,48.0917826],[7.4702739,48.0874827],[7.4677848,48.0879414],[7.4659824,48.0837558],[7.4731063,48.0740647],[7.5040052,48.0688457]],[[6.3712118,48.8486769],[6.3676069,48.8540987],[6.3566206,48.8568095],[6.3399695,48.8572612],[6.3257216,48.8505972],[6.3277815,48.8389612],[6.320958,48.8377467],[6.3195848,48.8369274],[6.315937,48.8371251],[6.3138771,48.835402],[6.3125465,48.8353738],[6.3091564,48.8331139],[6.3055944,48.8335376],[6.3039206,48.8345264],[6.3012598,48.826249],[6.3050364,48.8270401],[6.3121603,48.8256556],[6.3172245,48.8305996],[6.3238762,48.8277464],[6.3243484,48.8260793],[6.3295839,48.8250058],[6.3379525,48.8269553],[6.3367939,48.8282548],[6.3387678,48.8291872],[6.3384246,48.8304584],[6.3400832,48.8331562],[6.3475226,48.8308257],[6.3720701,48.8415598],[6.3712118,48.8486769]],[[6.4014241,48.9592008],[6.5448472,48.9745273],[6.4730927,49.0484452],[6.3464924,49.0466451],[6.5872475,49.081681],[6.5093991,49.0812875],[6.475067,49.1713792],[6.5063093,49.1320825],[6.3459774,49.1347782],[6.4180752,49.1691347],[6.3820263,49.2173731],[6.4664837,49.2353102],[6.3312146,49.2101964],[6.2471005,49.270717],[6.1365078,49.2488708],[6.1873625,49.227015],[6.1391257,49.2311627],[6.1247061,49.1475803],[6.0368155,49.1736238],[5.9353634,49.0884828],[6.0744091,49.0574453],[6.0811899,48.9454479],[6.1610123,48.9290976],[6.026859,48.8112162],[6.1059948,48.8023412],[6.1169812,48.8590684],[6.1701962,48.8206546],[6.1588665,48.8942927],[6.3090702,48.9875399],[6.3252066,48.9044489],[6.4014241,48.9592008]],[[7.5894927,47.9292549],[7.5958871,47.9538636],[7.5827978,47.956709],[7.5567053,47.953375],[7.5472639,47.9479712],[7.5247763,47.9463615],[7.5235747,47.9429119],[7.5199698,47.940957],[7.5192831,47.937622],[7.5230597,47.937507],[7.5249479,47.9356669],[7.5316427,47.9353219],[7.5373076,47.9319866],[7.5894927,47.9292549]],[[6.7708395,48.7466817],[6.5852736,48.7663732],[6.5763472,48.8429155],[6.6374586,48.8737481],[6.5797804,48.9100904],[6.5622709,48.8098029],[6.371126,48.7846432],[6.6872404,48.6422106],[6.8475722,48.6485621],[6.961212,48.6082561],[6.8578717,48.5436601],[7.2016239,48.5529924],[6.998634,48.6877876],[7.014427,48.7349084],[6.9133185,48.7244912],[6.9986342,48.8134204],[6.7708395,48.7466817]],[[7.0159718,48.6956064],[7.0422362,48.6789475],[7.0530508,48.6779273],[7.0612906,48.6697657],[7.0731352,48.6762271],[7.0760534,48.6830277],[7.0612906,48.6907339],[7.0499609,48.7022909],[7.0415493,48.7056897],[7.0312497,48.7047834],[7.0159718,48.6956064]],[[7.3265072,48.0629379],[7.3486517,48.1312677],[7.2311496,48.1889791],[7.2693442,48.1310385],[7.201538,48.1258825],[7.2557829,48.1012412],[7.3114012,48.0835839],[7.2152709,48.024491],[7.3131176,48.0043955],[7.2427365,48.0360855],[7.3265072,48.0629379]],[[7.0760107,48.3527128],[7.3804091,48.3434719],[7.2182749,48.4726937],[7.0760107,48.3527128]],[[7.4669265,48.2949004],[7.4670981,48.2989546],[7.4646948,48.3028371],[7.4624632,48.3047783],[7.4549101,48.3034081],[7.4485586,48.3048925],[7.4518202,48.3083179],[7.4387739,48.3086604],[7.4217795,48.3031797],[7.4229811,48.3072903],[7.4197195,48.3120855],[7.405815,48.3120855],[7.4059866,48.313798],[7.3960303,48.3141405],[7.3877905,48.3115147],[7.3855589,48.3141405],[7.3797224,48.3100305],[7.3766325,48.314483],[7.3706244,48.3095738],[7.3617836,48.3081182],[7.3580929,48.3072333],[7.3587797,48.3010101],[7.3618696,48.2990688],[7.3687361,48.2902749],[7.3836706,48.2874194],[7.3874472,48.2843353],[7.3907088,48.2857061],[7.3953436,48.2834215],[7.4006651,48.2834215],[7.4051283,48.279309],[7.4121664,48.2757674],[7.415943,48.2761101],[7.4245261,48.2732538],[7.427101,48.2738822],[7.4299335,48.2726254],[7.4364566,48.271997],[7.4405765,48.2766242],[7.4474429,48.2781094],[7.4470996,48.2834214],[7.4547385,48.2852491],[7.4598025,48.2882189],[7.4669265,48.2949004]],[[6.9012665,47.3588985],[6.9470492,47.2904522],[7.053675,47.3353932],[6.9012665,47.3588985]],[[7.6174735,48.7251564],[7.6427078,48.6802791],[7.7677631,48.7759331],[7.7172087,48.7862266],[7.7403402,48.8371534],[7.6416777,48.8316732],[7.5206993,48.7733029],[7.5997066,48.7349083],[7.6136111,48.804885],[7.6174735,48.7251564]],[[7.4332808,48.5607611],[7.4440096,48.5553076],[7.4464129,48.5567847],[7.4546526,48.5523533],[7.462549,48.5550803],[7.4646949,48.5600794],[7.4734495,48.5667821],[7.4791144,48.5695084],[7.4785994,48.5771183],[7.4731062,48.575074],[7.4652098,48.5762097],[7.4604033,48.5746197],[7.4332808,48.5607611]],[[7.9382227,48.8098595],[7.9359911,48.8052242],[7.9383085,48.7983837],[7.935047,48.7971398],[7.9309271,48.7891106],[7.9280947,48.7789875],[7.9574488,48.7828192],[7.9628561,48.7891106],[7.9594229,48.7930688],[7.9610537,48.7978748],[7.9672335,48.7988925],[7.9712675,48.8019454],[7.970581,48.8083898],[7.9661178,48.8100855],[7.968006,48.8143812],[7.9668902,48.8159637],[7.968006,48.8178853],[7.9734134,48.8174897],[7.9789065,48.8197503],[7.9892062,48.8303172],[7.9886055,48.8325206],[7.9836271,48.8315885],[7.9787777,48.8346394],[7.9733275,48.8360518],[7.9662893,48.8343287],[7.9681776,48.8365038],[7.970581,48.8370404],[7.9739283,48.8405995],[7.9668472,48.8370122],[7.9625128,48.8379444],[7.9565906,48.8340744],[7.9522989,48.8345829],[7.9501532,48.8261924],[7.9528998,48.822915],[7.9475783,48.8187331],[7.94363,48.8190721],[7.9400252,48.8164724],[7.9432867,48.815003],[7.9382227,48.8098595]],[[7.8428649,48.9202998],[7.8388906,48.9182383],[7.8281815,48.9157648],[7.8124808,48.9209766],[7.8061293,48.9236273],[7.8036403,48.9238528],[7.7963447,48.9226121],[7.7899074,48.9235709],[7.7844572,48.9226967],[7.7806376,48.9235145],[7.7772902,48.9265598],[7.772827,48.9240785],[7.7668188,48.9231761],[7.7523993,48.9252064],[7.7532576,48.919341],[7.7493094,48.9142647],[7.7539442,48.9121211],[7.7546309,48.9104288],[7.7464771,48.9074107],[7.7448892,48.9013457],[7.7440738,48.894744],[7.7399539,48.8932204],[7.7377223,48.8907374],[7.7287101,48.8913017],[7.7263926,48.8892419],[7.7240752,48.8916403],[7.7263926,48.8960983],[7.7249764,48.9010637],[7.7203415,48.9062825],[7.7189683,48.9061696],[7.7176809,48.9081723],[7.7066946,48.907862],[7.7024674,48.9072132],[7.6991362,48.906437],[7.6926183,48.9026434],[7.6903438,48.9011483],[7.6962661,48.8965497],[7.6997208,48.8954212],[7.6967382,48.8933473],[7.6947212,48.892769],[7.6971244,48.8906809],[7.6990555,48.8914711],[7.7015018,48.8885929],[7.7065229,48.889524],[7.7072095,48.8883953],[7.7050242,48.8864804],[7.7015876,48.8857145],[7.6961803,48.8861661],[7.6957082,48.8847833],[7.6939916,48.8841342],[7.6921892,48.8856299],[7.6866531,48.8835416],[7.6834344,48.8800421],[7.6903546,48.8757803],[7.693305,48.8761754],[7.6954722,48.8794917],[7.7000642,48.8781511],[7.7028751,48.8811286],[7.7043986,48.8808323],[7.7064585,48.8812345],[7.7074242,48.8805148],[7.7069843,48.8792871],[7.7082717,48.8775443],[7.708454,48.8743902],[7.7128314,48.8714899],[7.719612,48.8712641],[7.7191829,48.86878],[7.7231311,48.8678766],[7.7238177,48.8690623],[7.7256202,48.8697398],[7.726221,48.8685541],[7.7333449,48.8677073],[7.7433871,48.8682154],[7.7453612,48.8668039],[7.7491378,48.8677073],[7.7492236,48.8720544],[7.7505111,48.8712641],[7.753601,48.8717722],[7.7592658,48.8789414],[7.769823,48.8835134],[7.7756595,48.8836827],[7.7872466,48.8792801],[7.7947139,48.8790543],[7.7954005,48.8799574],[7.7990054,48.8788285],[7.8001212,48.8757239],[7.8031253,48.8745948],[7.8055286,48.877756],[7.8117084,48.8778125],[7.8157424,48.8864483],[7.800722,48.8903988],[7.8061294,48.8976782],[7.8069018,48.9021921],[7.817459,48.9030948],[7.8214931,48.9006123],[7.8253554,48.9028127],[7.8322219,48.9032076],[7.840805,48.9016279],[7.8396892,48.8982425],[7.8455257,48.896719],[7.8485297,48.8953647],[7.8526496,48.8957597],[7.8585718,48.8940951],[7.8596019,48.8979321],[7.8550529,48.8981296],[7.860031,48.9028127],[7.8685282,48.9049567],[7.8674125,48.9077209],[7.8754483,48.9135067],[7.8671978,48.9150543],[7.8682295,48.9190193],[7.8534225,48.9204592],[7.8428649,48.9202998]],[[7.6405191,48.8613975],[7.6372146,48.8669027],[7.6347255,48.8672697],[7.6335882,48.8679613],[7.6234817,48.8687235],[7.6237392,48.8730706],[7.6155852,48.872619],[7.6152419,48.8701067],[7.6082896,48.8716028],[7.6019811,48.8708407],[7.6021957,48.8745666],[7.5895785,48.8702479],[7.5838279,48.8708689],[7.5829696,48.8654488],[7.5740432,48.8625127],[7.5732707,48.8560188],[7.5770902,48.8540987],[7.5789356,48.8520655],[7.602067,48.8482814],[7.6086974,48.8461916],[7.6100492,48.8463116],[7.6115245,48.8472683],[7.6150274,48.8491851],[7.6216578,48.8483944],[7.6260781,48.8469682],[7.628932,48.8470953],[7.636292,48.8478578],[7.6484585,48.8450195],[7.6565265,48.8466717],[7.6531791,48.8467282],[7.65069,48.8458527],[7.649145,48.8476037],[7.6411628,48.8491287],[7.6424502,48.8511619],[7.6411628,48.8550023],[7.633953,48.859407],[7.6405191,48.8613975]],[[7.4971676,48.6500644],[7.4981688,48.6478816],[7.5100134,48.6481084],[7.5134466,48.6442522],[7.5175665,48.6453864],[7.5196264,48.644479],[7.5182532,48.6417568],[7.5278662,48.6376733],[7.5332736,48.6401688],[7.5365352,48.6389777],[7.5399684,48.6402822],[7.5382518,48.6423806],[7.5464056,48.6456132],[7.5422857,48.6493559],[7.534561,48.6491291],[7.5275229,48.6536654],[7.5215792,48.6554797],[7.5051211,48.6519643],[7.5015163,48.6519643],[7.4971676,48.6500644]],[[4.2829084,51.2962627],[4.281578,51.2949612],[4.2815137,51.2937938],[4.2820287,51.2932705],[4.2832088,51.2931363],[4.2856979,51.2924252],[4.2866206,51.2925057],[4.2877149,51.2929753],[4.2891311,51.2934047],[4.2894315,51.2941561],[4.2884445,51.2952027],[4.2871785,51.2956723],[4.285891,51.2959004],[4.284904,51.2962895],[4.2829084,51.2962627]],[[4.2916631,51.3023135],[4.2943024,51.3046746],[4.2933368,51.3053185],[4.2926717,51.3062575],[4.2916631,51.3062441],[4.2907405,51.3071429],[4.2892813,51.3069685],[4.2894316,51.306177],[4.2882299,51.3061234],[4.2881226,51.3056941],[4.2876506,51.3053185],[4.2870283,51.3052112],[4.2863202,51.3051978],[4.2865562,51.3047551],[4.2864704,51.3033197],[4.2882085,51.3028233],[4.2895603,51.3025684],[4.2912769,51.3020854],[4.2916631,51.3023135]]],[[[4.8008536,49.7679612],[4.8306369,49.8493846],[4.8206805,49.8023751],[4.8526953,49.7531019],[4.8008536,49.7679612]]],[[[5.9284628,46.129408],[6.21397,46.2090618],[6.181955,46.2630275],[6.3015581,46.3944819],[6.5470211,46.4573721],[6.8182685,46.4274056],[6.7702806,46.352154],[6.8633814,46.2837144],[6.8011249,46.1338562],[6.8971861,46.1226122],[6.8722162,46.0489302],[6.9377716,46.0633831],[7.0443265,45.9226216],[6.8184469,45.8359964],[6.8088249,45.7251916],[7.0013641,45.6397586],[6.9998354,45.504779],[7.185129,45.4067865],[7.1336578,45.3452362],[7.0765503,45.2105921],[6.8882081,45.2563629],[6.857641,45.2161474],[6.9383498,45.1713632],[6.8503949,45.127419],[6.7680236,45.1597894],[6.4520217,45.0522189],[6.1569395,45.150059],[6.1763476,45.3951255],[5.9681973,45.4921566],[5.8965991,45.4001062],[5.7398713,45.4393035],[5.6219006,45.611752],[5.7995712,45.8318545],[5.8202087,46.1030553],[5.9284628,46.129408]],[[6.2913386,46.2237877],[6.2957484,46.2641099],[6.2459849,46.2563216],[6.2913386,46.2237877]]],[[[8.6694179,47.6848935],[8.6676454,47.6851969],[8.663483,47.6858892],[8.6636469,47.6862265],[8.6636778,47.6862833],[8.6637174,47.6863559],[8.6637243,47.6863684],[8.6637494,47.6864134],[8.6637855,47.6864776],[8.6640535,47.6869567],[8.6641145,47.6875113],[8.6641257,47.6876134],[8.6640408,47.688153],[8.6624826,47.6882577],[8.661232,47.6887366],[8.6596767,47.6894874],[8.6599238,47.6904618],[8.6599494,47.6905629],[8.6598985,47.6905642],[8.6586014,47.6905962],[8.6586006,47.6906341],[8.6585999,47.6906652],[8.6585952,47.6913426],[8.6588702,47.6914768],[8.6598622,47.6913318],[8.6609806,47.691487],[8.6613206,47.6915341],[8.6634086,47.6917594],[8.6653575,47.6920328],[8.6673426,47.6920529],[8.6683734,47.692093],[8.6682664,47.692693],[8.6681101,47.6930516],[8.6681085,47.6930555],[8.6680416,47.6932091],[8.6696687,47.6936235],[8.6697692,47.6936725],[8.6708364,47.6941925],[8.6708797,47.6942135],[8.6714874,47.6945098],[8.6724176,47.6949618],[8.6728261,47.6947418],[8.6735391,47.6950701],[8.6739349,47.6956259],[8.6741093,47.6965837],[8.6741011,47.6974793],[8.6741006,47.6975364],[8.6741,47.6975875],[8.6740981,47.6977677],[8.674098,47.6977746],[8.674097,47.6978683],[8.6741563,47.6978599],[8.6763028,47.6975577],[8.6763934,47.6980913],[8.6763531,47.6981875],[8.6758698,47.69934],[8.6757503,47.6996299],[8.6754212,47.7004281],[8.6751002,47.7012099],[8.6746461,47.7023027],[8.6744539,47.702765],[8.6742004,47.703374],[8.6741293,47.7035448],[8.673563,47.7048895],[8.6722685,47.7053938],[8.671969,47.7055105],[8.670622,47.706041],[8.6704689,47.7061017],[8.6687235,47.7067937],[8.667373,47.7073275],[8.6660105,47.7078638],[8.6657551,47.7088836],[8.6654208,47.7102656],[8.6653287,47.7106358],[8.6650249,47.7118588],[8.6648693,47.7124967],[8.664657,47.7133672],[8.6657048,47.7130553],[8.6673177,47.7124301],[8.6691136,47.7115259],[8.6695381,47.711391],[8.6698356,47.7112969],[8.6699738,47.7112531],[8.6702795,47.7111562],[8.6713661,47.7110065],[8.6716528,47.711083],[8.671779,47.7111604],[8.6721523,47.7113893],[8.6725172,47.7117095],[8.6727368,47.7119023],[8.6728623,47.7120125],[8.6732644,47.7122875],[8.6738278,47.7125515],[8.6738943,47.7125827],[8.674209,47.7126929],[8.6750668,47.7127623],[8.6757326,47.7127948],[8.6764875,47.7129156],[8.6771374,47.7130884],[8.6778275,47.7131733],[8.6777966,47.7129305],[8.6793023,47.7127787],[8.6795648,47.7127319],[8.679709,47.7127061],[8.6801891,47.7126205],[8.6806741,47.7125339],[8.6813236,47.7124178],[8.6813332,47.7124036],[8.6814946,47.7121615],[8.6813873,47.711782],[8.6810645,47.7116413],[8.6802721,47.7114927],[8.67992,47.7105614],[8.6802699,47.7104049],[8.6808518,47.7100696],[8.6810964,47.709841],[8.6834883,47.7090493],[8.6837892,47.7087678],[8.6838274,47.7087307],[8.6838707,47.7087263],[8.6845674,47.7086548],[8.6863205,47.708573],[8.6872713,47.7089416],[8.6874992,47.7089733],[8.6875545,47.7089811],[8.6889556,47.7091764],[8.6902322,47.7094363],[8.6903123,47.7094526],[8.6903159,47.7097063],[8.6903246,47.71031],[8.6902344,47.7104001],[8.6902042,47.7104301],[8.6898529,47.7107809],[8.6897565,47.7112651],[8.6897217,47.7114399],[8.6896664,47.711718],[8.6911533,47.7121068],[8.6916521,47.7122372],[8.6924325,47.712535],[8.6926202,47.7125793],[8.6926401,47.7125839],[8.6926647,47.7125896],[8.6942361,47.7129571],[8.694329,47.7129786],[8.6943494,47.7129833],[8.6944001,47.712995],[8.6962815,47.7134319],[8.6964461,47.7134789],[8.6964965,47.7134934],[8.6965056,47.7134959],[8.6966168,47.7135277],[8.6974166,47.7137563],[8.6982177,47.7146508],[8.6982709,47.7147093],[8.6983219,47.7147655],[8.6985468,47.7150132],[8.7004789,47.7149597],[8.7005517,47.7149577],[8.7005616,47.7149575],[8.7012739,47.7151926],[8.7029743,47.7146267],[8.7033924,47.7142768],[8.7037997,47.7140298],[8.703869,47.7139878],[8.7046308,47.7134299],[8.7048586,47.7130303],[8.704863,47.7130225],[8.704882,47.7129895],[8.7049388,47.7128899],[8.7049913,47.7127979],[8.7050144,47.7127575],[8.7050362,47.7127193],[8.7050851,47.7126336],[8.7051354,47.712545],[8.7051548,47.7125115],[8.7052197,47.7123977],[8.7053113,47.712237],[8.705367,47.7121393],[8.7054237,47.7120401],[8.7054627,47.7119716],[8.7055446,47.7118281],[8.7055813,47.7118084],[8.7060143,47.7115758],[8.7061275,47.7114365],[8.7063411,47.7111736],[8.7064117,47.7110869],[8.7064184,47.7110785],[8.7064352,47.7109946],[8.7064549,47.7108956],[8.7064793,47.7107728],[8.7065023,47.7106576],[8.7065159,47.7105893],[8.7065276,47.7105307],[8.7065876,47.7102296],[8.7060595,47.7100856],[8.7059918,47.7100671],[8.7060081,47.7100313],[8.7061806,47.7096521],[8.7069873,47.709604],[8.7072417,47.7088441],[8.7077833,47.7078031],[8.7082417,47.7062938],[8.7084416,47.7056162],[8.7086255,47.7049927],[8.708912,47.7041472],[8.7101457,47.703185],[8.7102091,47.7031297],[8.7102267,47.7031144],[8.7102324,47.7031093],[8.7107969,47.7026169],[8.7117631,47.7017742],[8.7117989,47.701743],[8.7115447,47.7016398],[8.7115855,47.7015871],[8.7119337,47.7011325],[8.7117849,47.6997937],[8.7117745,47.6988811],[8.7117711,47.6985802],[8.7117133,47.6975047],[8.7113827,47.6963321],[8.7141177,47.6956215],[8.7153709,47.6952961],[8.7164492,47.6950159],[8.7167319,47.6949425],[8.7172061,47.6949387],[8.7176143,47.6949353],[8.7176124,47.6949104],[8.7176052,47.6948099],[8.7175703,47.694324],[8.7175393,47.6938924],[8.7175903,47.6928006],[8.7173903,47.6926988],[8.7170408,47.6925208],[8.7169543,47.6924768],[8.7171625,47.691912],[8.7171729,47.6918839],[8.7171852,47.6918509],[8.7172881,47.6915717],[8.7173314,47.6915049],[8.7173532,47.6914714],[8.7177349,47.6908837],[8.7178637,47.6906817],[8.7149303,47.6895481],[8.7121875,47.6895552],[8.7078574,47.6895552],[8.7049109,47.6904355],[8.702825,47.6917609],[8.698963,47.6931789],[8.6949839,47.6944393],[8.6917071,47.6953057],[8.6901903,47.6952805],[8.6890668,47.6945747],[8.6868198,47.6924573],[8.6830748,47.6898356],[8.6782812,47.6869113],[8.6728135,47.6852474],[8.6710908,47.6847935],[8.6694179,47.6848935]]],[[[15.3596067,45.4768816],[15.3580713,45.4780379],[15.3581571,45.478873],[15.3564513,45.4805956],[15.354681,45.4821979],[15.3525352,45.48374],[15.3533292,45.4845298],[15.3534257,45.4849285],[15.3537691,45.4853723],[15.3540695,45.4854249],[15.3551745,45.4856205],[15.3566658,45.4857183],[15.3582644,45.4856054],[15.3596914,45.4853497],[15.3604424,45.485297],[15.3615904,45.4854399],[15.3632963,45.4858236],[15.3640258,45.4860342],[15.3657639,45.4865757],[15.3667617,45.4869894],[15.3678989,45.4871925],[15.3685105,45.4875084],[15.3685534,45.4879748],[15.369283,45.4886367],[15.3711283,45.4888021],[15.3719222,45.4890654],[15.3722763,45.4893662],[15.3729415,45.4895467],[15.3737891,45.4895844],[15.3750229,45.4894715],[15.376246,45.4890579],[15.3770399,45.4889676],[15.3775012,45.489118],[15.3781772,45.4895618],[15.3789818,45.4905245],[15.3795091,45.4910648],[15.3799503,45.4904733],[15.3802461,45.4902351],[15.3811763,45.4899405],[15.3827026,45.4897999],[15.3838448,45.4897929],[15.385126,45.4892117],[15.3856644,45.4884399],[15.385701,45.4878574],[15.3855296,45.48658],[15.38488,45.4861198],[15.3831755,45.4856747],[15.3817209,45.4855631],[15.3802254,45.4854146],[15.3794148,45.4852839],[15.3784758,45.485088],[15.3768917,45.4845546],[15.3760633,45.4842311],[15.3751311,45.4838143],[15.3740354,45.4832669],[15.3722674,45.4821654],[15.3705356,45.4812146],[15.3692384,45.4806705],[15.367734,45.4800238],[15.3669307,45.4797288],[15.365799,45.4792866],[15.3642271,45.4787136],[15.3636376,45.4786053],[15.363211,45.4785685],[15.3628643,45.4784588],[15.361833,45.4780993],[15.3611612,45.4778449],[15.3607392,45.4776766],[15.3602724,45.4774189],[15.3598491,45.4771476],[15.3596067,45.4768816]]],[[[5.8081624,48.7124863],[5.8464428,48.646067],[5.7946011,48.6284842],[5.7451626,48.6599021],[5.8081624,48.7124863]]],[[[5.8719348,48.7055762],[5.8757114,48.7049532],[5.8634373,48.6990622],[5.8668705,48.6915839],[5.8546826,48.687561],[5.8173462,48.6975325],[5.8245563,48.7063692],[5.8370875,48.7096543],[5.8395766,48.7041602],[5.8567428,48.7003649],[5.8683299,48.7057462],[5.8719348,48.7055762]]],[[[5.3870766,49.3985747],[5.3252791,49.3662778],[5.4952233,49.3347434],[5.4739373,49.285052],[5.366134,49.2924418],[5.2610775,49.4181209],[5.3870766,49.3985747]]],[[[7.4099348,47.8708774],[7.479286,47.875253],[7.4461554,47.824105],[7.4099348,47.8708774]]],[[[9.9677492,44.3482808],[9.9183368,44.2151249],[10.1219346,44.3434749],[10.0507605,44.1587309],[10.1273131,44.1946976],[9.993389,44.0926937],[9.9506114,44.1901372],[9.8566723,44.1941213],[9.8546221,44.267782],[9.9677492,44.3482808]]],[[[9.8137608,44.3046876],[9.8923598,44.3382902],[9.8518358,44.2694359],[9.8137608,44.3046876]]],[[[9.82096,44.2247379],[9.7627687,44.2061426],[9.7625172,44.276456],[9.82096,44.2247379]]],[[[10.0319638,44.3213168],[9.98552,44.3662933],[10.0730876,44.3604225],[10.0319638,44.3213168]]]]}},{"type":"Feature","properties":{"name":"Dutch Mauritius","historical_entity":"Dutch Mauritius","ohm_relation_id":2831877,"start_date":"1638","end_date":"1710-05-30","admin_level":"2","boundary":"administrative","source":null,"_historical_overlay":true},"geometry":{"type":"MultiPolygon","coordinates":[[[[57.3656688,-20.5445824],[57.2567419,-20.4677161],[57.343149,-20.1943939],[57.6392276,-19.8127293],[57.7261437,-19.8669662],[57.6801172,-19.9395005],[57.8552331,-20.2091802],[57.8262041,-20.3602473],[57.6888199,-20.5274591],[57.3656688,-20.5445824]]],[[[57.840967,-19.8783019],[57.7462692,-19.891486],[57.7515732,-19.8018682],[57.841375,-19.7784477],[57.840967,-19.8783019]]]]}},{"type":"Feature","properties":{"name":"Colony of Santiago","historical_entity":"Colony of Santiago","ohm_relation_id":2831983,"start_date":"1509","end_date":"1655-05-10","admin_level":"2","boundary":"administrative","source":null,"_historical_overlay":true},"geometry":{"type":"MultiPolygon","coordinates":[[[[-77.449531,17.0333548],[-77.5260546,16.9922781],[-77.5631334,17.0594105],[-77.4872591,17.1030583],[-77.449531,17.0333548]]],[[[-78.2979157,18.1733758],[-78.4159768,18.2491888],[-78.3654317,18.4111637],[-78.2340431,18.5073128],[-77.9824152,18.5093537],[-77.831711,18.5772476],[-76.8766601,18.4628395],[-76.7507706,18.3257072],[-76.3075706,18.2048712],[-76.2102799,18.029262],[-76.13338,17.9191475],[-76.1849798,17.8522826],[-76.5186474,17.8121308],[-76.8277404,17.8882038],[-77.1709606,17.6577837],[-77.4305188,17.8174017],[-77.766949,17.8162436],[-78.0861685,18.1643641],[-78.2979157,18.1733758]]]]}},{"type":"Feature","properties":{"name":"Republic of the Seven Tithings","historical_entity":"Republic of the Seven Tithings","ohm_relation_id":2832184,"start_date":"1648-10-24","end_date":"1798-05-01","admin_level":"2","boundary":"administrative","source":null,"_historical_overlay":true},"geometry":{"type":"MultiPolygon","coordinates":[[[[7.7348895,45.9237966],[7.5501802,45.9859729],[7.3857012,45.8970051],[7.1015494,45.8591755],[6.9375064,46.0642703],[6.8720667,46.0510053],[6.9000083,46.1239403],[6.798048,46.1361503],[6.8648577,46.280009],[6.7791251,46.3435028],[6.8210834,46.4271524],[7.0332227,46.1870812],[7.3101993,46.3749746],[7.708454,46.413837],[8.0158983,46.5640546],[8.2418059,46.5272176],[8.4196465,46.6517934],[8.4774965,46.5275132],[8.0805046,46.2606607],[8.1501803,46.1408772],[8.0347232,46.1008515],[8.0123972,46.0119878],[7.908696,45.9969671],[7.8725501,45.9203362],[7.7348895,45.9237966]]]]}},{"type":"Feature","properties":{"name":"Grand Duchy of Tuscany","historical_entity":"Grand Duchy of Tuscany","ohm_relation_id":2832268,"start_date":"1648-10-24","end_date":"1772","admin_level":"2","boundary":"administrative","source":null,"_historical_overlay":true},"geometry":{"type":"MultiPolygon","coordinates":[[[[12.2260662,43.8100043],[12.2391125,43.8008367],[12.2360226,43.7946415],[12.2452923,43.7854715],[12.2154232,43.7829929],[12.1986004,43.7723336],[12.1845242,43.7743169],[12.1862408,43.7829929],[12.1690747,43.7934024],[12.1759411,43.8003411],[12.1687313,43.8035623],[12.1769711,43.8114908],[12.1862408,43.8035623],[12.1975705,43.8062879],[12.2082135,43.8057923],[12.2171399,43.802819],[12.2260662,43.8100043]]],[[[12.162466,43.8991603],[12.1654272,43.8976759],[12.166543,43.8956659],[12.1699332,43.8942433],[12.1677231,43.8925269],[12.166028,43.8888311],[12.1625518,43.8860784],[12.1578741,43.8861402],[12.1533679,43.8875321],[12.1567153,43.8927898],[12.1549987,43.8940269],[12.1589899,43.8974286],[12.162466,43.8991603]]],[[[10.9177166,44.0627785],[11.006467,44.1390345],[11.0494271,44.0902461],[11.2480363,44.0975724],[11.2002173,44.1566287],[11.396499,44.2341482],[11.6342651,44.1178249],[11.7643213,44.1971682],[11.9580497,44.2087586],[11.9104242,44.1275209],[11.9563865,43.9631677],[11.9116687,43.940212],[12.1649122,43.9566495],[12.0677948,43.8893259],[12.1525954,43.8682601],[12.0961712,43.7652396],[12.1956518,43.7320904],[12.282571,43.7651587],[12.3713914,43.7094279],[12.3157124,43.6780088],[12.3082646,43.730196],[12.1859047,43.6424116],[12.2138327,43.6108861],[12.0975806,43.518279],[12.1338574,43.4811672],[12.0381665,43.4211269],[12.1387134,43.2999917],[12.2150464,43.294872],[12.0290039,43.2502236],[11.921936,43.1379086],[11.9773462,43.052206],[11.9513965,42.8932997],[11.7504785,42.806332],[11.807124,42.7425124],[11.7869092,42.651249],[11.5881665,42.5661379],[11.6018115,42.4473866],[11.4787646,42.4258864],[11.4248389,42.3425283],[11.1325215,42.3249409],[11.0339989,42.4333154],[11.1356559,42.5133346],[10.8904442,42.7174139],[10.9993737,42.8572178],[10.870949,42.9681311],[10.686958,42.9056239],[10.7790014,43.0670925],[10.6565664,43.0776656],[10.6931303,43.0205882],[10.607128,42.9998767],[10.4759241,43.0479295],[10.4714266,43.2385811],[10.2829207,43.4561645],[10.2163422,43.6762844],[10.2060543,43.8064443],[10.3070748,43.8296177],[10.6231137,43.7569072],[10.7095241,43.9551358],[10.6750531,43.9850717],[10.7449721,44.0097931],[10.6306868,44.1164956],[10.663429,44.1532441],[10.9177166,44.0627785]],[[12.0872783,43.8548929],[12.0888232,43.8588538],[12.0756911,43.8571828],[12.0743178,43.8588538],[12.064104,43.8593489],[12.0563792,43.862567],[12.054491,43.8560688],[12.062559,43.8474653],[12.0682239,43.8520458],[12.0768928,43.8521695],[12.0782661,43.8543358],[12.0829009,43.8543358],[12.0872783,43.8548929]]],[[[10.0847388,44.2728363],[10.1354673,44.3541534],[10.2538567,44.2685809],[10.1583539,44.1137352],[10.0824488,44.1367945],[10.1165628,44.201528],[10.0335759,44.1732987],[10.0847388,44.2728363]]],[[[9.8170089,44.2263696],[9.6867004,44.3659396],[9.8640277,44.4712692],[10.0005626,44.4437384],[10.0029659,44.330249],[10.078033,44.3566919],[9.9946403,44.2352375],[9.9137019,44.2213993],[9.9230575,44.2812801],[9.9803066,44.2705564],[9.9677492,44.3482808],[9.8546221,44.267782],[9.8600863,44.1966469],[9.8170089,44.2263696]],[[9.8100081,44.2841152],[9.9263428,44.3217063],[9.8878355,44.3393185],[9.8100081,44.2841152]]],[[[10.5820655,44.1216678],[10.49014,44.0373504],[10.448887,44.0865184],[10.5528831,44.1684764],[10.5820655,44.1216678]]],[[[10.1876699,44.0140463],[10.3274059,44.0687171],[10.3737759,43.9981401],[10.1636969,43.8915071],[10.1003367,43.9520485],[10.1876699,44.0140463]]]]}},{"type":"Feature","properties":{"name":"Colony of Anguilla","historical_entity":"Colony of Anguilla","ohm_relation_id":2832839,"start_date":"1650","end_date":"1666","admin_level":"2","boundary":"administrative","source":null,"_historical_overlay":true},"geometry":{"type":"MultiPolygon","coordinates":[[[[-63.3832933,18.556829],[-63.4660436,18.5459413],[-63.4663011,18.6256686],[-63.3863927,18.6316873],[-63.3832933,18.556829]]],[[[-62.9740581,18.1730201],[-63.2096674,18.1231762],[-63.1885694,18.214304],[-63.3275094,18.2861896],[-63.1568078,18.3196506],[-63.0936249,18.2817431],[-62.8883173,18.3294329],[-62.9740581,18.1730201]]]]}},{"type":"Feature","properties":{"name":"Virgin Islands Colony","historical_entity":"Virgin Islands Colony","ohm_relation_id":2832940,"start_date":"1648","end_date":"1672","admin_level":"2","boundary":"administrative","source":null,"_historical_overlay":true},"geometry":{"type":"MultiPolygon","coordinates":[[[[-64.322236,18.6592809],[-64.4666158,18.7233386],[-64.3672444,18.7974458],[-64.2210527,18.7148562],[-64.2448844,18.6465375],[-64.322236,18.6592809]]],[[[-64.8899751,18.4624322],[-64.3540679,18.5797849],[-64.2772681,18.474237],[-64.6237084,18.2571534],[-64.6394445,18.3641667],[-64.8638889,18.3975],[-64.8899751,18.4624322]]]]}},{"type":"Feature","properties":{"name":"Colony of Barbados","historical_entity":"Colony of Barbados","ohm_relation_id":2832946,"start_date":"1625-05-14","end_date":"1833","admin_level":"2","boundary":"administrative","source":null,"_historical_overlay":true},"geometry":{"type":"MultiPolygon","coordinates":[[[[-59.6939952,13.2060264],[-59.6940663,13.343857],[-59.6133989,13.3882695],[-59.37842,13.1758545],[-59.4203871,13.0609732],[-59.5353909,12.9992209],[-59.6736463,13.0724058],[-59.6939952,13.2060264]]]]}},{"type":"Feature","properties":{"name":"Bahamas","historical_entity":"Bahamas","ohm_relation_id":2832954,"start_date":"1492-10-12","end_date":"1706","admin_level":"2","boundary":"administrative","source":null,"_historical_overlay":true},"geometry":{"type":"MultiPolygon","coordinates":[[[[-78.0086607,26.8071037],[-77.9881395,26.9814742],[-77.8166079,26.9806309],[-78.1398021,27.0952365],[-78.1284869,26.9791835],[-78.244759,26.9026948],[-78.2806044,27.0011723],[-78.1902116,27.0926006],[-78.4266889,27.1986931],[-78.4396382,27.2994828],[-78.3381255,27.3093778],[-77.9302705,27.090192],[-77.5328903,27.0026707],[-76.9219392,26.5905069],[-76.9386573,26.3258628],[-77.1224266,26.1979673],[-77.1324181,25.8440278],[-77.2033051,25.7954258],[-77.4531283,25.9858744],[-77.4387542,26.0637913],[-77.2859233,26.1590413],[-77.3107083,26.2360035],[-77.3274584,26.4432155],[-77.4620336,26.5673098],[-77.5014035,26.7595232],[-77.5779245,26.8180244],[-77.8536759,26.8234173],[-77.8535498,26.7215644],[-77.6953316,26.5049679],[-77.7802497,26.373083],[-77.9574502,26.6043409],[-78.7796407,26.4581974],[-79.037636,26.6588145],[-79.0684835,26.7996788],[-78.9963626,26.847527],[-78.9229181,26.7147208],[-78.7168272,26.6358395],[-78.6589405,26.6717698],[-78.6682684,26.9266629],[-78.6174171,26.9717241],[-78.354675,26.746663],[-78.306651,26.8085435],[-78.2128554,26.7584556],[-78.0086607,26.8071037]]],[[[-77.637503,26.2645177],[-77.7045355,26.2745346],[-77.7015432,26.3421159],[-77.5431074,26.3727431],[-77.4849783,26.3118726],[-77.5091015,26.1937146],[-77.6114809,26.1896538],[-77.637503,26.2645177]]],[[[-77.5849009,26.1298992],[-77.5108805,26.1595498],[-77.4741573,26.0701175],[-77.5610241,26.0345286],[-77.5849009,26.1298992]]],[[[-77.9599045,25.4931435],[-77.7769533,25.5487687],[-77.9974213,25.8446475],[-77.877302,25.8701973],[-77.7706131,25.7535776],[-77.6568637,25.5688552],[-77.7111212,25.3890637],[-77.9287974,25.3599389],[-78.0580718,25.4695327],[-78.0207669,25.5287753],[-77.9599045,25.4931435]]],[[[-79.1038327,25.2875086],[-79.1208729,25.2206721],[-79.1870495,25.2295377],[-79.3523442,25.5685422],[-79.2953456,25.8136857],[-79.2021761,25.7884908],[-79.1988563,25.6751759],[-79.2658114,25.6276061],[-79.1038327,25.2875086]]],[[[-78.2409639,24.9729303],[-78.2842347,25.2293668],[-78.1271875,25.3800958],[-77.9466369,25.1510575],[-77.8003324,24.8127377],[-77.6463323,24.6637535],[-77.6744049,24.4571253],[-77.4356523,23.9012022],[-77.5402574,23.6835423],[-77.7600997,23.5156191],[-77.8273072,23.5301741],[-77.7946864,23.6369318],[-77.9385533,23.7521464],[-77.8573636,23.8352974],[-77.8906025,23.9898284],[-78.1374226,24.3213317],[-78.5714336,24.6413555],[-78.5258406,24.7225179],[-78.451077,24.6647241],[-78.2409639,24.9729303]]],[[[-79.6979071,23.7872499],[-79.6110568,23.6958655],[-79.6407222,23.6386857],[-79.7187271,23.6661309],[-79.8327546,23.9079532],[-79.7493238,23.9426827],[-79.6979071,23.7872499]]],[[[-79.9152195,24.0286006],[-79.8933605,24.1147924],[-79.7818346,24.053545],[-79.8138622,23.9774725],[-79.9152195,24.0286006]]],[[[-80.4203785,23.9073979],[-80.480198,23.8733065],[-80.5259807,23.9299567],[-80.3730876,24.0350404],[-80.2963872,24.0439419],[-80.2732187,23.9844567],[-80.4203785,23.9073979]]],[[[-80.3297787,23.6707175],[-80.405752,23.6387674],[-80.4447462,23.7151821],[-80.3705777,23.7474218],[-80.3297787,23.6707175]]],[[[-79.4692395,23.4395548],[-79.6198551,23.527401],[-79.6608073,23.6044402],[-79.5988432,23.6463856],[-79.4357653,23.5084587],[-79.4692395,23.4395548]]],[[[-77.297404,23.6059733],[-77.3129598,23.5363393],[-77.3820141,23.5490413],[-77.4507879,23.8152852],[-77.3814781,23.8030787],[-77.297404,23.6059733]]],[[[-77.1273901,24.001028],[-77.211593,23.9986569],[-77.2126188,24.0838656],[-77.1316754,24.0824866],[-77.1273901,24.001028]]],[[[-77.0037622,23.9903172],[-76.924244,23.9372416],[-77.0267527,23.9136334],[-77.1250384,23.9064358],[-77.1539225,23.9666776],[-77.0037622,23.9903172]]],[[[-76.7236083,25.0019218],[-76.7799843,24.784063],[-76.6979659,24.487025],[-76.5214335,24.3776573],[-76.1506668,23.8652103],[-75.3811186,23.4044567],[-75.4496878,23.3390757],[-75.8571906,23.384122],[-76.1397913,23.3935504],[-76.1241728,23.4699948],[-75.9208622,23.5128715],[-76.1083864,23.5368147],[-76.1111214,23.6391719],[-76.2461018,23.7120133],[-76.6112927,24.2920326],[-76.8601759,24.4908481],[-76.8814382,24.8717847],[-76.7236083,25.0019218]]],[[[-76.7532943,25.178911],[-76.6819512,25.1354317],[-76.7504242,25.0863473],[-76.7532943,25.178911]]],[[[-75.9975661,24.546791],[-76.0142652,24.6221403],[-75.8941021,24.6493789],[-75.7568673,24.5570509],[-75.8142939,24.5138171],[-75.9975661,24.546791]]],[[[-75.5758251,24.6195644],[-75.2482945,24.1159443],[-75.5176084,24.0768017],[-75.5818283,24.160535],[-75.4964572,24.2256072],[-75.4513899,24.2443864],[-75.8085928,24.6943734],[-75.6736202,24.7391977],[-75.5758251,24.6195644]]],[[[-75.0885997,23.8976893],[-75.0307115,23.8061931],[-75.1165856,23.7573178],[-75.177594,23.8704949],[-75.0885997,23.8976893]]],[[[-75.0004368,23.6628851],[-74.8447331,23.762153],[-74.7417149,23.6893165],[-74.8272002,23.5854477],[-75.0004368,23.6628851]]],[[[-74.5125843,23.8965162],[-74.6164008,23.9257582],[-74.5865857,24.083101],[-74.5012804,24.2051724],[-74.4282015,24.1765992],[-74.3867684,24.0278371],[-74.4433885,23.9011613],[-74.5125843,23.8965162]]],[[[-75.3892006,23.6382844],[-75.3370005,23.7354915],[-75.2389748,23.6675494],[-75.0538022,23.3460391],[-75.023599,23.1778993],[-74.903315,23.1398606],[-74.7798882,22.8962227],[-74.880555,22.8045233],[-74.9937193,23.0146207],[-75.3312706,23.152303],[-75.2767186,23.2727342],[-75.1732379,23.2939571],[-75.3892006,23.6382844]]],[[[-75.6810419,22.9871633],[-75.7440256,22.9480434],[-75.7851071,23.0089216],[-75.5704094,23.1767824],[-75.4775776,23.1881333],[-75.4531728,23.1211933],[-75.6810419,22.9871633]]],[[[-75.8395227,22.8064022],[-75.8342971,22.6185388],[-75.883659,22.5755066],[-75.9431237,22.6206828],[-75.944497,22.7910753],[-75.8471468,22.9778273],[-75.7900512,22.9320976],[-75.8395227,22.8064022]]],[[[-75.8464908,22.3109567],[-75.8995559,22.4723278],[-75.8485201,22.5529825],[-75.7042205,22.3096886],[-75.6376159,22.1514227],[-75.6872784,22.0985313],[-75.7806917,22.1443617],[-75.8464908,22.3109567]]],[[[-75.2405457,22.0181028],[-75.2080105,22.0781602],[-75.1433325,22.0536918],[-75.1668134,21.9755315],[-75.2405457,22.0181028]]],[[[-74.4833246,22.1719405],[-74.4443607,22.111812],[-74.5156475,22.0389048],[-74.5843207,22.1524832],[-74.4833246,22.1719405]]],[[[-74.340494,22.1804184],[-74.1347966,22.427912],[-73.9325955,22.5309982],[-74.2436866,22.6292801],[-74.2787696,22.5748312],[-74.169891,22.4416858],[-74.2588895,22.3632074],[-74.2903719,22.4556893],[-74.4290307,22.5288426],[-74.3402104,22.6727714],[-74.3806551,22.7721147],[-74.4100983,22.8564332],[-74.357819,22.8969259],[-73.7845049,22.7317764],[-73.7917624,22.5165663],[-73.9624448,22.2940821],[-74.2930017,22.0782027],[-74.3769268,22.1048858],[-74.340494,22.1804184]]],[[[-73.4250172,22.6187102],[-73.4594141,22.5425642],[-73.6340501,22.5225151],[-73.6806322,22.5690183],[-73.6173078,22.6610282],[-73.4250172,22.6187102]]],[[[-73.7091539,23.0258142],[-73.8464512,23.0471049],[-73.8663335,23.1186945],[-73.6078391,23.1329897],[-73.5590997,23.0480541],[-73.7091539,23.0258142]]],[[[-73.214125,22.3902323],[-73.1598754,22.4972666],[-73.062806,22.4963736],[-72.7304872,22.3964309],[-72.6653529,22.3428787],[-72.6898756,22.2811277],[-72.7802592,22.2328208],[-72.9020929,22.3139123],[-73.070421,22.283328],[-73.1996865,22.3222142],[-73.214125,22.3902323]]],[[[-73.6204287,21.159075],[-73.3962056,21.2864497],[-73.2940079,21.1936785],[-73.1809009,21.216532],[-73.0665008,21.3763086],[-73.1222963,21.5265052],[-73.006365,21.6087642],[-72.8643195,21.5163857],[-73.0137193,21.387636],[-72.9605832,21.3394125],[-72.9921862,21.1313843],[-73.1481714,20.9168954],[-73.6752646,20.8704334],[-73.7511965,21.0276288],[-73.7033446,21.1476313],[-73.6204287,21.159075]]],[[[-76.9222043,25.2250628],[-76.9785369,25.1349162],[-77.4206602,24.9099937],[-77.6020521,24.9978147],[-77.511866,25.1102741],[-77.1977394,25.1461095],[-76.9535584,25.2528593],[-76.8849667,25.361147],[-76.9333717,25.5081468],[-76.7821877,25.6086664],[-76.6237459,25.5985419],[-76.5707887,25.4758778],[-76.3415362,25.3916243],[-76.2513204,25.283052],[-76.0649834,25.1375946],[-76.1367025,24.5618866],[-76.3701923,24.7567102],[-76.4341501,24.8891778],[-76.3816223,24.9776398],[-76.2535158,24.841704],[-76.1908977,25.0408331],[-76.3935383,25.2802656],[-76.7027483,25.3972796],[-76.9222043,25.2250628]]]]}},{"type":"Feature","properties":{"name":"Colony of Barbuda","historical_entity":"Colony of Barbuda","ohm_relation_id":2832959,"start_date":"1625","end_date":"1671","admin_level":"2","boundary":"administrative","source":null,"_historical_overlay":true},"geometry":{"type":"MultiPolygon","coordinates":[[[[-61.8163315,17.5274004],[-61.9069494,17.5520792],[-61.941584,17.7011747],[-61.8664742,17.7791218],[-61.7905983,17.7564894],[-61.6933632,17.6626553],[-61.681388,17.5429923],[-61.7282084,17.4969119],[-61.8163315,17.5274004]]]]}},{"type":"Feature","properties":{"name":"Colony of Antigua","historical_entity":"Colony of Antigua","ohm_relation_id":2832968,"start_date":"1632","end_date":"1671","admin_level":"2","boundary":"administrative","source":null,"_historical_overlay":true},"geometry":{"type":"MultiPolygon","coordinates":[[[[-61.8066801,16.9583932],[-61.9333105,16.9957716],[-61.9594368,17.1023081],[-61.8030741,17.2292196],[-61.680648,17.1883333],[-61.6044837,17.0637722],[-61.7270446,16.9533481],[-61.8066801,16.9583932]]]]}},{"type":"Feature","properties":{"name":"Dominica","historical_entity":"Dominica","ohm_relation_id":2834748,"start_date":"1632","end_date":"1727","admin_level":"2","boundary":"administrative","source":null,"_historical_overlay":true},"geometry":{"type":"MultiPolygon","coordinates":[[[[-61.2081897,15.5310435],[-61.2317276,15.2096772],[-61.3965825,15.1666636],[-61.446885,15.3085076],[-61.5332408,15.5305241],[-61.4934546,15.6775649],[-61.2856845,15.6335377],[-61.2081897,15.5310435]]]]}},{"type":"Feature","properties":{"name":"Colony of Grenada","historical_entity":"Colony of Grenada","ohm_relation_id":2834759,"start_date":"1649-03-17","end_date":"1762-03-04","admin_level":"2","boundary":"administrative","source":null,"_historical_overlay":true},"geometry":{"type":"MultiPolygon","coordinates":[[[[-61.7669767,11.9396398],[-61.8511398,12.0198458],[-61.7588134,12.2257218],[-61.5896061,12.3811598],[-61.4994184,12.3411974],[-61.50095,12.1932276],[-61.6329065,11.9848904],[-61.7669767,11.9396398]]],[[[-61.4943704,12.5515208],[-61.332174,12.4960327],[-61.4592144,12.3596348],[-61.531022,12.3711412],[-61.5621391,12.471533],[-61.4943704,12.5515208]]]]}},{"type":"Feature","properties":{"name":"Colony of Saint Christopher","historical_entity":"Colony of Saint Christopher","ohm_relation_id":2834788,"start_date":"1630-11-15","end_date":"1671","admin_level":"2","boundary":"administrative","source":null,"_historical_overlay":true},"geometry":{"type":"MultiPolygon","coordinates":[[[[-62.6841364,17.1711468],[-62.9139147,17.3483601],[-62.8552434,17.4613959],[-62.7435749,17.4439873],[-62.5732991,17.2703192],[-62.6841364,17.1711468]]]]}},{"type":"Feature","properties":{"name":"Colony of Nevis","historical_entity":"Colony of Nevis","ohm_relation_id":2834795,"start_date":"1628","end_date":"1671","admin_level":"2","boundary":"administrative","source":null,"_historical_overlay":true},"geometry":{"type":"MultiPolygon","coordinates":[[[[-62.5684745,17.2581258],[-62.4873302,17.1518017],[-62.561283,17.0528764],[-62.6871166,17.1248576],[-62.5684745,17.2581258]]]]}},{"type":"Feature","properties":{"name":"St Vincent and the Grenadines Territory","historical_entity":"St Vincent and the Grenadines Territory","ohm_relation_id":2834824,"start_date":"1627","end_date":"1717","admin_level":"2","boundary":"administrative","source":null,"_historical_overlay":true},"geometry":{"type":"MultiPolygon","coordinates":[[[[-61.4943704,12.5515208],[-61.4927378,12.6417908],[-61.2504175,12.839259],[-61.2380652,12.9016207],[-61.3391508,12.9859147],[-61.2368616,13.0898626],[-61.3284153,13.2537787],[-61.2482922,13.3977476],[-61.1583817,13.4293043],[-61.0658828,13.3350829],[-61.1616164,13.0753324],[-61.0766031,12.9481854],[-61.1780275,12.7639792],[-61.2585209,12.7444517],[-61.332174,12.4960327],[-61.4943704,12.5515208]]]]}},{"type":"Feature","properties":{"name":"Colonia Trinidad","historical_entity":"Colonia Trinidad","ohm_relation_id":2834831,"start_date":"1592","end_date":"1797","admin_level":"2","boundary":"administrative","source":null,"_historical_overlay":true},"geometry":{"type":"MultiPolygon","coordinates":[[[[-61.7897156,10.747595],[-61.3701664,10.8668432],[-60.8677468,10.8615838],[-60.9839177,10.6562581],[-60.9887864,10.4747545],[-60.9131957,10.3471972],[-60.9365776,10.1133215],[-61.2420852,10.0214277],[-61.9061443,9.9905125],[-62.0555329,10.0432797],[-62.040809,10.1226871],[-61.9689444,10.1027097],[-61.658348,10.2956856],[-61.5182094,10.3110892],[-61.5448999,10.603383],[-61.7955744,10.6270846],[-61.7897156,10.747595]]]]}},{"type":"Feature","properties":{"name":"Spanish Bay Islands","historical_entity":"Spanish Bay Islands","ohm_relation_id":2835325,"start_date":"1650","end_date":"1742","admin_level":"2","boundary":"administrative","source":null,"_historical_overlay":true},"geometry":{"type":"MultiPolygon","coordinates":[[[[-86.0025596,16.4093638],[-85.8498289,16.5667706],[-85.7680185,16.5215001],[-85.7854189,16.4331391],[-85.8836462,16.3539093],[-86.0025596,16.4093638]]],[[[-86.6546633,16.2666727],[-86.5922935,16.3770493],[-86.3644044,16.4703573],[-86.1041023,16.4925416],[-86.0949322,16.400602],[-86.5895831,16.2169538],[-86.6546633,16.2666727]]],[[[-87.063341,16.0730678],[-86.8943025,16.1732148],[-86.8264825,16.1392311],[-86.8444337,16.055945],[-86.9943213,15.9908538],[-87.063341,16.0730678]]]]}},{"type":"Feature","properties":{"name":"Couto Misto","historical_entity":"Couto Misto","ohm_relation_id":2835764,"start_date":"1000","end_date":"1868","admin_level":"2","boundary":"administrative","source":null,"_historical_overlay":true},"geometry":{"type":"MultiPolygon","coordinates":[[[[-7.8451817,41.8812849],[-7.8081895,41.9568094],[-7.8035546,41.9146052],[-7.8451817,41.8812849]]]]}},{"type":"Feature","properties":{"name":"Republic of Venice","historical_entity":"Republic of Venice","ohm_relation_id":2835825,"start_date":"1572","end_date":"1668","admin_level":"2","boundary":"administrative","source":null,"_historical_overlay":true},"geometry":{"type":"MultiPolygon","coordinates":[[[[20.1469878,39.1447364],[20.084087,39.2625027],[20.2290674,39.2373827],[20.2998551,39.122368],[20.1469878,39.1447364]]],[[[20.8105241,37.6074643],[20.564411,37.8151739],[20.6504168,37.9590686],[20.7571161,37.942499],[21.0451606,37.7357555],[21.0244923,37.6669253],[20.8105241,37.6074643]]],[[[25.1872883,35.5034764],[25.2991387,35.4647414],[25.2211589,35.3829653],[25.130914,35.436659],[25.1872883,35.5034764]]],[[[25.6784279,34.9231626],[25.7940837,34.8957523],[25.7473288,34.8310246],[25.6385648,34.844844],[25.6784279,34.9231626]]],[[[23.3084306,35.9363787],[23.3702946,35.7981793],[23.2379779,35.8420893],[23.198593,36.0010989],[23.2861438,36.0095645],[23.3084306,35.9363787]]],[[[21.031231,37.2974818],[21.0704426,37.226498],[20.9797485,37.2045362],[20.9467007,37.2737715],[21.031231,37.2974818]]],[[[20.7032845,38.8930481],[20.8761427,38.5039574],[20.8469453,38.4419351],[20.7609379,38.4436069],[20.8212302,38.3148319],[20.7525758,38.2662233],[20.8661375,38.0983904],[20.7928362,38.0156002],[20.4503121,38.0908311],[20.3136694,38.1399812],[20.2859232,38.2114748],[20.353266,38.3763229],[20.4733192,38.3905661],[20.5365371,38.517717],[20.4895208,38.5886764],[20.5551856,38.8023747],[20.7032845,38.8930481]]],[[[19.9798621,39.648396],[20.1493223,39.463579],[20.1378853,39.3248541],[19.8297451,39.4284782],[19.6773728,39.6298194],[19.4837944,39.7306161],[19.4646172,39.8081836],[19.8930168,39.8540561],[19.9776074,39.7908637],[19.9320677,39.6924421],[19.9798621,39.648396]]],[[[13.7648391,45.6146979],[14.2063844,45.4007552],[13.9845657,45.2897126],[13.8833284,45.3298537],[13.7789581,45.1992159],[13.8552187,45.1073028],[14.2586007,45.1478875],[14.3171439,45.2127286],[14.4251682,45.1428312],[14.4906346,45.2543554],[14.5607471,45.261295],[14.8593269,44.9880846],[14.8693299,44.6503376],[15.2776945,44.3463544],[15.3192447,44.4200208],[15.5707374,44.2934033],[15.9196323,44.2257427],[16.0755711,44.1179784],[16.1395302,44.2139828],[16.2260538,44.2096875],[17.0145271,43.5715003],[17.2784558,43.4713816],[17.3109621,43.2984301],[17.5006329,43.1514487],[17.6414468,43.0894337],[17.7120777,42.9729992],[17.5146746,42.9379515],[17.2437301,43.1069933],[16.947996,43.0524458],[17.2266644,42.9476325],[17.2202127,42.8787074],[16.6849493,42.8627829],[16.5536094,42.9836187],[16.7005884,43.0416835],[16.2587411,43.1580279],[16.4597371,43.2536352],[15.8629852,43.5035056],[15.8499042,43.6114344],[15.5508041,43.5900275],[15.224931,43.7727557],[14.5499626,44.3157225],[14.4421524,44.4816415],[14.2443757,44.4893717],[14.2655785,44.5557249],[14.1782585,44.6317979],[14.2758178,44.7267495],[14.2438794,44.9128308],[14.3026745,45.0270718],[14.249893,45.0707763],[14.2173442,44.9629013],[14.0905377,44.9108997],[13.9690741,44.7352339],[13.8744423,44.7386442],[13.6814098,44.8899321],[13.6921559,44.9638971],[13.5667623,45.0384893],[13.4373873,45.4938405],[13.6884064,45.6361136],[13.7648391,45.6146979]]],[[[18.5341716,42.4127322],[18.4752702,42.5026837],[18.6947821,42.6342114],[18.7800978,42.5151325],[18.7679098,42.3931006],[18.9731458,42.2334708],[19.1047621,42.1108651],[18.9762012,42.1040588],[18.5455288,42.354427],[18.5341716,42.4127322]]],[[[25.5544531,34.9456051],[24.7153049,34.8808447],[24.6986602,35.0507879],[24.6267155,35.0533767],[24.6569128,34.9898976],[24.5727682,34.9599345],[24.5182574,35.0075775],[24.5853007,35.0541962],[24.4817708,35.1075727],[23.5740734,35.1897645],[23.4706663,35.2568838],[23.5228571,35.5602914],[23.421755,35.5934061],[23.5210687,35.6135734],[23.5445265,35.6830905],[23.6528113,35.6348937],[23.7384589,35.7377702],[23.8673667,35.5681161],[24.0002947,35.5605838],[24.1158021,35.6448437],[24.2291363,35.5961195],[24.3162175,35.3967999],[24.9714835,35.475524],[25.100836,35.3823808],[25.4564061,35.3374635],[25.7884853,35.3829663],[25.7934936,35.163923],[25.8452127,35.2374509],[26.1586444,35.2642082],[26.1012604,35.3276628],[26.1539475,35.4244729],[26.4015452,35.288795],[26.3229377,35.0750361],[26.1575242,34.879732],[25.9655216,34.9885227],[25.5544531,34.9456051]]],[[[22.9828649,36.4158759],[23.1719459,36.231606],[22.9931547,36.0480194],[22.8615783,36.1800106],[22.8374312,36.3190361],[22.8902579,36.4113392],[22.9828649,36.4158759]]],[[[15.735694,42.9771013],[15.674612,43.0346759],[15.7732588,43.0724077],[15.8162447,43.0122561],[15.735694,42.9771013]]],[[[16.3114353,43.0387977],[16.0051011,42.9150543],[15.9467659,42.9379925],[15.9632761,43.0193698],[16.1477236,43.1185591],[16.2794326,43.1082505],[16.3114353,43.0387977]]],[[[9.7603079,45.4565696],[9.7920679,45.3563624],[9.7342546,45.2696298],[9.602509,45.2882805],[9.5787959,45.4385725],[9.7259584,45.49935],[9.4510708,45.6840405],[9.5401171,45.9456424],[9.4914916,46.0116153],[10.1695584,46.0570494],[10.1609545,46.1584036],[10.4711645,46.3546304],[10.5796731,46.2988054],[10.5125642,46.1677947],[10.5915069,46.1611666],[10.5922793,46.0813876],[10.4526701,45.9845919],[10.5632589,45.7312242],[10.6673668,45.7730646],[10.6532081,45.8327512],[10.8252873,45.8378809],[10.8877377,45.8112939],[10.843289,45.7183607],[10.9427457,45.6728228],[11.1385098,45.6968483],[11.2226199,45.9266176],[11.3506894,45.8918748],[11.3735506,45.983531],[11.5112685,46.0123431],[11.6850918,45.9680814],[11.6850735,46.0934045],[11.9650125,46.1678988],[11.7740303,46.3576643],[11.8866855,46.4648695],[12.0030594,46.4377921],[12.0590728,46.4982214],[12.2297856,46.5053499],[12.190705,46.5898747],[12.2606511,46.6296641],[12.5018092,46.6806196],[13.0665912,46.5974388],[13.4535917,46.4766652],[13.5179929,46.3777532],[13.4418653,46.3474522],[13.4002302,46.2959506],[13.4392833,46.226878],[13.666678,46.1740438],[13.4932279,45.9849009],[13.3333253,45.9159001],[13.3304071,45.8585902],[13.4169244,45.8495784],[13.2498911,45.7563651],[13.4619331,45.7499411],[13.4259141,45.8338047],[13.4740498,45.8740996],[13.5851096,45.8000246],[13.6023879,45.711218],[13.4402645,45.6396439],[13.2058381,45.6748086],[12.4178229,45.3889933],[12.3531436,45.2551217],[12.381718,45.1212404],[12.5508485,44.9579899],[12.4478785,44.7719152],[12.295804,44.8584385],[12.2373959,44.9742711],[12.0746609,45.0189426],[12.0595547,44.9769426],[11.8902966,45.0303477],[11.7244719,44.9442681],[11.4460369,45.068914],[11.0746957,45.0977593],[10.935584,45.2326418],[10.7282391,45.2915091],[10.7024267,45.422814],[10.4511853,45.4185955],[10.4243945,45.2968677],[10.5127142,45.2405692],[10.4035376,45.1693309],[9.9113887,45.3375563],[9.8526534,45.5324974],[9.7683905,45.5150083],[9.7603079,45.4565696]],[[13.4962964,46.0092582],[13.4971761,46.0045784],[13.5005879,46.005264],[13.5021329,46.006814],[13.5016179,46.0083789],[13.5002017,46.0093327],[13.4984422,46.0096755],[13.4962964,46.0092582]],[[13.4717273,46.0195703],[13.4747314,46.0208666],[13.4743452,46.0220586],[13.4755039,46.0226248],[13.4762764,46.0220288],[13.4783792,46.0224162],[13.4801387,46.0217308],[13.488636,46.0243531],[13.4898805,46.0265284],[13.4944295,46.0297464],[13.4938287,46.0312659],[13.4983348,46.0338282],[13.4992361,46.0358541],[13.4984636,46.03645],[13.4991931,46.037016],[13.4984207,46.0379693],[13.4961462,46.0381183],[13.4917688,46.039161],[13.4785187,46.035936],[13.4778643,46.0339474],[13.4750104,46.0333664],[13.4728753,46.0297762],[13.4732723,46.0285098],[13.4725213,46.0278692],[13.4730792,46.0272882],[13.4724569,46.0266774],[13.4729504,46.0261708],[13.4723496,46.0249193],[13.4723711,46.0227589],[13.4717273,46.0195703]],[[13.4914255,46.0624074],[13.4911036,46.058015],[13.4882498,46.0568834],[13.487885,46.0556028],[13.4887647,46.054888],[13.4910393,46.0546498],[13.4917259,46.0538457],[13.4930134,46.0536967],[13.4946441,46.0526246],[13.4960818,46.0524607],[13.4970474,46.0539946],[13.4968972,46.0567196],[13.4948802,46.057613],[13.4954166,46.0589978],[13.4973907,46.0594594],[13.4936356,46.0631072],[13.4914255,46.0624074]],[[13.1331251,45.7723726],[13.2450484,45.7533913],[13.2416152,45.8301151],[13.2907104,45.8079825],[13.2983493,45.8902472],[13.2414435,45.9139594],[13.1331251,45.7723726]],[[13.0545041,45.8768637],[13.0792233,45.871844],[13.087463,45.8883356],[13.0854031,45.9041056],[13.0751034,45.909839],[13.0678936,45.90315],[13.0709835,45.8990884],[13.0538174,45.8974158],[13.0483242,45.9019554],[13.0452343,45.896699],[13.0390545,45.8988494],[13.0380246,45.8895305],[13.0545041,45.8768637]],[[13.0826565,45.8096579],[13.0864331,45.8259287],[13.0641171,45.8309525],[13.0816265,45.8481737],[13.0709835,45.8582169],[13.0654904,45.8508042],[13.0514141,45.8438689],[13.0562207,45.8371719],[13.035278,45.8268856],[13.0373379,45.8237755],[13.0541607,45.8302348],[13.0641171,45.8216222],[13.0617138,45.8130081],[13.0727002,45.8180331],[13.0826565,45.8096579]],[[13.0376812,45.8331054],[13.0455777,45.8388462],[13.0476376,45.8460213],[13.0397412,45.8496085],[13.0363079,45.8560649],[13.0301281,45.8505651],[13.0239483,45.8398029],[13.0376812,45.8331054]],[[13.0593106,45.9074502],[13.0702971,45.9168854],[13.0759619,45.9254833],[13.0740736,45.9278714],[13.0797384,45.9363483],[13.0843731,45.9370647],[13.0826565,45.9456595],[13.0740734,45.9461369],[13.0692669,45.9289461],[13.0618855,45.9164078],[13.0593106,45.9074502]],[[12.965412,45.8883355],[12.975025,45.888694],[12.9774283,45.8950263],[12.9741667,45.899805],[12.9751967,45.9044638],[12.9583739,45.911511],[12.9468725,45.9094806],[12.9582022,45.89419],[12.9685019,45.8939511],[12.965412,45.8883355]],[[12.9573437,45.9626065],[12.981033,45.9661861],[12.990646,45.972629],[12.9975125,45.9843196],[12.9872128,45.9843196],[12.9848095,45.9783553],[12.9745098,45.9812183],[12.9604336,45.9766852],[12.9559704,45.9709587],[12.9484173,45.9759694],[12.9367443,45.9747764],[12.9405209,45.9673793],[12.9573437,45.9626065]],[[13.0239483,45.7929036],[13.0521008,45.7126525],[13.0751034,45.7514749],[13.0864331,45.7943399],[13.0239483,45.7929036]],[[11.0075712,45.1764102],[11.0058975,45.1755632],[11.0063695,45.1731127],[11.0061121,45.1686047],[11.0060048,45.1663505],[11.0062408,45.1655335],[11.0074639,45.1655941],[11.007936,45.163945],[11.0086226,45.1637332],[11.0080862,45.1629162],[11.0072708,45.1612973],[11.0074639,45.16045],[11.0085797,45.1586343],[11.0098457,45.1581199],[11.0140943,45.1612519],[11.0137081,45.1616604],[11.015253,45.1627044],[11.0147381,45.1635214],[11.0189438,45.1655638],[11.0173559,45.1670162],[11.0200381,45.1681508],[11.0194802,45.1688618],[11.019566,45.1693913],[11.0183859,45.1697695],[11.0177421,45.1707074],[11.0177851,45.1711915],[11.0167765,45.1721596],[11.0158968,45.1724017],[11.0158109,45.1728857],[11.0147595,45.1733244],[11.0150814,45.1737329],[11.0139227,45.1751699],[11.0111117,45.1758354],[11.0102963,45.1755027],[11.0096526,45.1756539],[11.0086655,45.175669],[11.0075712,45.1764102]]]]}},{"type":"Feature","properties":{"name":"Manche Chʼol","historical_entity":"Manche Chʼol","ohm_relation_id":2840572,"start_date":"0900","end_date":"1704","admin_level":"2","boundary":"administrative","source":null,"_historical_overlay":true},"geometry":{"type":"MultiPolygon","coordinates":[[[[-88.6531456,15.7699837],[-88.7935645,15.6025369],[-89.4870765,15.4000665],[-89.7651686,15.6270058],[-89.9107375,16.0128173],[-89.8008742,16.0801263],[-89.2845168,16.0101773],[-89.0895094,16.0774872],[-88.9054884,16.2133572],[-88.4464659,16.8411846],[-88.0871774,16.7476743],[-88.111086,16.6483038],[-88.0016489,16.5943231],[-87.9672868,16.4165944],[-88.0921556,16.3298593],[-88.2524999,16.055591],[-88.4626009,16.1645591],[-88.7509061,16.0797952],[-88.8773349,15.9513846],[-88.6267093,15.8094321],[-88.6531456,15.7699837]]]]}},{"type":"Feature","properties":{"name":"New Kingdom of León","historical_entity":"New Kingdom of León","ohm_relation_id":2841321,"start_date":"1643","end_date":"1682","admin_level":"2","boundary":"administrative","source":null,"_historical_overlay":true},"geometry":{"type":"MultiPolygon","coordinates":[[[[-100.9837491,26.5456041],[-100.6120648,26.8529688],[-100.7864997,27.2372668],[-100.6780062,27.3347973],[-100.4176996,27.3936328],[-100.3506098,27.6845986],[-100.1884255,27.7991372],[-99.9264183,27.549157],[-99.7284498,27.679264],[-99.8767689,27.7975842],[-99.93182,27.9807077],[-100.0558322,28.0901581],[-99.5340013,28.3868067],[-99.2702008,28.4407841],[-99.0130767,28.124839],[-98.8839017,28.088707],[-98.7494367,28.126753],[-98.5400266,28.3236401],[-98.1347725,28.4475701],[-98.0902755,28.3116961],[-97.9081795,28.1923211],[-97.8510504,28.037404],[-97.7904384,28.019456],[-97.8063304,27.934789],[-97.3798933,27.837239],[-97.3674863,27.739922],[-97.1496591,27.5960718],[-97.2965744,27.2503276],[-97.3232264,27.0102606],[-97.0864409,25.9069964],[-97.1227972,25.6734731],[-97.4553435,25.0396265],[-97.6224749,24.4787801],[-97.7080452,22.8919862],[-97.8005911,22.576248],[-97.7263071,22.2736887],[-97.839861,22.2087425],[-98.1967709,22.4695478],[-98.316823,22.4685623],[-98.3187812,22.3907397],[-98.5043539,22.4294941],[-98.8214673,22.3562558],[-99.2368388,22.412862],[-99.3296177,22.6348878],[-99.4420529,22.6636157],[-99.4810904,22.7423633],[-99.5443274,22.7441402],[-99.4945364,22.6208686],[-99.5346919,22.6127647],[-99.6825355,22.6811247],[-99.814029,22.6607658],[-99.882397,22.7498623],[-100.0940599,22.7512652],[-100.0293842,22.8243936],[-100.110847,22.975719],[-100.0113237,23.0646494],[-100.1158762,23.1260738],[-100.1018865,23.2309755],[-100.2282365,23.2504761],[-100.2063642,23.3071089],[-100.3743166,23.2653238],[-100.3317579,23.1626832],[-100.4798497,23.1943654],[-100.4570832,23.3664096],[-100.5172113,23.4210428],[-100.4471004,23.6965345],[-100.5624016,23.9196411],[-100.5168275,24.1398967],[-100.6330665,24.2259803],[-100.6035333,24.4013001],[-100.799926,24.556219],[-100.8261324,24.8350046],[-100.7274955,24.9187165],[-100.8215056,24.9967108],[-100.8031305,25.1652585],[-100.7088878,25.2364576],[-100.2295756,25.2179165],[-100.3130235,25.3363672],[-100.4700988,25.3377898],[-100.4515929,25.4104666],[-100.5308809,25.4634873],[-100.2387185,25.4295348],[-100.5068599,25.750039],[-100.7834202,25.6396784],[-100.8619014,25.8184786],[-100.8344249,25.9450429],[-100.9055316,25.9569457],[-100.9164157,26.0756106],[-101.2067627,26.3697782],[-100.9837491,26.5456041]]]]}},{"type":"Feature","properties":{"name":"Captaincy General of the Philippines","historical_entity":"Captaincy General of the Philippines","ohm_relation_id":2841334,"start_date":"1646","end_date":"1663","admin_level":"2","boundary":"administrative","source":null,"_historical_overlay":true},"geometry":{"type":"MultiPolygon","coordinates":[[[[123.2628243,8.7144138],[123.1914132,8.7083053],[123.1852334,8.7788865],[123.2566445,8.7849939],[123.2628243,8.7144138]]],[[[123.4537118,8.822993],[123.3823006,8.8168862],[123.3761208,8.8874468],[123.447532,8.8935523],[123.4537118,8.822993]]],[[[123.7359019,9.2278143],[123.7495713,9.1276824],[123.6899786,9.0675961],[123.5561849,9.0523446],[123.4220817,9.1423133],[123.4221261,9.2454654],[123.5827404,9.3500801],[123.6700051,9.3342362],[123.7359019,9.2278143]]],[[[120.3119189,10.7348007],[120.364618,10.6615772],[120.2189248,10.5975088],[120.2043808,10.7325094],[120.3119189,10.7348007]]],[[[120.3100775,11.2073662],[120.2386664,11.2013042],[120.2324866,11.2713465],[120.3038977,11.277407],[120.3100775,11.2073662]]],[[[120.1347234,11.4940646],[120.2443575,11.4472958],[120.1488869,11.3410356],[120.0817587,11.3108213],[120.0321304,11.3889231],[120.1347234,11.4940646]]],[[[120.3760606,12.3485716],[120.4525087,12.1759018],[120.3685691,12.1436041],[120.3145143,12.2337102],[120.2139939,12.378613],[120.3760606,12.3485716]]],[[[120.1509469,12.3530824],[120.0795358,12.3470456],[120.0733559,12.4167957],[120.1447671,12.4228309],[120.1509469,12.3530824]]],[[[120.8063456,11.2171182],[120.6624537,11.1681757],[120.620017,11.3165318],[120.7368978,11.483127],[120.842787,11.5063891],[120.9060384,11.346041],[120.7821012,11.3717002],[120.7345959,11.2649493],[120.8015486,11.2366789],[120.9416917,11.3042523],[121.0163711,11.2100891],[121.0497055,11.2746359],[121.1143377,11.2311848],[120.9559457,11.0827063],[120.9029835,11.1906562],[120.8063456,11.2171182]]],[[[121.1771057,10.9324694],[121.1626938,10.9899095],[121.1011339,10.9472616],[121.1036679,10.7203217],[120.9489768,10.7651743],[121.0073186,10.6824947],[120.8818092,10.6448396],[120.743607,10.7393888],[120.7974961,10.7738632],[120.8424139,10.7276483],[120.9893111,10.936056],[120.8899384,10.9982113],[120.8340661,10.9620641],[120.7187309,10.9045372],[120.6687688,10.9753063],[120.8699372,11.0903925],[121.0646197,10.9606997],[121.1487153,11.1732609],[121.1911994,11.0265826],[121.2908056,10.963347],[121.2163385,10.838105],[121.1572222,10.8629642],[121.1771057,10.9324694]]],[[[125.9792483,10.8179594],[126.0134415,10.735999],[125.9484579,10.7021889],[125.8948213,10.7828989],[125.9792483,10.8179594]]],[[[125.7739061,10.7991956],[125.8542285,10.7571035],[125.8514779,10.6751164],[125.7494389,10.6380915],[125.6729056,10.6898385],[125.6026482,10.7728814],[125.6393044,10.853201],[125.7153591,10.8794169],[125.7739061,10.7991956]]],[[[123.9625161,9.4636248],[123.891105,9.457529],[123.8849252,9.5279623],[123.9563363,9.5340568],[123.9625161,9.4636248]]],[[[123.3774941,11.1746976],[123.306083,11.1686349],[123.2999032,11.2386851],[123.3713143,11.2447464],[123.3774941,11.1746976]]],[[[123.7647627,11.4556308],[123.6933516,11.4495741],[123.6871718,11.5195554],[123.7585829,11.5256107],[123.7647627,11.4556308]]],[[[123.6328892,11.843022],[123.5056328,11.9381757],[123.4970551,12.0562856],[123.5599726,12.1058472],[123.5073836,12.1685933],[123.1678253,11.8051135],[123.0650436,11.8456031],[123.2128187,12.2169679],[123.1598006,12.2807229],[123.1955331,12.637994],[123.6160241,12.4550755],[123.676266,12.4070287],[123.532412,12.6379347],[123.5856411,12.7672991],[123.7723193,12.6282932],[123.8649221,12.3104604],[124.1479372,11.8763316],[124.0695394,11.674066],[123.9473885,11.785135],[123.8711922,11.7722514],[123.8206526,11.8651641],[123.6328892,11.843022]]],[[[124.1189331,11.5655724],[124.1417309,11.475651],[123.996461,11.4028445],[123.9820858,11.4783427],[124.1189331,11.5655724]]],[[[124.2625802,12.0168236],[124.1355063,11.993195],[124.1225045,12.1007603],[124.2482051,12.1284075],[124.2625802,12.0168236]]],[[[122.7429635,12.3885925],[122.6245152,12.2230139],[122.385974,12.3976688],[122.407506,12.5080529],[122.5525617,12.556151],[122.6887887,12.5200452],[122.7429635,12.3885925]]],[[[123.3925069,12.6473477],[122.9036333,12.9977692],[122.8874002,13.0907412],[122.7924453,13.1380858],[122.8886025,13.2088639],[123.0555018,13.1822443],[123.2123888,12.9593777],[123.3178314,12.9236908],[123.4368097,12.7104039],[123.3925069,12.6473477]]],[[[121.98208,12.8374194],[122.0304468,12.8684067],[121.9822036,12.9447636],[122.0168911,13.008242],[122.119604,13.0056832],[122.1510543,12.9382448],[122.0725393,12.7317741],[121.9807817,12.7601425],[121.98208,12.8374194]]],[[[121.9091267,13.0736823],[121.9745865,13.0212134],[121.9056455,12.9809181],[121.8401857,13.0333955],[121.9091267,13.0736823]]],[[[121.7837337,12.9109807],[121.7023503,12.8503868],[121.6396206,12.9141307],[121.7148542,13.0014592],[121.7837337,12.9109807]]],[[[121.6234321,12.0675861],[121.5365975,12.057788],[121.5316666,12.1296719],[121.6210549,12.1410406],[121.6234321,12.0675861]]],[[[121.6183122,11.9785687],[121.5424489,11.7910685],[121.3566695,11.828802],[121.40509,11.9167408],[121.4898764,11.9125687],[121.5273129,12.0295876],[121.6183122,11.9785687]]],[[[121.3312905,11.8307268],[121.2598794,11.8246782],[121.2536996,11.894565],[121.3251107,11.900612],[121.3312905,11.8307268]]],[[[121.7357247,11.5617718],[121.6573717,11.5626816],[121.6542559,11.6472672],[121.732367,11.6335058],[121.7357247,11.5617718]]],[[[121.7094611,11.2868342],[121.63805,11.2807739],[121.6318702,11.3507968],[121.7032813,11.3568557],[121.7094611,11.2868342]]],[[[121.9292434,11.4228323],[121.8418907,11.4540576],[121.902673,11.5187412],[121.9811212,11.4898418],[121.9292434,11.4228323]]],[[[120.4413538,12.619405],[120.3650884,12.6468117],[120.412089,12.7098368],[120.4883544,12.682437],[120.4413538,12.619405]]],[[[120.5306618,14.0250189],[120.4592507,14.0190233],[120.4530709,14.088297],[120.524482,14.0942908],[120.5306618,14.0250189]]],[[[121.3847965,18.8084755],[121.1991905,18.8422318],[121.229909,18.9242216],[121.3403103,18.9410626],[121.534115,18.8904286],[121.495757,18.8234387],[121.3847965,18.8084755]]],[[[121.2832253,18.9864936],[121.1651183,18.9562848],[121.1610933,19.1685874],[121.2187741,19.216208],[121.2784229,19.176316],[121.2832253,18.9864936]]],[[[121.4491224,19.4364005],[121.5277156,19.4929275],[121.5773736,19.3808478],[121.5900712,19.2630138],[121.5059696,19.2033002],[121.3015007,19.3476953],[121.4491224,19.4364005]]],[[[121.7991875,18.9448092],[121.9463619,19.0506807],[122.0353662,18.9709674],[121.999521,18.8929278],[121.8313314,18.7650196],[121.7991875,18.9448092]]],[[[122.2362893,19.0462174],[122.1648782,19.0403758],[122.1586983,19.1078662],[122.2301095,19.1137055],[122.2362893,19.0462174]]],[[[122.0186227,19.4597951],[121.9481693,19.4288016],[121.8647386,19.483976],[121.8937466,19.5957217],[122.0235046,19.5987028],[122.0186227,19.4597951]]],[[[122.1601733,19.913024],[122.0930972,19.9537527],[122.1438345,20.0052643],[122.2109106,19.9645489],[122.1601733,19.913024]]],[[[121.9925301,20.3282095],[121.8606008,20.2173974],[121.7013884,20.3117757],[121.7230069,20.3758531],[121.8607386,20.3997802],[121.9302874,20.5091044],[122.0529994,20.5271566],[122.0837693,20.4551544],[121.9925301,20.3282095]]],[[[121.8116826,20.8658371],[121.9506448,20.9700963],[121.9189815,20.7524246],[121.9822573,20.7107537],[121.7673104,20.6517405],[121.7323824,20.725359],[121.8116826,20.8658371]]],[[[121.9712441,21.0374036],[121.8874693,21.0460413],[121.9108193,21.1456726],[121.9945941,21.1370407],[121.9712441,21.0374036]]],[[[121.9767632,14.4533819],[122.0424923,14.5000888],[122.0885758,14.411231],[122.0208456,14.3679234],[121.9767632,14.4533819]]],[[[122.2568695,14.6723307],[122.0762253,14.7753992],[122.0007699,14.60518],[121.8881593,14.5938846],[121.7514907,14.9286214],[121.8320906,15.088337],[121.9690212,15.1041967],[122.1074283,14.9707567],[122.1958216,14.994988],[122.3104155,14.757752],[122.3994398,14.7824305],[122.485119,14.7221521],[122.4121313,14.6341588],[122.2568695,14.6723307]]],[[[126.0505444,10.1154925],[126.2195467,9.8202825],[126.2141511,9.7201811],[126.1297266,9.6624973],[126.2037715,9.6858296],[126.2283554,9.6176047],[126.1305271,9.5537835],[126.0472073,9.6527161],[125.9816908,9.5214102],[126.1030542,9.4074642],[126.0644455,9.3018105],[126.1749813,9.3600087],[126.248363,9.3284916],[126.2301389,9.1674779],[126.3781618,8.8724293],[126.2785714,8.6648641],[126.1477009,8.6285192],[126.3999447,8.5907829],[126.4619098,8.4975155],[126.4927139,7.9830069],[126.417656,7.890806],[126.6054187,7.751151],[126.6445803,7.5070603],[126.645842,7.2737519],[126.4859383,6.9676646],[126.3574447,6.9413516],[126.0255418,7.4128582],[125.7440172,7.6021092],[125.0134264,7.762703],[124.46411,8.048353],[124.2467877,8.0745266],[124.2069622,8.148962],[124.2158886,7.948057],[124.0953823,7.839915],[124.105682,8.0255753],[124.0469738,8.092202],[123.5920702,8.114976],[123.2679321,8.5675934],[123.3409775,8.7409268],[123.4315762,8.7747312],[123.7723153,8.6404262],[123.8872491,8.4422096],[123.917938,8.2049313],[124.1736447,8.2539681],[124.2713822,8.564431],[124.3741452,8.6458609],[124.4876369,8.6736047],[124.691248,8.5329637],[124.7639502,9.0339712],[124.5928526,9.1481837],[124.6323239,9.2868082],[124.7624581,9.2949358],[124.842373,9.199437],[124.8186669,9.0570899],[124.9080714,9.0598428],[125.10405,8.890433],[125.1885067,9.1370167],[125.3020549,9.0400438],[125.4614257,9.0461041],[125.3433334,9.6506006],[125.4281018,9.87059],[125.3968321,9.9325073],[125.4511568,9.9669799],[125.4155492,10.1774867],[125.4800707,10.3571402],[125.4247281,10.4864619],[125.5028427,10.5039327],[125.5572505,10.4350876],[125.6545913,10.5194605],[125.7281457,10.4065031],[125.7003932,10.237649],[125.7827224,9.7692173],[125.7140055,9.6525605],[125.8523839,9.5953326],[125.9176727,9.8107524],[125.7568055,9.9473873],[125.9745236,10.0157574],[126.0505444,10.1154925]]],[[[118.3692726,9.7209393],[118.7625497,10.2145851],[118.8881766,10.2556662],[118.9553727,10.4841428],[119.0804665,10.6197808],[119.2621019,10.5998485],[119.2564528,10.724264],[119.1594039,10.8586876],[119.251785,11.0664399],[119.1868697,11.1310002],[119.2164223,11.2528278],[119.3579813,11.3268999],[119.4779736,11.4920597],[119.610656,11.3369397],[119.581122,11.4316425],[119.6345895,11.5469718],[119.7597167,11.5368661],[119.8797929,11.6533498],[119.7320663,12.0525073],[119.8598092,12.4167957],[119.9868386,12.383935],[120.0170877,12.30676],[120.118719,12.3122851],[120.1394542,12.2467212],[120.2642878,12.2545855],[120.3844332,12.097312],[120.4062943,12.0210126],[120.3199948,11.9053395],[120.3473275,11.7991382],[120.1334523,11.6081812],[120.0248239,11.6272591],[119.8625558,11.3497876],[119.7657443,11.3479313],[119.7316608,11.1954463],[119.802395,11.1309681],[119.7883134,10.9983138],[119.7406911,10.8950047],[119.654603,10.9297927],[119.7520327,10.7310247],[119.7011425,10.6206266],[119.8541531,10.700673],[120.1118525,10.5949314],[120.1262276,10.5192066],[119.8356832,10.4010141],[119.7157769,10.4559882],[119.5923757,10.330791],[119.4799908,10.3220829],[119.521051,10.2259986],[119.2967492,10.189729],[119.2141204,10.0076607],[118.8247612,9.8267377],[118.8132767,9.6662382],[118.6996882,9.5211239],[118.3692726,9.7209393]]],[[[120.3852822,17.8693626],[120.3577119,17.9338345],[120.4229551,17.978717],[120.4222566,18.1075223],[120.5464659,18.3462568],[120.5154313,18.5190473],[120.6150585,18.5967175],[120.7319704,18.5825096],[120.7428353,18.6595827],[120.8327251,18.6962598],[120.930905,18.6223703],[121.1697659,18.6796684],[121.5745906,18.439516],[121.9247014,18.3216797],[122.0629243,18.4082986],[122.0605927,18.5845981],[122.1591138,18.636075],[122.3695026,18.406018],[122.38658,18.2676553],[122.2259415,18.0813419],[122.1894753,17.7784339],[122.2545223,17.4727148],[122.4492249,17.3605665],[122.4674782,17.1743939],[122.5542816,17.1743483],[122.5678544,17.0618643],[122.2808762,16.4621181],[122.2391603,16.2096875],[122.0272207,15.996642],[121.8983016,16.0811216],[121.6057694,15.8902884],[121.6824304,15.7523347],[121.660109,15.6314602],[121.4274292,15.3004187],[121.7758142,14.7181675],[121.6610305,14.620635],[121.7106783,14.4239374],[122.0965313,14.1620741],[122.2318112,14.2946648],[122.3130732,14.2743039],[122.4635082,14.3880513],[122.7644461,14.3771528],[122.7904122,14.5108069],[122.9151105,14.5532583],[123.0745988,14.411231],[122.9527317,14.3273505],[122.8524994,14.4356476],[122.8325991,14.3340192],[123.1357949,14.1329141],[123.1618058,14.0493592],[123.2982587,14.1774344],[123.4568035,14.0230143],[123.6484479,14.0369216],[123.7551019,13.9773066],[123.860043,14.0269353],[123.9181482,13.9691122],[123.9077399,13.8568937],[124.0181344,13.8244125],[124.0436777,13.7412499],[124.0890939,13.9334672],[123.9796822,13.9763829],[123.9651383,14.0443803],[124.2481606,14.1342458],[124.4619714,13.8898043],[124.4595628,13.653152],[124.3735748,13.5180988],[124.2688062,13.5462858],[124.1714193,13.4755228],[123.9412351,13.680376],[123.5887328,13.6438029],[123.7502441,13.4537777],[124.2625842,13.225924],[124.2096151,13.1225887],[123.9281975,13.1861724],[124.0703427,13.0912054],[124.1407728,13.1265386],[124.2449914,13.0745218],[124.1610067,12.5249508],[124.2208216,12.5049558],[124.3394238,12.7474396],[124.4528254,12.7546702],[124.4883411,12.6500053],[124.6204774,12.5687582],[124.7474605,12.5709778],[124.8133633,12.6688387],[124.9239086,12.6218584],[125.0644192,12.7316954],[125.3248963,12.5043912],[125.3628677,12.362149],[125.5637775,12.221933],[125.6062608,11.995491],[125.5131606,11.9804753],[125.4865763,11.9110459],[125.5287759,11.5545285],[125.6777606,11.3864902],[125.6396153,11.2700085],[125.8953323,10.9134796],[125.8097555,10.876886],[125.7083548,10.9775965],[125.617974,10.9306206],[125.5962373,11.0528972],[125.2007009,11.0508069],[125.1187211,11.2203991],[125.0782443,11.2030338],[125.054306,10.7948364],[125.2232013,10.6194581],[125.3099786,10.3740846],[125.2925484,10.2260729],[125.1836069,10.2025693],[125.3234515,10.0236399],[125.3255074,9.8772027],[125.2266305,9.8765262],[125.0754965,10.0859786],[125.1256027,9.9119679],[125.0487449,9.856109],[125.0095491,9.9617509],[124.7239305,10.1316937],[124.7376037,10.3085168],[124.6664186,10.4007738],[124.7457174,10.691925],[124.6419834,10.910123],[124.5962577,10.9412632],[124.6181717,10.794792],[124.5461648,10.6285542],[124.2723562,10.5402174],[124.2248994,10.6229951],[124.2735665,10.760799],[124.3347826,10.7732298],[124.4843276,10.8228661],[124.3337273,10.9246154],[124.3305425,11.2551985],[124.206935,11.57599],[124.3196228,11.613973],[124.2317658,11.9333731],[124.3078381,12.0137238],[124.4734558,12.0159153],[124.4987862,11.8555919],[124.326653,11.8670006],[124.3882404,11.8330936],[124.3841397,11.748029],[124.5688995,11.7094925],[124.6677279,11.542171],[124.5996601,11.3685122],[124.6734792,11.3511102],[124.7814794,11.4780209],[124.5658135,11.909287],[124.6147507,12.0017381],[124.4775002,12.0430147],[124.2209176,12.3506434],[124.1261834,12.3637294],[124.1576478,12.2416712],[124.05384,12.2175563],[123.9564272,12.3970832],[124.0836757,12.474537],[123.8450243,12.6214793],[123.7951758,12.7775623],[123.4126607,12.990917],[123.2738107,12.9814756],[123.2270919,13.0544875],[123.2663056,13.2090421],[123.1458766,13.3962472],[122.8783028,13.5228455],[122.740283,13.6453057],[122.770778,13.7151604],[122.583404,13.8497877],[122.5487143,13.6617101],[122.7773928,13.356462],[122.7445314,13.1941136],[122.6146917,13.1236951],[122.4696733,13.2104364],[122.352815,13.4962769],[122.227491,13.5461591],[122.1849153,13.3411435],[122.0595794,13.1680097],[121.7769234,13.1841289],[121.8085091,13.5982734],[122.1681407,13.5776506],[122.0726566,13.729532],[121.832644,13.8498143],[121.6760138,13.8737355],[121.5144667,13.8056707],[121.5029519,13.6476556],[121.3025121,13.5512943],[121.1445485,13.5857478],[121.1393981,13.5186275],[121.2171362,13.5248478],[121.6066622,13.1218551],[121.5303476,12.8893492],[121.6051712,12.6047559],[121.4705228,12.4375435],[121.5125918,12.3851851],[121.4343114,12.2529343],[121.479515,12.0157456],[121.3909353,11.9388806],[121.2953209,12.0691438],[121.3127511,12.1672195],[121.3791342,12.1838431],[121.3260285,12.242463],[121.2558202,12.1716599],[121.1672245,12.2021963],[121.1361898,12.109462],[120.9659196,12.176853],[121.0070575,12.3304446],[120.8856535,12.4747802],[120.8646352,12.6163764],[120.7455778,12.7213819],[120.6380457,13.1225088],[120.4867165,13.186803],[120.4171205,13.3384085],[120.2584862,13.4112696],[120.2827828,13.5141664],[120.3984924,13.58054],[120.2333443,13.6376465],[119.9731017,13.8733994],[120.0260708,13.9517539],[120.2374364,13.8617595],[120.3686579,13.9131948],[120.3376876,13.739183],[120.453833,13.6814482],[120.4391743,13.5803118],[120.4907843,13.5562435],[120.7536473,13.5194512],[121.002088,13.5985713],[120.7963896,13.6352965],[120.8601823,13.8535586],[120.7675424,13.8764577],[120.6666784,13.7234543],[120.597191,13.7572956],[120.5162154,14.1489848],[120.5915329,14.3053061],[120.3603738,14.4210486],[120.3335998,14.5766565],[120.0294066,14.7735409],[119.9580748,15.2584804],[119.8439895,15.4289512],[119.8674393,15.6661767],[119.7313796,15.7814418],[119.7522478,15.8494717],[119.8495681,15.8571589],[119.7327798,15.8850652],[119.7011672,15.9683513],[119.7314912,16.3321744],[119.9105602,16.4880312],[120.0596271,16.3339925],[120.1596182,16.0858476],[120.3700226,16.1819302],[120.2873253,16.2868006],[120.2230178,16.6267422],[120.3953707,17.0083567],[120.3549715,17.2215485],[120.4018972,17.4090808],[120.2855026,17.5724468],[120.3852822,17.8693626]]],[[[123.915982,11.2514586],[124.0977245,11.3924559],[124.1687738,11.3478275],[124.0602366,11.1008286],[124.1067385,10.8908713],[124.0528169,10.41826],[124.1205355,10.2940483],[124.1764783,10.3381361],[124.2370942,10.2543713],[124.4552564,10.3009815],[124.5328523,10.2417402],[124.6044694,10.3128148],[124.6635857,10.287911],[124.6079185,10.2164149],[124.6943893,10.1222592],[124.5997286,10.0368312],[124.642322,9.7756249],[124.5960479,9.6964621],[124.2729406,9.5547878],[123.8944531,9.5708098],[123.6548545,9.4763705],[123.6671341,9.6133192],[123.787321,9.6852733],[123.7117661,9.9164793],[123.9959571,10.1823855],[123.8042677,10.1876178],[123.6801427,10.0361164],[123.4936616,9.5197923],[123.3489284,9.3752543],[123.2762927,9.1245559],[123.3127309,9.0511997],[122.9931356,8.9933457],[122.8879118,9.0661469],[122.8199926,9.2909698],[122.5754922,9.391146],[122.3342156,9.6897082],[122.3276978,9.8662185],[122.4212389,10.0118665],[122.6434132,10.0266561],[122.8034514,10.1280633],[122.7713696,10.4382753],[122.5513662,10.3503578],[122.4670022,10.3686215],[122.4234795,10.4705354],[122.4771098,10.64209],[122.2248822,10.5910305],[121.9905309,10.3859225],[121.8652367,10.4252929],[121.9245306,10.6481448],[121.8724581,10.7720001],[121.9987211,11.0391401],[121.9740816,11.3104724],[122.0531423,11.6823429],[121.7928072,11.7753469],[121.9192573,12.1489165],[121.8717714,12.3226321],[121.9531171,12.4654455],[121.9486695,12.6090229],[122.0737963,12.7258237],[122.2685616,12.7143636],[122.3770785,12.5085583],[122.2554709,12.4414847],[122.1797743,12.5918304],[122.115355,12.1667076],[121.9834737,11.9946774],[122.0718294,11.9088657],[122.4059352,11.7804395],[122.599868,11.6064957],[122.8554806,11.6941819],[122.9749531,11.5379875],[123.1336742,11.6440894],[123.3877938,11.672075],[123.3982179,11.5462555],[123.2841106,11.5328881],[123.327971,11.4401442],[123.2110844,11.3580278],[123.2661667,11.2369307],[123.2045701,11.0930085],[123.3265792,11.0073496],[123.5542655,11.0179359],[123.7067257,11.3444057],[123.840349,11.2678752],[123.8442887,11.3720464],[123.9206751,11.3997232],[123.915982,11.2514586]]]]}},{"type":"Feature","properties":{"name":"Itza Kingdom","historical_entity":"Itza Kingdom","ohm_relation_id":2841357,"start_date":"1194","end_date":"1697-03-13","admin_level":"2","boundary":"administrative","source":null,"_historical_overlay":true},"geometry":{"type":"MultiPolygon","coordinates":[[[[-89.9107375,16.0128173],[-90.1387038,16.1051964],[-90.2897658,16.2832345],[-90.3927626,16.7164406],[-90.3089919,16.9582935],[-90.163423,17.0055763],[-89.9179462,16.9543518],[-89.265633,16.9799653],[-88.9755256,16.8472629],[-88.7427522,16.9353034],[-88.4464659,16.8411846],[-88.9054884,16.2133572],[-89.1828932,16.0273369],[-89.6099867,16.092002],[-89.9107375,16.0128173]]]]}},{"type":"Feature","properties":{"name":"New Galicia","historical_entity":"New Galicia","ohm_relation_id":2841591,"start_date":"1531","end_date":"1821-09-27","admin_level":"2","boundary":"administrative","source":null,"_historical_overlay":true},"geometry":{"type":"MultiPolygon","coordinates":[[[[-105.829484,21.8749116],[-105.8720411,21.7911603],[-105.9466152,21.8383707],[-105.910816,21.9083642],[-105.829484,21.8749116]]],[[[-106.710077,21.6623931],[-106.7557508,21.7558463],[-106.6557882,21.8233336],[-106.4904673,21.6912845],[-106.4634776,21.5468784],[-106.3492027,21.5290387],[-106.310827,21.4317776],[-106.4340293,21.3760688],[-106.710077,21.6623931]]],[[[-106.2422965,21.3865518],[-106.1671326,21.321438],[-106.1962851,21.2469998],[-106.2721639,21.2389607],[-106.3454293,21.3278852],[-106.2422965,21.3865518]]],[[[-103.7701454,18.6489801],[-104.390708,19.0372298],[-104.9980536,19.2688683],[-105.5598884,19.9943044],[-105.6028032,20.1911822],[-105.7518242,20.4104112],[-105.6305099,20.522177],[-105.3003192,20.5969225],[-105.3573173,20.698317],[-105.5074613,20.7118435],[-105.5832741,20.6439309],[-105.6460808,20.7090428],[-105.285596,21.099586],[-105.2514991,21.4588765],[-105.4877991,21.5918211],[-105.6611686,21.9013059],[-105.8128481,22.519747],[-105.7518017,22.5407723],[-105.6769399,22.4694064],[-105.6990661,22.5685633],[-105.6421584,22.5938886],[-105.4417247,22.5242684],[-105.5247722,22.7747699],[-105.4745886,22.851416],[-105.5012639,22.95856],[-105.3922487,23.0841147],[-105.3235699,22.9413302],[-105.0031394,22.9769827],[-104.9884052,22.8360493],[-104.8927204,22.7374092],[-105.0684225,22.6784142],[-104.9879125,22.4987266],[-104.7939921,22.648711],[-104.5063773,22.3450993],[-104.3201881,22.4300942],[-104.2663444,22.7365394],[-104.0804752,22.7666168],[-104.1721324,23.1284077],[-104.0659771,23.4634933],[-103.877429,23.6289699],[-103.7935418,23.6308551],[-103.7851035,23.6765649],[-103.8510805,23.6795992],[-103.8183598,23.9649086],[-103.8723866,24.0070217],[-103.6603615,24.1493263],[-103.6220067,24.1174647],[-103.5683499,24.2863713],[-103.44834,24.3326005],[-103.4193324,24.4304881],[-103.0985273,24.4016266],[-103.0431502,24.4665009],[-102.8918909,24.4611181],[-102.8317356,24.3846919],[-102.6999044,24.3739719],[-102.4802673,24.4280139],[-102.5662358,24.9022208],[-102.6730616,24.9427521],[-102.6288848,25.0083217],[-102.669694,25.0666307],[-102.6116977,25.0491449],[-102.4467634,24.9995154],[-102.4633042,25.1159249],[-102.295513,25.1252355],[-101.84881,25.0176236],[-101.773463,24.8755351],[-101.6012606,24.8355632],[-101.6222697,24.7589831],[-101.4616394,24.7367568],[-101.3421416,24.8133525],[-101.2150391,24.7751678],[-101.0804951,24.5911853],[-100.799926,24.556219],[-100.742001,24.4603837],[-100.945286,24.2811959],[-101.0066746,24.3358348],[-100.9873271,24.4325193],[-101.0654015,24.2070211],[-101.2167464,24.1597319],[-101.1925049,23.9185591],[-101.7751224,23.4476294],[-102.1225325,23.3538601],[-102.2381503,23.4469014],[-102.2960384,23.3205013],[-102.2315969,23.3151164],[-102.289369,23.2316909],[-102.2141546,23.1313199],[-102.260051,23.0459155],[-102.1921318,22.8649021],[-101.939756,22.6457255],[-101.8532842,22.6560251],[-101.8729577,22.5630734],[-101.7992757,22.4705595],[-101.6599065,22.5053204],[-101.4909645,22.7428774],[-101.3492339,22.7117793],[-101.3800182,22.6758349],[-101.2857264,22.5078557],[-101.4348388,22.3386415],[-101.3242532,22.2098935],[-101.3827554,22.0207379],[-101.3265103,21.9997281],[-101.4963317,21.8099397],[-101.3194839,21.8353344],[-100.9819744,21.7535274],[-100.8343215,21.6645588],[-100.8576782,21.6189866],[-100.614955,21.5057892],[-100.4610803,21.5453349],[-100.4350442,21.6827185],[-100.2721355,21.687347],[-100.0622761,21.5233055],[-99.9568223,21.5262271],[-99.9423331,21.4496198],[-99.7760805,21.4945369],[-99.7840031,21.3201496],[-99.6713026,21.3011938],[-99.6878549,21.2257803],[-99.8304261,21.1575072],[-99.986368,21.21831],[-100.0641719,20.9362886],[-100.2636233,20.9709988],[-100.4133994,20.8874319],[-100.4722329,20.9284461],[-100.5775889,20.8166698],[-100.5489146,20.7363834],[-100.5965357,20.7172609],[-100.4961774,20.6161937],[-100.4761811,20.3896108],[-100.3235584,20.251934],[-100.3972567,20.0969528],[-100.3629311,19.9898611],[-100.4658244,19.987398],[-100.5199464,19.9188201],[-100.5767101,19.9930608],[-100.7487528,19.9127502],[-100.8243014,19.9783291],[-100.9705469,19.9292377],[-101.0429011,20.0919542],[-101.1752372,20.0971163],[-101.2030555,20.0072242],[-101.4016803,20.0350091],[-101.4198911,20.2015906],[-101.3526181,20.2349322],[-101.4721226,20.3311635],[-101.6246543,20.3145804],[-101.6996358,20.1893374],[-101.9178973,20.1950773],[-101.9442369,20.3410405],[-102.0157971,20.3293001],[-102.0160427,20.3945563],[-102.4477877,20.3382782],[-102.8162874,20.1060479],[-102.8674618,20.1626636],[-103.0324637,20.136447],[-103.0347824,19.9679133],[-102.7768736,19.9601537],[-102.7312151,19.8995078],[-102.7393963,19.8158258],[-102.8195268,19.7779412],[-102.8056625,19.6748378],[-102.715932,19.6029352],[-102.7376643,19.4929572],[-102.5823184,19.5283259],[-102.5437154,19.4295802],[-102.6699227,19.2124121],[-102.7538159,19.2558051],[-103.019727,19.1323712],[-102.9908352,19.0533789],[-103.1250195,18.9301447],[-103.2238762,19.0241005],[-103.4726605,18.9911364],[-103.5732441,18.8713279],[-103.6302801,18.8853248],[-103.620031,18.8013832],[-103.7701454,18.6489801]]]]}},{"type":"Feature","properties":{"name":"Captaincy General of Cuba","historical_entity":"Captaincy General of Cuba","ohm_relation_id":2841677,"start_date":"1607","end_date":"1762","admin_level":"2","boundary":"administrative","source":null,"_historical_overlay":true},"geometry":{"type":"MultiPolygon","coordinates":[[[[-77.686435,20.5368383],[-77.6154912,20.576156],[-77.5741936,20.4982615],[-77.6597781,20.4570005],[-77.686435,20.5368383]]],[[[-78.7708557,21.0575034],[-78.8643734,21.0011228],[-78.8527017,21.1039294],[-78.7297288,21.161681],[-78.6538911,21.1003738],[-78.6837489,21.034864],[-78.7708557,21.0575034]]],[[[-78.7033791,21.184751],[-78.6540708,21.241602],[-78.6005939,21.1869089],[-78.6513878,21.1322763],[-78.7033791,21.184751]]],[[[-79.0633153,21.1437625],[-79.1003444,21.2096006],[-79.026773,21.2493401],[-78.9925507,21.1784066],[-79.0633153,21.1437625]]],[[[-79.5693979,21.4084237],[-79.625136,21.4520556],[-79.5808849,21.5101951],[-79.5189386,21.4644681],[-79.5693979,21.4084237]]],[[[-81.0600376,21.6749625],[-81.0335194,21.6087091],[-81.1009834,21.5826641],[-81.1262142,21.6489358],[-81.0600376,21.6749625]]],[[[-83.4667364,21.8943001],[-83.6347059,21.9128465],[-83.6935755,21.9985311],[-83.646367,22.0571897],[-83.5335993,22.0123765],[-83.2857994,21.9714178],[-83.3112559,21.9002612],[-83.4667364,21.8943001]]],[[[-82.7184332,22.3763625],[-82.7139056,22.2438602],[-82.8225548,22.1678601],[-82.8720326,22.247278],[-82.7184332,22.3763625]]],[[[-79.00487,20.7935507],[-79.4794871,21.072457],[-79.4964831,21.1518769],[-79.2736322,21.2274113],[-79.2395853,21.169641],[-79.2903147,21.1033646],[-78.8447481,20.829363],[-78.7395299,20.8484766],[-78.6825438,20.794592],[-78.6091029,20.8910594],[-78.6042551,20.7016149],[-78.4712479,20.8062044],[-78.4332522,20.6440029],[-78.299049,20.5512596],[-78.3130871,20.4864385],[-78.733527,20.6108164],[-79.00487,20.7935507]]],[[[-82.4981674,21.5306317],[-82.9000593,21.3889703],[-83.105713,21.4283262],[-83.2434758,21.6146972],[-83.1921435,21.6811074],[-83.033235,21.6137818],[-83.1303156,21.7484512],[-83.2217279,21.7325386],[-83.2483501,21.8995286],[-83.1364466,21.8033012],[-83.0079901,21.9853538],[-82.7703704,21.9608881],[-82.9611194,22.0320633],[-82.9482291,22.154359],[-82.7312322,22.1075751],[-82.5701809,21.9399995],[-82.5578368,21.8130891],[-82.2938648,21.6358598],[-82.1733092,21.6398952],[-82.072163,21.7886728],[-81.8139066,21.7497123],[-81.745279,21.6816604],[-81.5414252,21.677455],[-81.3655728,21.7508808],[-81.309428,21.7039974],[-81.5483695,21.5398527],[-81.8303156,21.5985188],[-82.1652034,21.4883735],[-82.4981674,21.5306317]]],[[[-85.4688525,29.783369],[-85.4482528,29.9020634],[-85.9402905,30.1890823],[-86.3150218,30.3151122],[-86.7291764,30.343158],[-87.5183294,30.2289647],[-87.4501122,30.3110912],[-87.505014,30.3238859],[-87.3667415,30.4385097],[-87.4499258,30.5146959],[-87.4066988,30.6748049],[-87.6349428,30.865893],[-87.5966978,31.0301552],[-84.4419112,33.6702261],[-84.3351679,33.5978122],[-84.3601779,33.5217407],[-84.1402339,32.9352619],[-83.9284605,32.6818769],[-83.9434225,32.4576639],[-83.8349313,32.3764737],[-83.6724864,32.0634767],[-83.4541606,31.9805441],[-83.3626654,31.7710953],[-83.2234323,31.7263547],[-82.8748705,31.7812913],[-82.5633594,31.9575934],[-82.2864224,31.9424494],[-81.9536422,31.7893144],[-81.4093241,31.2918343],[-81.1837192,31.294289],[-81.3453092,31.0593679],[-81.3048352,30.9707799],[-81.4004852,30.7664319],[-81.3473082,30.7142179],[-81.3802812,30.5632308],[-81.2551371,30.0002507],[-80.921022,29.1712555],[-80.5191439,28.5987914],[-80.4686078,28.4630834],[-80.5440019,28.2710973],[-80.4997758,28.0772383],[-80.0954137,27.180645],[-79.9747306,26.7026029],[-80.0955226,25.4710346],[-80.4533677,24.9637025],[-81.0476509,24.6402444],[-81.514618,24.5647614],[-81.539927,24.4860383],[-81.6972021,24.4323183],[-81.7923651,24.4956173],[-81.8135251,24.4176433],[-81.9348141,24.3969233],[-82.0671742,24.5237193],[-82.2184332,24.5370143],[-82.1629378,24.642128],[-82.0520969,24.6062954],[-81.4611767,24.868103],[-81.278941,24.8793706],[-81.0641442,24.7896727],[-80.8971666,24.8609597],[-80.9780182,24.8722444],[-81.1903175,25.1337367],[-81.1970173,25.3594724],[-81.3421101,25.6370359],[-81.5836787,25.8059317],[-81.7220568,25.7965667],[-81.9189079,26.3523309],[-82.2248427,26.4465689],[-82.339151,26.8031397],[-82.8187946,27.565431],[-82.7942029,27.6999404],[-82.9058793,27.8599984],[-82.9087774,28.2119919],[-82.7972867,28.2970243],[-82.7248021,28.5928306],[-82.867595,29.0453656],[-83.1208503,29.0442368],[-83.2500431,29.318771],[-83.4520106,29.4784308],[-83.4653265,29.6134063],[-83.6125356,29.702061],[-83.7343929,29.8871511],[-84.0468629,30.0390019],[-84.2482072,29.9945762],[-84.3160728,29.8537679],[-84.5151029,29.8308061],[-84.7397631,29.6530682],[-85.0354174,29.5375485],[-85.2289851,29.6266305],[-85.3784011,29.6139971],[-85.4688525,29.783369]]],[[[-74.1025337,20.1469006],[-74.2559003,20.0172717],[-74.7987143,19.9853699],[-74.9624395,19.8718342],[-75.1527913,19.8374582],[-75.5440176,19.8315731],[-76.2343049,19.9399904],[-77.6889245,19.7746011],[-77.7945828,19.8714135],[-77.6675871,20.0555279],[-77.6976886,20.1870039],[-77.5434766,20.143046],[-77.1428425,20.4568283],[-77.2887169,20.5075633],[-77.351494,20.6614165],[-77.4338568,20.561495],[-77.5437596,20.6349383],[-77.7905427,20.643054],[-77.7554314,20.5482502],[-77.8365744,20.4479805],[-78.0282058,20.6330941],[-78.0540566,20.5738466],[-77.8540019,20.4196535],[-77.8900885,20.3441808],[-78.1619043,20.4632464],[-78.3745381,20.6608397],[-78.3065615,20.8539088],[-78.5257366,20.8815484],[-78.4977941,20.9752105],[-78.7033498,21.504566],[-78.7087008,21.389938],[-78.815241,21.3178771],[-78.9237391,21.5447437],[-79.2322159,21.4919296],[-79.6157993,21.5451581],[-79.6624883,21.633403],[-79.7946705,21.5477128],[-80.5293866,22.0083225],[-80.9238512,21.9861973],[-81.1474194,22.06428],[-81.2186008,21.9874668],[-81.4849439,22.0215461],[-81.7124714,21.9472772],[-81.764392,22.0515911],[-82.1609915,22.1821793],[-82.1286146,22.297616],[-82.2981208,22.320751],[-82.3503686,22.4413305],[-82.5520534,22.3495323],[-82.5753178,22.4122095],[-82.5139873,22.4580181],[-82.7208057,22.5184091],[-82.7373673,22.6082177],[-83.0364904,22.4457286],[-83.1161126,22.3072362],[-83.2339371,22.2827511],[-83.3480982,22.1524471],[-83.8125752,22.11868],[-83.9170221,22.1037686],[-84.0055977,21.8615268],[-84.2465015,21.8434331],[-84.4319853,21.7141924],[-84.5624816,21.731276],[-84.5215457,21.8766771],[-84.8000643,21.7585947],[-85.0023711,21.8416993],[-84.9428222,21.9674571],[-84.4167472,22.0865086],[-84.4987458,22.1753566],[-84.4485822,22.3435394],[-84.4972861,22.4174571],[-84.2554859,22.6428251],[-83.238205,23.0459335],[-82.6182532,23.0935818],[-82.2336957,23.2337441],[-81.6007951,23.2065848],[-81.4441887,23.1434531],[-81.0938848,23.3184577],[-80.4741499,23.2606119],[-80.1028692,23.1466116],[-79.9163024,23.0166873],[-79.7327698,22.9933902],[-79.2958276,22.6750608],[-78.925865,22.7550526],[-78.768612,22.663527],[-78.6155484,22.6737242],[-78.5659461,22.5910678],[-78.3616152,22.6009808],[-78.2540058,22.4962364],[-78.1358287,22.5296148],[-77.8149515,22.3484613],[-77.7128085,22.2167314],[-77.6252017,22.2314467],[-77.5700651,21.9900768],[-77.1095905,21.706453],[-76.8943943,21.4917126],[-76.5822168,21.3407891],[-76.2945597,21.3030348],[-76.0283171,21.1434518],[-75.6946051,21.1748667],[-75.5450711,21.069141],[-75.5616374,20.9039577],[-75.4498543,20.7963743],[-74.9253676,20.7564593],[-74.7152979,20.6703484],[-74.4655599,20.4041126],[-74.1645271,20.3451653],[-74.0837586,20.2428028],[-74.1025337,20.1469006]]]]}},{"type":"Feature","properties":{"name":"Captaincy General of Puerto Rico","historical_entity":"Captaincy General of Puerto Rico","ohm_relation_id":2841681,"start_date":"1580","end_date":"1854","admin_level":"2","boundary":"administrative","source":null,"_historical_overlay":true},"geometry":{"type":"MultiPolygon","coordinates":[[[[-67.4717071,18.3227662],[-67.5438586,18.3676921],[-67.5172962,18.4303354],[-67.4179931,18.3996388],[-67.4717071,18.3227662]]],[[[-67.8943083,18.1770829],[-67.7869632,18.0817643],[-67.9157795,17.9997357],[-67.9952622,18.0582231],[-68.0021919,18.1710285],[-67.8943083,18.1770829]]],[[[-65.4633323,18.3969482],[-65.1922752,18.379641],[-65.2099658,18.2382694],[-65.4563089,18.2894118],[-65.5460527,18.1958465],[-65.2708487,18.1994009],[-65.2340857,18.089755],[-65.5503393,18.0251622],[-65.6274144,18.1448976],[-65.8512265,17.9383398],[-66.2197144,17.8595895],[-66.5384926,17.8283441],[-66.5826882,17.9063115],[-66.8717206,17.888074],[-67.1949213,17.8784253],[-67.2638274,17.9270508],[-67.2192777,18.2112542],[-67.326754,18.3642428],[-67.1618307,18.5556253],[-65.993282,18.519947],[-65.4633323,18.3969482]]]]}},{"type":"Feature","properties":{"name":"Captaincy General of Santo Domingo","historical_entity":"Captaincy General of Santo Domingo","ohm_relation_id":2841734,"start_date":"1640","end_date":"1795-07-22","admin_level":"2","boundary":"administrative","source":null,"_historical_overlay":true},"geometry":{"type":"MultiPolygon","coordinates":[[[[-71.5880612,17.4941684],[-71.6229717,17.4230103],[-71.6981887,17.4623586],[-71.6535106,17.5393328],[-71.5880612,17.4941684]]],[[[-71.8313124,19.7637235],[-71.9231683,19.8702002],[-71.8270132,19.9475928],[-71.7164173,19.8853796],[-71.5606731,19.9686419],[-71.2452015,19.9028577],[-70.9859554,19.9866935],[-70.6082459,19.8176168],[-70.419826,19.8277901],[-70.254179,19.696556],[-69.9189984,19.7237151],[-69.8336197,19.6431303],[-69.8017225,19.4047862],[-69.7170151,19.3341718],[-69.1980207,19.4086289],[-69.102253,19.2510646],[-69.1872898,19.1403754],[-69.3687606,19.137703],[-69.338219,19.1092935],[-68.756099,19.0241429],[-68.2777202,18.6480755],[-68.4033321,18.33364],[-68.5811508,18.2586672],[-68.5157948,18.1228704],[-68.5747514,18.0618934],[-68.7723865,18.0907546],[-68.8280389,18.2589373],[-68.9324868,18.3481386],[-69.0080118,18.2902446],[-69.2358773,18.3907825],[-69.6376787,18.3482418],[-69.8506546,18.4150061],[-69.977475,18.3749135],[-70.1402814,18.1847604],[-70.5227518,18.1421877],[-70.6196732,18.182498],[-70.6456541,18.370733],[-70.9224788,18.19835],[-71.0469857,18.2582221],[-71.009108,18.112132],[-71.3565944,17.5955646],[-71.5718402,17.5023485],[-71.60244,17.5754654],[-71.533843,17.6676144],[-71.73754,17.748156],[-71.7160958,17.9391188],[-71.843237,18.0334173],[-71.7963416,18.2847788],[-72.0071418,18.6358358],[-71.84784,18.8250674],[-71.8533332,18.8945939],[-72.0085151,18.947207],[-72.4987807,19.3422463],[-72.2859206,19.4704778],[-71.8670668,19.3344714],[-71.6976358,19.3597372],[-71.7348863,19.6626338],[-71.8313124,19.7637235]]]]}},{"type":"Feature","properties":{"name":"Captaincy General of Yucatán","historical_entity":"Captaincy General of Yucatán","ohm_relation_id":2841927,"start_date":"1617","end_date":"1783","admin_level":"2","boundary":"administrative","source":null,"_historical_overlay":true},"geometry":{"type":"MultiPolygon","coordinates":[[[[-87.2589115,18.7187723],[-87.3310093,18.701863],[-87.348862,18.7701402],[-87.2767643,18.7870427],[-87.2589115,18.7187723]]],[[[-87.3053392,18.5312148],[-87.3923997,18.5736572],[-87.3097554,18.6530157],[-87.254856,18.6056083],[-87.3053392,18.5312148]]],[[[-87.3323825,18.366908],[-87.4044803,18.3499638],[-87.4223331,18.4183819],[-87.3502353,18.4353194],[-87.3323825,18.366908]]],[[[-86.6817458,20.6278998],[-86.7222984,20.4723712],[-87.0010266,20.2224934],[-87.0753235,20.3861012],[-86.9688284,20.5804163],[-86.6817458,20.6278998]]],[[[-93.4889826,17.5440809],[-93.6415029,17.3179531],[-93.6949202,17.3878044],[-93.6136011,17.5525113],[-93.7385109,17.6793701],[-93.9401073,17.7531699],[-93.9677862,17.8452523],[-94.0834307,17.8698685],[-94.1415545,18.2665364],[-93.4236247,18.4845887],[-92.9065273,18.4959148],[-92.707918,18.680186],[-91.7821526,18.7239975],[-90.9552576,19.2084841],[-90.7814273,19.3708502],[-90.7903922,19.6796065],[-90.5172895,19.9611144],[-90.5595845,20.4962407],[-90.4234766,20.9756269],[-90.2899305,21.1077933],[-89.8561323,21.302271],[-88.859761,21.4517211],[-88.6225736,21.5774165],[-88.1543889,21.6751616],[-87.4692437,21.527169],[-87.107017,21.6581278],[-86.9837845,21.6235686],[-86.859224,21.4878724],[-86.7846276,21.5835948],[-86.6571807,21.1829869],[-86.843976,20.8036908],[-87.3863761,20.1859723],[-87.4228329,19.7467619],[-87.3606955,19.5777746],[-87.4583004,19.3919472],[-87.3929678,19.3051798],[-87.6614471,18.6876803],[-87.7811051,18.1042503],[-87.9604914,17.8188106],[-88.0177035,17.6099166],[-87.9964968,17.3283911],[-88.1125833,17.3585032],[-88.2493221,17.540405],[-88.4040374,17.5744462],[-88.4000275,17.6501564],[-88.5354039,17.5870749],[-88.6427103,17.36843],[-88.7771307,17.3228852],[-88.7881428,17.2622613],[-88.8489596,17.2837336],[-88.8572207,17.227169],[-89.1310503,17.1745791],[-89.1446115,17.0359415],[-89.2441751,16.9617405],[-89.270611,17.0246163],[-89.7713477,16.9845626],[-90.1689162,17.3231108],[-91.0176093,17.2332847],[-91.3327796,17.3938904],[-91.8209853,17.3912701],[-91.8347182,17.6688867],[-92.1719502,17.7865679],[-92.2746229,17.6922581],[-92.349897,17.7027847],[-92.4020786,17.5780401],[-92.5714109,17.5496086],[-92.7550063,17.343407],[-92.7857947,17.4175273],[-92.8542645,17.4111976],[-92.8315525,17.4808572],[-92.9481198,17.482743],[-93.0405253,17.6098282],[-93.0254363,17.8254184],[-93.1156408,17.8222126],[-93.0913759,17.8975613],[-93.2783227,17.9852878],[-93.3905478,17.7733997],[-93.3562778,17.6480374],[-93.4889826,17.5440809]]]]}},{"type":"Feature","properties":{"name":"Kingdom of Mexico","historical_entity":"Kingdom of Mexico","ohm_relation_id":2842078,"start_date":"1602","end_date":"1821-09-27","admin_level":"2","boundary":"administrative","source":null,"_historical_overlay":true},"geometry":{"type":"MultiPolygon","coordinates":[[[[-98.2088278,22.4647624],[-98.0742633,22.3477812],[-97.9900203,22.3508638],[-98.0003241,22.2974325],[-97.8949817,22.2224833],[-97.7263071,22.2736887],[-97.6952515,22.0762988],[-97.5653931,21.8625799],[-97.2956292,21.6200808],[-97.2761919,21.4974043],[-97.1726711,21.5001196],[-97.2209635,21.4162917],[-97.281053,21.4833473],[-97.3637138,21.2430374],[-97.1271252,20.687623],[-96.4067666,19.8878079],[-96.2515771,19.360263],[-96.0809533,19.2502093],[-96.0432595,19.1209974],[-95.8937563,19.1368066],[-95.8802354,18.9192972],[-95.5831082,18.7765897],[-95.1696484,18.7620924],[-94.9850999,18.6138579],[-94.7899338,18.584573],[-94.5114778,18.2074311],[-94.1415545,18.2665364],[-94.0834307,17.8698685],[-93.9677862,17.8452523],[-93.9401073,17.7531699],[-93.7385109,17.6793701],[-93.6152466,17.5551118],[-93.6949202,17.3878044],[-93.607936,17.3149975],[-93.8606647,17.1657226],[-94.139156,16.4617864],[-94.032961,16.275945],[-94.1028791,16.1431366],[-93.9368822,16.0486182],[-93.9696106,15.9363581],[-94.525056,16.1430477],[-95.1164943,16.1327756],[-95.4049331,15.9369427],[-96.2298219,15.6323953],[-96.5171504,15.6037579],[-96.8584147,15.6825732],[-97.259402,15.8806706],[-97.7826396,15.9257066],[-98.2502452,16.1896484],[-98.5998341,16.2799542],[-98.8005358,16.5030507],[-99.660615,16.6408271],[-100.0132347,16.8647871],[-101.090984,17.2254305],[-101.2336751,17.3824483],[-101.6956324,17.6376557],[-101.8506152,17.8493899],[-102.031547,17.9345756],[-102.097544,17.9069988],[-102.1803618,17.9992439],[-102.1432401,18.1863731],[-101.8637309,18.2611867],[-101.880835,18.5375157],[-101.6289795,18.6005193],[-101.5007336,18.4871191],[-101.4868934,18.2541332],[-101.3323981,18.1562921],[-101.3529975,18.0597017],[-101.239701,18.040769],[-101.1044318,17.7284133],[-101.001435,17.7944589],[-100.5867011,17.5903585],[-100.4788978,17.6472944],[-100.5303962,17.7983816],[-100.4212196,18.0610073],[-100.4991535,18.2068499],[-100.7048038,18.3454016],[-100.5882298,18.4121452],[-100.7442252,18.518073],[-100.7917709,18.8341685],[-100.7484034,18.8679326],[-100.6960685,18.7941255],[-100.5304712,19.008665],[-100.4108272,19.0635951],[-100.3123745,19.3623611],[-100.176715,19.489678],[-100.2638695,19.6957904],[-100.1693397,19.7077391],[-100.1321208,19.8514308],[-100.0630328,19.8558086],[-100.2356036,20.1434586],[-100.181144,20.2088005],[-100.4761811,20.3896108],[-100.4961774,20.6161937],[-100.5965357,20.7172609],[-100.5489146,20.7363834],[-100.5775889,20.8166698],[-100.4722329,20.9284461],[-100.4133994,20.8874319],[-100.2636233,20.9709988],[-100.0641719,20.9362886],[-99.986368,21.21831],[-99.8304261,21.1575072],[-99.6878549,21.2257803],[-99.6713026,21.3011938],[-99.7840031,21.3201496],[-99.7760805,21.4945369],[-99.9423331,21.4496198],[-99.9568223,21.5262271],[-100.0622761,21.5233055],[-100.2721355,21.687347],[-100.4350442,21.6827185],[-100.4610803,21.5453349],[-100.614955,21.5057892],[-100.8576782,21.6189866],[-100.8343215,21.6645588],[-100.9819744,21.7535274],[-101.3194839,21.8353344],[-101.4963317,21.8099397],[-101.3265103,21.9997281],[-101.3827554,22.0207379],[-101.3242532,22.2098935],[-101.4348388,22.3386415],[-101.2857264,22.5078557],[-101.3800182,22.6758349],[-101.3492339,22.7117793],[-101.4909645,22.7428774],[-101.6599065,22.5053204],[-101.7992757,22.4705595],[-101.8729577,22.5630734],[-101.8532842,22.6560251],[-101.939756,22.6457255],[-102.1921318,22.8649021],[-102.260051,23.0459155],[-102.2141546,23.1313199],[-102.289369,23.2316909],[-102.2315969,23.3151164],[-102.2960384,23.3205013],[-102.2381503,23.4469014],[-102.1225325,23.3538601],[-101.7751224,23.4476294],[-101.1925049,23.9185591],[-101.2167464,24.1597319],[-101.0654015,24.2070211],[-100.9873271,24.4325193],[-101.0066746,24.3358348],[-100.945286,24.2811959],[-100.7110813,24.4914047],[-100.6035333,24.4013001],[-100.6133999,24.1739442],[-100.5168275,24.1398967],[-100.5624016,23.9196411],[-100.4471004,23.6965345],[-100.5172113,23.4210428],[-100.4570832,23.3664096],[-100.4798497,23.1943654],[-100.3317579,23.1626832],[-100.3743166,23.2653238],[-100.278435,23.3103684],[-100.1018865,23.2309755],[-100.1158762,23.1260738],[-100.0113237,23.0646494],[-100.110847,22.975719],[-100.0293842,22.8243936],[-100.0940599,22.7512652],[-99.882397,22.7498623],[-99.814029,22.6607658],[-99.6825355,22.6811247],[-99.5346919,22.6127647],[-99.4945364,22.6208686],[-99.5443274,22.7441402],[-99.4967885,22.748498],[-99.3296177,22.6348878],[-99.2368388,22.412862],[-98.8899973,22.3550935],[-98.5043539,22.4294941],[-98.3187812,22.3907397],[-98.316823,22.4685623],[-98.2088278,22.4647624]]]]}},{"type":"Feature","properties":{"name":"New Spain (1640-1655)","historical_entity":"New Spain (1640-1655)","ohm_relation_id":2845882,"start_date":"1640","end_date":"1655-05-10","admin_level":"2","boundary":"administrative","source":null,"_historical_overlay":true},"geometry":{"type":"MultiPolygon","coordinates":[[[[-73.6204287,21.159075],[-73.3962056,21.2864497],[-73.2940079,21.1936785],[-73.1809009,21.216532],[-73.0665008,21.3763086],[-73.1222963,21.5265052],[-73.006365,21.6087642],[-72.8643195,21.5163857],[-73.0137193,21.387636],[-72.9605832,21.3394125],[-72.9921862,21.1313843],[-73.1481714,20.9168954],[-73.6752646,20.8704334],[-73.7511965,21.0276288],[-73.7033446,21.1476313],[-73.6204287,21.159075]]],[[[-73.214125,22.3902323],[-73.1598754,22.4972666],[-73.062806,22.4963736],[-72.7304872,22.3964309],[-72.6653529,22.3428787],[-72.6898756,22.2811277],[-72.7802592,22.2328208],[-72.9020929,22.3139123],[-73.070421,22.283328],[-73.1996865,22.3222142],[-73.214125,22.3902323]]],[[[-73.4250172,22.6187102],[-73.4594141,22.5425642],[-73.6340501,22.5225151],[-73.6806322,22.5690183],[-73.6173078,22.6610282],[-73.4250172,22.6187102]]],[[[-74.340494,22.1804184],[-74.1347966,22.427912],[-73.9325955,22.5309982],[-74.2436866,22.6292801],[-74.2787696,22.5748312],[-74.169891,22.4416858],[-74.2588895,22.3632074],[-74.2903719,22.4556893],[-74.4290307,22.5288426],[-74.3402104,22.6727714],[-74.3806551,22.7721147],[-74.4100983,22.8564332],[-74.357819,22.8969259],[-73.7845049,22.7317764],[-73.7917624,22.5165663],[-73.9624448,22.2940821],[-74.2930017,22.0782027],[-74.3769268,22.1048858],[-74.340494,22.1804184]]],[[[-74.4833246,22.1719405],[-74.4443607,22.111812],[-74.5156475,22.0389048],[-74.5843207,22.1524832],[-74.4833246,22.1719405]]],[[[-75.2405457,22.0181028],[-75.2080105,22.0781602],[-75.1433325,22.0536918],[-75.1668134,21.9755315],[-75.2405457,22.0181028]]],[[[-75.8464908,22.3109567],[-75.8995559,22.4723278],[-75.8485201,22.5529825],[-75.7042205,22.3096886],[-75.6376159,22.1514227],[-75.6872784,22.0985313],[-75.7806917,22.1443617],[-75.8464908,22.3109567]]],[[[-75.8395227,22.8064022],[-75.8342971,22.6185388],[-75.883659,22.5755066],[-75.9431237,22.6206828],[-75.944497,22.7910753],[-75.8471468,22.9778273],[-75.7900512,22.9320976],[-75.8395227,22.8064022]]],[[[-75.6810419,22.9871633],[-75.7440256,22.9480434],[-75.7851071,23.0089216],[-75.5704094,23.1767824],[-75.4775776,23.1881333],[-75.4531728,23.1211933],[-75.6810419,22.9871633]]],[[[-75.3892006,23.6382844],[-75.3370005,23.7354915],[-75.2389748,23.6675494],[-75.0538022,23.3460391],[-75.023599,23.1778993],[-74.903315,23.1398606],[-74.7798882,22.8962227],[-74.880555,22.8045233],[-74.9937193,23.0146207],[-75.3312706,23.152303],[-75.2767186,23.2727342],[-75.1732379,23.2939571],[-75.3892006,23.6382844]]],[[[-73.7091539,23.0258142],[-73.8464512,23.0471049],[-73.8663335,23.1186945],[-73.6078391,23.1329897],[-73.5590997,23.0480541],[-73.7091539,23.0258142]]],[[[-75.0004368,23.6628851],[-74.8447331,23.762153],[-74.7417149,23.6893165],[-74.8272002,23.5854477],[-75.0004368,23.6628851]]],[[[-75.0885997,23.8976893],[-75.0307115,23.8061931],[-75.1165856,23.7573178],[-75.177594,23.8704949],[-75.0885997,23.8976893]]],[[[-74.5125843,23.8965162],[-74.6164008,23.9257582],[-74.5865857,24.083101],[-74.5012804,24.2051724],[-74.4282015,24.1765992],[-74.3867684,24.0278371],[-74.4433885,23.9011613],[-74.5125843,23.8965162]]],[[[-76.7236083,25.0019218],[-76.7799843,24.784063],[-76.6979659,24.487025],[-76.5214335,24.3776573],[-76.1506668,23.8652103],[-75.3811186,23.4044567],[-75.4496878,23.3390757],[-75.8571906,23.384122],[-76.1397913,23.3935504],[-76.1241728,23.4699948],[-75.9208622,23.5128715],[-76.1083864,23.5368147],[-76.1111214,23.6391719],[-76.2461018,23.7120133],[-76.6112927,24.2920326],[-76.8601759,24.4908481],[-76.8814382,24.8717847],[-76.7236083,25.0019218]]],[[[-75.5758251,24.6195644],[-75.2482945,24.1159443],[-75.5176084,24.0768017],[-75.5818283,24.160535],[-75.4964572,24.2256072],[-75.4513899,24.2443864],[-75.8085928,24.6943734],[-75.6736202,24.7391977],[-75.5758251,24.6195644]]],[[[-75.9975661,24.546791],[-76.0142652,24.6221403],[-75.8941021,24.6493789],[-75.7568673,24.5570509],[-75.8142939,24.5138171],[-75.9975661,24.546791]]],[[[-77.0037622,23.9903172],[-76.924244,23.9372416],[-77.0267527,23.9136334],[-77.1250384,23.9064358],[-77.1539225,23.9666776],[-77.0037622,23.9903172]]],[[[-77.1273901,24.001028],[-77.211593,23.9986569],[-77.2126188,24.0838656],[-77.1316754,24.0824866],[-77.1273901,24.001028]]],[[[-77.297404,23.6059733],[-77.3129598,23.5363393],[-77.3820141,23.5490413],[-77.4507879,23.8152852],[-77.3814781,23.8030787],[-77.297404,23.6059733]]],[[[-78.2409639,24.9729303],[-78.2842347,25.2293668],[-78.1271875,25.3800958],[-77.9466369,25.1510575],[-77.8003324,24.8127377],[-77.6463323,24.6637535],[-77.6744049,24.4571253],[-77.4356523,23.9012022],[-77.5402574,23.6835423],[-77.7600997,23.5156191],[-77.8273072,23.5301741],[-77.7946864,23.6369318],[-77.9385533,23.7521464],[-77.8573636,23.8352974],[-77.8906025,23.9898284],[-78.1374226,24.3213317],[-78.5714336,24.6413555],[-78.5258406,24.7225179],[-78.451077,24.6647241],[-78.2409639,24.9729303]]],[[[-76.7532943,25.178911],[-76.6819512,25.1354317],[-76.7504242,25.0863473],[-76.7532943,25.178911]]],[[[-77.9599045,25.4931435],[-77.7769533,25.5487687],[-77.9974213,25.8446475],[-77.877302,25.8701973],[-77.7706131,25.7535776],[-77.6568637,25.5688552],[-77.7111212,25.3890637],[-77.9287974,25.3599389],[-78.0580718,25.4695327],[-78.0207669,25.5287753],[-77.9599045,25.4931435]]],[[[-79.1038327,25.2875086],[-79.1208729,25.2206721],[-79.1870495,25.2295377],[-79.3523442,25.5685422],[-79.2953456,25.8136857],[-79.2021761,25.7884908],[-79.1988563,25.6751759],[-79.2658114,25.6276061],[-79.1038327,25.2875086]]],[[[-79.9152195,24.0286006],[-79.8933605,24.1147924],[-79.7818346,24.053545],[-79.8138622,23.9774725],[-79.9152195,24.0286006]]],[[[-79.6979071,23.7872499],[-79.6110568,23.6958655],[-79.6407222,23.6386857],[-79.7187271,23.6661309],[-79.8327546,23.9079532],[-79.7493238,23.9426827],[-79.6979071,23.7872499]]],[[[-79.4692395,23.4395548],[-79.6198551,23.527401],[-79.6608073,23.6044402],[-79.5988432,23.6463856],[-79.4357653,23.5084587],[-79.4692395,23.4395548]]],[[[-80.3297787,23.6707175],[-80.405752,23.6387674],[-80.4447462,23.7151821],[-80.3705777,23.7474218],[-80.3297787,23.6707175]]],[[[-80.4203785,23.9073979],[-80.480198,23.8733065],[-80.5259807,23.9299567],[-80.3730876,24.0350404],[-80.2963872,24.0439419],[-80.2732187,23.9844567],[-80.4203785,23.9073979]]],[[[-77.5849009,26.1298992],[-77.5108805,26.1595498],[-77.4741573,26.0701175],[-77.5610241,26.0345286],[-77.5849009,26.1298992]]],[[[-77.637503,26.2645177],[-77.7045355,26.2745346],[-77.7015432,26.3421159],[-77.5431074,26.3727431],[-77.4849783,26.3118726],[-77.5091015,26.1937146],[-77.6114809,26.1896538],[-77.637503,26.2645177]]],[[[-78.0086607,26.8071037],[-77.9881395,26.9814742],[-77.8166079,26.9806309],[-78.1398021,27.0952365],[-78.1284869,26.9791835],[-78.244759,26.9026948],[-78.2806044,27.0011723],[-78.1902116,27.0926006],[-78.4266889,27.1986931],[-78.4396382,27.2994828],[-78.3381255,27.3093778],[-77.9302705,27.090192],[-77.5328903,27.0026707],[-76.9219392,26.5905069],[-76.9386573,26.3258628],[-77.1224266,26.1979673],[-77.1324181,25.8440278],[-77.2033051,25.7954258],[-77.4531283,25.9858744],[-77.4387542,26.0637913],[-77.2859233,26.1590413],[-77.3107083,26.2360035],[-77.3274584,26.4432155],[-77.4620336,26.5673098],[-77.5014035,26.7595232],[-77.5779245,26.8180244],[-77.8536759,26.8234173],[-77.8535498,26.7215644],[-77.6953316,26.5049679],[-77.7802497,26.373083],[-77.9574502,26.6043409],[-78.7796407,26.4581974],[-79.037636,26.6588145],[-79.0684835,26.7996788],[-78.9963626,26.847527],[-78.9229181,26.7147208],[-78.7168272,26.6358395],[-78.6589405,26.6717698],[-78.6682684,26.9266629],[-78.6174171,26.9717241],[-78.354675,26.746663],[-78.306651,26.8085435],[-78.2128554,26.7584556],[-78.0086607,26.8071037]]],[[[-79.0633153,21.1437625],[-79.1003444,21.2096006],[-79.026773,21.2493401],[-78.9925507,21.1784066],[-79.0633153,21.1437625]]],[[[-79.5693979,21.4084237],[-79.625136,21.4520556],[-79.5808849,21.5101951],[-79.5189386,21.4644681],[-79.5693979,21.4084237]]],[[[-78.7708557,21.0575034],[-78.8643734,21.0011228],[-78.8527017,21.1039294],[-78.7297288,21.161681],[-78.6538911,21.1003738],[-78.6837489,21.034864],[-78.7708557,21.0575034]]],[[[-78.7033791,21.184751],[-78.6540708,21.241602],[-78.6005939,21.1869089],[-78.6513878,21.1322763],[-78.7033791,21.184751]]],[[[-77.686435,20.5368383],[-77.6154912,20.576156],[-77.5741936,20.4982615],[-77.6597781,20.4570005],[-77.686435,20.5368383]]],[[[-81.0600376,21.6749625],[-81.0335194,21.6087091],[-81.1009834,21.5826641],[-81.1262142,21.6489358],[-81.0600376,21.6749625]]],[[[-82.7184332,22.3763625],[-82.7139056,22.2438602],[-82.8225548,22.1678601],[-82.8720326,22.247278],[-82.7184332,22.3763625]]],[[[-83.4667364,21.8943001],[-83.6347059,21.9128465],[-83.6935755,21.9985311],[-83.646367,22.0571897],[-83.5335993,22.0123765],[-83.2857994,21.9714178],[-83.3112559,21.9002612],[-83.4667364,21.8943001]]],[[[-71.5880612,17.4941684],[-71.6229717,17.4230103],[-71.6981887,17.4623586],[-71.6535106,17.5393328],[-71.5880612,17.4941684]]],[[[-78.2979157,18.1733758],[-78.4159768,18.2491888],[-78.3654317,18.4111637],[-78.2340431,18.5073128],[-77.9824152,18.5093537],[-77.831711,18.5772476],[-76.8766601,18.4628395],[-76.7507706,18.3257072],[-76.3075706,18.2048712],[-76.2102799,18.029262],[-76.13338,17.9191475],[-76.1849798,17.8522826],[-76.5186474,17.8121308],[-76.8277404,17.8882038],[-77.1709606,17.6577837],[-77.4305188,17.8174017],[-77.766949,17.8162436],[-78.0861685,18.1643641],[-78.2979157,18.1733758]]],[[[-77.449531,17.0333548],[-77.5260546,16.9922781],[-77.5631334,17.0594105],[-77.4872591,17.1030583],[-77.449531,17.0333548]]],[[[125.4821783,4.6728374],[125.4639949,4.6115526],[125.4009205,4.6180035],[125.4333535,4.7256846],[125.5261258,4.7764313],[125.4821783,4.6728374]]],[[[125.6733792,4.5742867],[125.6079762,4.5475923],[125.5811971,4.6127864],[125.6466,4.6394784],[125.6733792,4.5742867]]],[[[125.733804,4.4182134],[125.668401,4.3915133],[125.6416219,4.4567214],[125.7070248,4.4834191],[125.733804,4.4182134]]],[[[125.367822,4.2134886],[125.302419,4.1867814],[125.2756398,4.2520071],[125.3410428,4.2787121],[125.367822,4.2134886]]],[[[125.4337399,3.8943128],[125.3683369,3.8675951],[125.3415578,3.9328466],[125.4069608,3.9595623],[125.4337399,3.8943128]]],[[[125.5173501,3.3667603],[125.3511708,3.7218316],[125.5641802,3.8577044],[125.6758187,3.8164261],[125.5832358,3.7035468],[125.7798093,3.4687869],[125.632491,3.2931562],[125.5382439,3.2931586],[125.5173501,3.3667603]]],[[[125.776376,3.8580039],[125.7109731,3.831285],[125.6841939,3.8965393],[125.7495969,3.9232561],[125.776376,3.8580039]]],[[[125.551843,3.0410123],[125.460653,3.02166],[125.3942737,3.1264087],[125.4266593,3.2986606],[125.5794646,3.2067294],[125.551843,3.0410123]]],[[[125.5281105,2.9434881],[125.4782547,2.8903898],[125.4001612,2.9461588],[125.4786618,2.9967184],[125.5281105,2.9434881]]],[[[125.3246925,2.6565282],[125.3425006,2.8389218],[125.4305571,2.8619991],[125.4942906,2.8052347],[125.5241217,2.6082341],[125.3979563,2.5854949],[125.3246925,2.6565282]]],[[[125.3634193,2.2401389],[125.2439191,2.365844],[125.3974658,2.4336177],[125.5145565,2.335672],[125.3634193,2.2401389]]],[[[125.4075047,2.0526614],[125.3027264,2.0432391],[125.3250361,2.1683744],[125.4526592,2.1628915],[125.4075047,2.0526614]]],[[[126.7612161,3.9519707],[126.8896432,3.7915699],[126.8322875,3.6782774],[126.6444355,3.7866643],[126.563572,3.9944746],[126.5725598,4.0757003],[126.7215171,4.2133732],[126.6584085,4.2885476],[126.686543,4.5584105],[126.8225183,4.5821396],[126.9592282,4.2777388],[126.8528613,4.1391515],[126.8470097,4.0138096],[126.7612161,3.9519707]]],[[[127.2003703,4.602338],[127.0838887,4.581044],[127.1040397,4.6632928],[127.0165933,4.7029108],[127.0051645,4.8121739],[127.0570877,4.8575292],[127.1740751,4.8126962],[127.2003703,4.602338]]],[[[126.6278395,5.5289718],[126.553106,5.5105032],[126.5370076,5.5825868],[126.615838,5.6087076],[126.6278395,5.5289718]]],[[[128.1798169,2.0462233],[128.1325397,2.0977133],[128.1711047,2.2352691],[128.0782026,2.3123446],[128.1131153,2.4378875],[128.1732208,2.4653573],[128.2255091,2.4022373],[128.2926186,2.5199645],[128.5453684,2.694077],[128.6462966,2.6159076],[128.7408568,2.4233437],[128.6057859,2.0817938],[128.2355046,1.9190926],[128.1798169,2.0462233]]],[[[126.4429149,1.2725735],[126.3609677,1.2463344],[126.3250904,1.3741911],[126.4413076,1.3812272],[126.4429149,1.2725735]]],[[[126.1960536,0.9982199],[126.1814212,0.915432],[126.0968557,0.9380814],[126.1044966,1.0256225],[126.1960536,0.9982199]]],[[[128.6040063,-0.7053472],[128.5436205,-0.7453624],[128.4487527,-0.6376773],[128.2979946,-0.6150514],[128.2629465,-0.5357239],[128.3146555,-0.4937053],[128.6248403,-0.5831217],[128.6557685,-0.6452836],[128.6040063,-0.7053472]]],[[[128.8191276,0.4468089],[128.7580179,0.5766243],[128.8635493,0.5948524],[128.9208137,0.451271],[128.8191276,0.4468089]]],[[[127.5142862,-0.0613914],[127.4633884,-0.1412764],[127.3719534,-0.1334358],[127.3676833,0.1023842],[127.4050032,0.1989557],[127.488885,0.1691426],[127.5142862,-0.0613914]]],[[[123.2628243,8.7144138],[123.1914132,8.7083053],[123.1852334,8.7788865],[123.2566445,8.7849939],[123.2628243,8.7144138]]],[[[123.4537118,8.822993],[123.3823006,8.8168862],[123.3761208,8.8874468],[123.447532,8.8935523],[123.4537118,8.822993]]],[[[123.7359019,9.2278143],[123.7495713,9.1276824],[123.6899786,9.0675961],[123.5561849,9.0523446],[123.4220817,9.1423133],[123.4221261,9.2454654],[123.5827404,9.3500801],[123.6700051,9.3342362],[123.7359019,9.2278143]]],[[[123.9625161,9.4636248],[123.891105,9.457529],[123.8849252,9.5279623],[123.9563363,9.5340568],[123.9625161,9.4636248]]],[[[123.7647627,11.4556308],[123.6933516,11.4495741],[123.6871718,11.5195554],[123.7585829,11.5256107],[123.7647627,11.4556308]]],[[[123.3774941,11.1746976],[123.306083,11.1686349],[123.2999032,11.2386851],[123.3713143,11.2447464],[123.3774941,11.1746976]]],[[[124.1189331,11.5655724],[124.1417309,11.475651],[123.996461,11.4028445],[123.9820858,11.4783427],[124.1189331,11.5655724]]],[[[124.2625802,12.0168236],[124.1355063,11.993195],[124.1225045,12.1007603],[124.2482051,12.1284075],[124.2625802,12.0168236]]],[[[125.7739061,10.7991956],[125.8542285,10.7571035],[125.8514779,10.6751164],[125.7494389,10.6380915],[125.6729056,10.6898385],[125.6026482,10.7728814],[125.6393044,10.853201],[125.7153591,10.8794169],[125.7739061,10.7991956]]],[[[125.9792483,10.8179594],[126.0134415,10.735999],[125.9484579,10.7021889],[125.8948213,10.7828989],[125.9792483,10.8179594]]],[[[123.6328892,11.843022],[123.5056328,11.9381757],[123.4970551,12.0562856],[123.5599726,12.1058472],[123.5073836,12.1685933],[123.1678253,11.8051135],[123.0650436,11.8456031],[123.2128187,12.2169679],[123.1598006,12.2807229],[123.1955331,12.637994],[123.6160241,12.4550755],[123.676266,12.4070287],[123.532412,12.6379347],[123.5856411,12.7672991],[123.7723193,12.6282932],[123.8649221,12.3104604],[124.1479372,11.8763316],[124.0695394,11.674066],[123.9473885,11.785135],[123.8711922,11.7722514],[123.8206526,11.8651641],[123.6328892,11.843022]]],[[[123.3925069,12.6473477],[122.9036333,12.9977692],[122.8874002,13.0907412],[122.7924453,13.1380858],[122.8886025,13.2088639],[123.0555018,13.1822443],[123.2123888,12.9593777],[123.3178314,12.9236908],[123.4368097,12.7104039],[123.3925069,12.6473477]]],[[[122.7429635,12.3885925],[122.6245152,12.2230139],[122.385974,12.3976688],[122.407506,12.5080529],[122.5525617,12.556151],[122.6887887,12.5200452],[122.7429635,12.3885925]]],[[[121.98208,12.8374194],[122.0304468,12.8684067],[121.9822036,12.9447636],[122.0168911,13.008242],[122.119604,13.0056832],[122.1510543,12.9382448],[122.0725393,12.7317741],[121.9807817,12.7601425],[121.98208,12.8374194]]],[[[121.9091267,13.0736823],[121.9745865,13.0212134],[121.9056455,12.9809181],[121.8401857,13.0333955],[121.9091267,13.0736823]]],[[[121.7837337,12.9109807],[121.7023503,12.8503868],[121.6396206,12.9141307],[121.7148542,13.0014592],[121.7837337,12.9109807]]],[[[121.6234321,12.0675861],[121.5365975,12.057788],[121.5316666,12.1296719],[121.6210549,12.1410406],[121.6234321,12.0675861]]],[[[121.6183122,11.9785687],[121.5424489,11.7910685],[121.3566695,11.828802],[121.40509,11.9167408],[121.4898764,11.9125687],[121.5273129,12.0295876],[121.6183122,11.9785687]]],[[[121.3312905,11.8307268],[121.2598794,11.8246782],[121.2536996,11.894565],[121.3251107,11.900612],[121.3312905,11.8307268]]],[[[121.7357247,11.5617718],[121.6573717,11.5626816],[121.6542559,11.6472672],[121.732367,11.6335058],[121.7357247,11.5617718]]],[[[121.9292434,11.4228323],[121.8418907,11.4540576],[121.902673,11.5187412],[121.9811212,11.4898418],[121.9292434,11.4228323]]],[[[121.7094611,11.2868342],[121.63805,11.2807739],[121.6318702,11.3507968],[121.7032813,11.3568557],[121.7094611,11.2868342]]],[[[121.9767632,14.4533819],[122.0424923,14.5000888],[122.0885758,14.411231],[122.0208456,14.3679234],[121.9767632,14.4533819]]],[[[122.2568695,14.6723307],[122.0762253,14.7753992],[122.0007699,14.60518],[121.8881593,14.5938846],[121.7514907,14.9286214],[121.8320906,15.088337],[121.9690212,15.1041967],[122.1074283,14.9707567],[122.1958216,14.994988],[122.3104155,14.757752],[122.3994398,14.7824305],[122.485119,14.7221521],[122.4121313,14.6341588],[122.2568695,14.6723307]]],[[[120.4413538,12.619405],[120.3650884,12.6468117],[120.412089,12.7098368],[120.4883544,12.682437],[120.4413538,12.619405]]],[[[121.2832253,18.9864936],[121.1651183,18.9562848],[121.1610933,19.1685874],[121.2187741,19.216208],[121.2784229,19.176316],[121.2832253,18.9864936]]],[[[121.3847965,18.8084755],[121.1991905,18.8422318],[121.229909,18.9242216],[121.3403103,18.9410626],[121.534115,18.8904286],[121.495757,18.8234387],[121.3847965,18.8084755]]],[[[121.4491224,19.4364005],[121.5277156,19.4929275],[121.5773736,19.3808478],[121.5900712,19.2630138],[121.5059696,19.2033002],[121.3015007,19.3476953],[121.4491224,19.4364005]]],[[[121.7991875,18.9448092],[121.9463619,19.0506807],[122.0353662,18.9709674],[121.999521,18.8929278],[121.8313314,18.7650196],[121.7991875,18.9448092]]],[[[122.2362893,19.0462174],[122.1648782,19.0403758],[122.1586983,19.1078662],[122.2301095,19.1137055],[122.2362893,19.0462174]]],[[[122.0186227,19.4597951],[121.9481693,19.4288016],[121.8647386,19.483976],[121.8937466,19.5957217],[122.0235046,19.5987028],[122.0186227,19.4597951]]],[[[122.1601733,19.913024],[122.0930972,19.9537527],[122.1438345,20.0052643],[122.2109106,19.9645489],[122.1601733,19.913024]]],[[[121.9925301,20.3282095],[121.8606008,20.2173974],[121.7013884,20.3117757],[121.7230069,20.3758531],[121.8607386,20.3997802],[121.9302874,20.5091044],[122.0529994,20.5271566],[122.0837693,20.4551544],[121.9925301,20.3282095]]],[[[121.8116826,20.8658371],[121.9506448,20.9700963],[121.9189815,20.7524246],[121.9822573,20.7107537],[121.7673104,20.6517405],[121.7323824,20.725359],[121.8116826,20.8658371]]],[[[121.9712441,21.0374036],[121.8874693,21.0460413],[121.9108193,21.1456726],[121.9945941,21.1370407],[121.9712441,21.0374036]]],[[[120.5306618,14.0250189],[120.4592507,14.0190233],[120.4530709,14.088297],[120.524482,14.0942908],[120.5306618,14.0250189]]],[[[120.1509469,12.3530824],[120.0795358,12.3470456],[120.0733559,12.4167957],[120.1447671,12.4228309],[120.1509469,12.3530824]]],[[[120.3760606,12.3485716],[120.4525087,12.1759018],[120.3685691,12.1436041],[120.3145143,12.2337102],[120.2139939,12.378613],[120.3760606,12.3485716]]],[[[120.1347234,11.4940646],[120.2443575,11.4472958],[120.1488869,11.3410356],[120.0817587,11.3108213],[120.0321304,11.3889231],[120.1347234,11.4940646]]],[[[120.3100775,11.2073662],[120.2386664,11.2013042],[120.2324866,11.2713465],[120.3038977,11.277407],[120.3100775,11.2073662]]],[[[120.3119189,10.7348007],[120.364618,10.6615772],[120.2189248,10.5975088],[120.2043808,10.7325094],[120.3119189,10.7348007]]],[[[120.8063456,11.2171182],[120.6624537,11.1681757],[120.620017,11.3165318],[120.7368978,11.483127],[120.842787,11.5063891],[120.9060384,11.346041],[120.7821012,11.3717002],[120.7345959,11.2649493],[120.8015486,11.2366789],[120.9416917,11.3042523],[121.0163711,11.2100891],[121.0497055,11.2746359],[121.1143377,11.2311848],[120.9559457,11.0827063],[120.9029835,11.1906562],[120.8063456,11.2171182]]],[[[121.1771057,10.9324694],[121.1626938,10.9899095],[121.1011339,10.9472616],[121.1036679,10.7203217],[120.9489768,10.7651743],[121.0073186,10.6824947],[120.8818092,10.6448396],[120.743607,10.7393888],[120.7974961,10.7738632],[120.8424139,10.7276483],[120.9893111,10.936056],[120.8899384,10.9982113],[120.8340661,10.9620641],[120.7187309,10.9045372],[120.6687688,10.9753063],[120.8699372,11.0903925],[121.0646197,10.9606997],[121.1487153,11.1732609],[121.1911994,11.0265826],[121.2908056,10.963347],[121.2163385,10.838105],[121.1572222,10.8629642],[121.1771057,10.9324694]]],[[[121.2692581,9.5606317],[121.1485673,9.541067],[121.1862839,9.6728902],[121.2438154,9.711337],[121.3190064,9.6590699],[121.2692581,9.5606317]]],[[[121.0463326,9.5780694],[120.9749215,9.5719757],[120.9687417,9.6423853],[121.0401528,9.6484777],[121.0463326,9.5780694]]],[[[120.833938,9.232637],[120.7607677,9.2623478],[120.7973022,9.324701],[120.8704724,9.2949954],[120.833938,9.232637]]],[[[120.0364493,8.8981309],[119.9650381,8.8920254],[119.9588583,8.9625715],[120.0302695,8.9686758],[120.0364493,8.8981309]]],[[[119.8574064,8.7164494],[119.7859953,8.710341],[119.7798155,8.7809218],[119.8512266,8.7870291],[119.8574064,8.7164494]]],[[[-87.063341,16.0730678],[-86.8943025,16.1732148],[-86.8264825,16.1392311],[-86.8444337,16.055945],[-86.9943213,15.9908538],[-87.063341,16.0730678]]],[[[-86.6546633,16.2666727],[-86.5922935,16.3770493],[-86.3644044,16.4703573],[-86.1041023,16.4925416],[-86.0949322,16.400602],[-86.5895831,16.2169538],[-86.6546633,16.2666727]]],[[[-86.0025596,16.4093638],[-85.8498289,16.5667706],[-85.7680185,16.5215001],[-85.7854189,16.4331391],[-85.8836462,16.3539093],[-86.0025596,16.4093638]]],[[[-87.7582676,17.2713872],[-87.8748512,17.1222627],[-87.9625853,17.1523262],[-87.9747459,17.3903805],[-87.8752615,17.5325038],[-87.8030073,17.6511363],[-87.7236083,17.6322257],[-87.7582676,17.2713872]]],[[[-87.4436129,17.4241062],[-87.5379516,17.3961775],[-87.5605264,17.4681679],[-87.4636128,17.5098375],[-87.4436129,17.4241062]]],[[[-87.5957886,17.1414773],[-87.6572933,17.1950458],[-87.6011265,17.2709594],[-87.4773086,17.2016712],[-87.5957886,17.1414773]]],[[[-87.8142605,16.6759727],[-87.9012443,16.6956108],[-87.8477282,16.7771019],[-87.7213907,16.7770437],[-87.8142605,16.6759727]]],[[[-87.2589115,18.7187723],[-87.3310093,18.701863],[-87.348862,18.7701402],[-87.2767643,18.7870427],[-87.2589115,18.7187723]]],[[[-87.3053392,18.5312148],[-87.3923997,18.5736572],[-87.3097554,18.6530157],[-87.254856,18.6056083],[-87.3053392,18.5312148]]],[[[-87.3323825,18.366908],[-87.4044803,18.3499638],[-87.4223331,18.4183819],[-87.3502353,18.4353194],[-87.3323825,18.366908]]],[[[-86.6817458,20.6278998],[-86.7222984,20.4723712],[-87.0010266,20.2224934],[-87.0753235,20.3861012],[-86.9688284,20.5804163],[-86.6817458,20.6278998]]],[[[-83.8199499,8.6988417],[-83.891869,8.639644],[-83.9428432,8.7225583],[-83.8666163,8.7674534],[-83.8199499,8.6988417]]],[[[-105.829484,21.8749116],[-105.8720411,21.7911603],[-105.9466152,21.8383707],[-105.910816,21.9083642],[-105.829484,21.8749116]]],[[[-106.710077,21.6623931],[-106.7557508,21.7558463],[-106.6557882,21.8233336],[-106.4904673,21.6912845],[-106.4634776,21.5468784],[-106.3492027,21.5290387],[-106.310827,21.4317776],[-106.4340293,21.3760688],[-106.710077,21.6623931]]],[[[-106.2422965,21.3865518],[-106.1671326,21.321438],[-106.1962851,21.2469998],[-106.2721639,21.2389607],[-106.3454293,21.3278852],[-106.2422965,21.3865518]]],[[[-111.3097641,27.9529354],[-111.3847434,27.9061755],[-111.4463107,27.9809789],[-111.3702962,28.0335731],[-111.3097641,27.9529354]]],[[[-112.2506656,28.3526179],[-112.3500815,28.3374894],[-112.372459,28.4042996],[-112.2768415,28.4334683],[-112.2506656,28.3526179]]],[[[-112.5751887,28.7803784],[-112.4849579,28.7057183],[-112.6033068,28.6201172],[-112.6704644,28.7301547],[-112.5751887,28.7803784]]],[[[-67.4717071,18.3227662],[-67.5438586,18.3676921],[-67.5172962,18.4303354],[-67.4179931,18.3996388],[-67.4717071,18.3227662]]],[[[-67.8943083,18.1770829],[-67.7869632,18.0817643],[-67.9157795,17.9997357],[-67.9952622,18.0582231],[-68.0021919,18.1710285],[-67.8943083,18.1770829]]],[[[-63.0796245,11.4563612],[-62.9889193,11.4032248],[-63.1020282,11.2985768],[-63.1775074,11.3078359],[-63.1934384,11.3991633],[-63.0796245,11.4563612]]],[[[-67.6003268,11.9299783],[-67.7272696,11.9566413],[-67.7216915,12.1061882],[-67.6413483,12.0933529],[-67.6003268,11.9299783]]],[[[-67.4046639,11.9955146],[-67.3709335,11.9073746],[-67.4959081,11.8937465],[-67.5237959,12.0025045],[-67.4046639,11.9955146]]],[[[-66.7120693,12.0094006],[-66.5792795,11.9842272],[-66.5330416,11.7589664],[-66.7950443,11.6882731],[-66.9889051,11.7871669],[-66.9926424,11.8921976],[-66.7120693,12.0094006]]],[[[-66.0742034,11.7396914],[-66.1494845,11.7148761],[-66.2487436,11.78349],[-66.1818177,11.8690905],[-66.0519358,11.901598],[-66.0742034,11.7396914]]],[[[-65.2437133,10.8450446],[-65.4628778,10.8870653],[-65.4834281,10.9856433],[-65.3988598,11.0506884],[-65.1792093,10.9913915],[-65.1533761,10.8840034],[-65.2437133,10.8450446]]],[[[-63.6970445,11.2579248],[-63.6995816,11.1401307],[-63.8183019,11.1923505],[-63.7793229,11.3106471],[-63.6970445,11.2579248]]],[[[-64.5604575,11.7588723],[-64.6930884,11.8014616],[-64.6467496,11.9438127],[-64.5147451,11.8859331],[-64.5604575,11.7588723]]],[[[-64.3703465,11.6693581],[-64.4565391,11.6848221],[-64.4699384,11.8725946],[-64.3403371,11.767649],[-64.3703465,11.6693581]]],[[[-70.9546296,12.5363224],[-70.8662986,12.5105521],[-70.8946464,12.4335291],[-70.9726916,12.4671826],[-70.9546296,12.5363224]]],[[[-70.8511466,12.3334961],[-70.9509088,12.32994],[-70.9082033,12.4166099],[-70.8087732,12.4173819],[-70.8511466,12.3334961]]],[[[-76.9535584,25.2528593],[-76.8849667,25.361147],[-76.9394382,25.4814341],[-76.8887701,25.563599],[-76.6237459,25.5985419],[-76.5707887,25.4758778],[-76.3415362,25.3916243],[-76.0766284,25.1721707],[-76.1163005,24.5695879],[-76.3701923,24.7567102],[-76.442597,24.9432292],[-76.3761887,24.9760256],[-76.3031966,24.8976795],[-76.2535158,24.841704],[-76.2047725,25.0906707],[-76.3935383,25.2802656],[-76.7027483,25.3972796],[-76.9365492,25.1660291],[-77.2579786,24.9706987],[-77.4428795,24.9067424],[-77.6003265,24.9931976],[-77.5164761,25.1084419],[-77.1977394,25.1461095],[-76.9535584,25.2528593]]],[[[-79.00487,20.7935507],[-79.4794871,21.072457],[-79.4964831,21.1518769],[-79.2736322,21.2274113],[-79.2395853,21.169641],[-79.2903147,21.1033646],[-78.8447481,20.829363],[-78.7395299,20.8484766],[-78.6825438,20.794592],[-78.6091029,20.8910594],[-78.6042551,20.7016149],[-78.4712479,20.8062044],[-78.4332522,20.6440029],[-78.299049,20.5512596],[-78.3130871,20.4864385],[-78.733527,20.6108164],[-79.00487,20.7935507]]],[[[-82.4899318,21.7702235],[-82.2394894,21.6290541],[-82.072163,21.7886728],[-81.8139066,21.7497123],[-81.745279,21.6816604],[-81.5414252,21.677455],[-81.3655728,21.7508808],[-81.3094713,21.6960714],[-81.5016995,21.5469745],[-81.6505184,21.5280997],[-81.8303156,21.5985188],[-82.1546368,21.4898138],[-82.4981674,21.5306317],[-82.6697417,21.4525481],[-82.879198,21.3884936],[-83.105713,21.4283262],[-83.2420122,21.6439561],[-83.1825625,21.6803365],[-83.0336897,21.6162995],[-83.1303156,21.7484512],[-83.2217279,21.7325386],[-83.264519,21.8848259],[-83.1971202,21.9011085],[-83.1364466,21.8033012],[-83.0079901,21.9853538],[-82.7703704,21.9608881],[-82.9730835,22.0454565],[-82.9227778,22.1582179],[-82.6045628,22.0125721],[-82.5578368,21.8130891],[-82.4899318,21.7702235]]],[[[-71.8313124,19.7637235],[-71.9231683,19.8702002],[-71.8270132,19.9475928],[-71.7164173,19.8853796],[-71.5606731,19.9686419],[-71.2452015,19.9028577],[-70.9859554,19.9866935],[-70.6082459,19.8176168],[-70.419826,19.8277901],[-70.254179,19.696556],[-69.9189984,19.7237151],[-69.8336197,19.6431303],[-69.8017225,19.4047862],[-69.7170151,19.3341718],[-69.1980207,19.4086289],[-69.102253,19.2510646],[-69.1872898,19.1403754],[-69.3687606,19.137703],[-69.338219,19.1092935],[-68.756099,19.0241429],[-68.2777202,18.6480755],[-68.4033321,18.33364],[-68.5811508,18.2586672],[-68.5157948,18.1228704],[-68.5747514,18.0618934],[-68.7723865,18.0907546],[-68.8280389,18.2589373],[-68.9324868,18.3481386],[-69.0080118,18.2902446],[-69.2358773,18.3907825],[-69.6376787,18.3482418],[-69.8506546,18.4150061],[-69.977475,18.3749135],[-70.1402814,18.1847604],[-70.5227518,18.1421877],[-70.6196732,18.182498],[-70.6456541,18.370733],[-70.9224788,18.19835],[-71.0469857,18.2582221],[-71.009108,18.112132],[-71.3565944,17.5955646],[-71.5718402,17.5023485],[-71.60244,17.5754654],[-71.533843,17.6676144],[-71.73754,17.748156],[-71.7160958,17.9391188],[-71.843237,18.0334173],[-71.7963416,18.2847788],[-72.0071418,18.6358358],[-71.84784,18.8250674],[-71.8533332,18.8945939],[-72.0085151,18.947207],[-72.4987807,19.3422463],[-72.2859206,19.4704778],[-71.8670668,19.3344714],[-71.6976358,19.3597372],[-71.7348863,19.6626338],[-71.8313124,19.7637235]]],[[[-58.5047615,4.2673277],[-58.6717994,4.2553453],[-58.9450843,3.9950962],[-59.1112525,4.1827581],[-59.4765479,4.1724858],[-59.4944007,4.520298],[-59.6562769,4.3741401],[-59.7950268,4.4655405],[-60.1562307,4.5128618],[-60.0252349,4.706496],[-59.9703392,5.0634393],[-60.2096192,5.2695808],[-60.4396534,5.1791232],[-60.7319719,5.2120342],[-60.6742931,5.1895303],[-60.5897927,4.930135],[-60.7498241,4.754543],[-60.9031499,4.7152704],[-60.9978426,4.5161689],[-61.1455652,4.4801521],[-61.3235378,4.5339446],[-61.2775111,4.4675668],[-61.5137708,4.4065743],[-61.5577698,4.2524558],[-61.7286372,4.2673919],[-61.9329572,4.1176544],[-61.9820523,4.1806816],[-62.1449268,4.0748808],[-62.437352,4.1836349],[-62.5526548,4.1091148],[-62.556442,4.0165543],[-62.7478981,4.0353263],[-62.7889037,3.893306],[-62.736783,3.6882128],[-62.8398228,3.7355562],[-62.9565311,3.6121497],[-63.0762434,3.6878273],[-63.093431,3.78355],[-63.2288504,3.8320551],[-63.2078648,3.944213],[-63.2539022,3.965748],[-63.429265,3.9758732],[-63.4165406,3.9024258],[-63.498981,3.8407473],[-63.6791182,4.0200326],[-63.6818004,3.9084842],[-63.8474536,3.9518017],[-63.9662004,3.8714694],[-64.1369176,4.1079163],[-64.2961121,4.1626407],[-64.6302939,4.1148614],[-64.7897673,4.2917533],[-64.8261917,4.2059874],[-64.7728694,4.0537446],[-64.2431116,3.6594222],[-64.1178632,3.4690326],[-64.1173267,3.2783154],[-64.2303658,3.1372594],[-64.1276157,2.9852881],[-63.9819181,2.7258336],[-64.0615046,2.5043747],[-64.0232778,2.4646939],[-63.8454795,2.4960249],[-63.4653998,2.4018581],[-63.4147275,2.4541571],[-63.360461,2.2691133],[-63.4354448,2.1240053],[-63.5644806,2.1355415],[-63.6648059,2.0184704],[-63.9727074,1.9920829],[-64.0579534,1.9288627],[-64.0735102,1.6488267],[-64.3136001,1.4561433],[-64.337579,1.3614684],[-64.4101596,1.4030413],[-64.3477285,1.4950385],[-64.3938732,1.5290531],[-64.7431827,1.2270597],[-64.8004049,1.3153631],[-64.9616915,1.2154752],[-65.0136888,1.1088418],[-65.1061392,1.1557606],[-65.1974845,0.9132857],[-65.33005,0.9345153],[-65.4118359,0.8241179],[-65.3921914,0.7567365],[-65.5453992,0.6473964],[-65.6062424,0.7069158],[-65.4960787,0.8740444],[-65.5584777,0.9921532],[-65.7433248,1.0009173],[-66.077528,0.7610276],[-66.3103513,0.7449223],[-66.8958862,1.2652986],[-66.9808939,1.6659459],[-67.1326159,1.9908098],[-67.1146325,2.1029994],[-67.2172619,2.2660644],[-67.1897184,2.3943769],[-67.5755863,2.691103],[-67.6265909,2.8134211],[-67.7510278,2.8421015],[-67.8559309,2.7897533],[-67.8386193,2.8861299],[-67.3094527,3.3839289],[-67.4998287,3.7179137],[-67.6317586,3.7618645],[-67.7862194,4.1729764],[-67.7930924,4.4289814],[-67.8750512,4.5326443],[-67.7930924,5.0633355],[-67.8345886,5.3393135],[-67.6170308,5.5416009],[-67.625144,5.7845059],[-67.422469,5.9782409],[-67.4911987,6.1144858],[-67.4499609,6.1979432],[-67.8271989,6.3134142],[-67.9779907,6.2178386],[-68.6353149,6.1358798],[-69.0611287,6.2178386],[-69.2461045,6.0806636],[-69.3313964,6.1563695],[-69.4436377,6.1222372],[-70.129203,6.9725471],[-70.3190623,6.9382856],[-70.7033024,7.0999295],[-71.1840482,6.9625735],[-71.292517,7.0257738],[-71.620404,7.0521288],[-71.8481937,6.9838642],[-71.9938179,7.0128547],[-72.098256,7.086752],[-72.206208,7.3818761],[-72.4146191,7.4138122],[-72.4786979,7.4844538],[-72.4912036,7.9375011],[-72.3357609,8.1038992],[-72.3935351,8.3553826],[-72.6754301,8.6515144],[-72.7910302,9.1139409],[-72.9553096,9.1039932],[-73.0097249,9.2953769],[-73.2122448,9.1734464],[-73.3911486,9.1727746],[-72.9855403,9.8121671],[-72.9148986,10.4329044],[-72.6829748,10.8556176],[-72.4991398,11.1206057],[-72.2670829,11.1549016],[-71.990614,11.6490575],[-71.2655061,11.8460004],[-71.4164646,11.6734417],[-71.9160726,11.5125322],[-71.8483753,11.2779102],[-71.6938517,11.1019617],[-71.501316,11.0078405],[-71.2719107,11.0328808],[-70.8619373,11.2436537],[-70.2268747,11.4075489],[-70.1777643,11.5164871],[-70.2882285,11.6110985],[-70.3469918,11.9058037],[-70.2479069,12.1380653],[-69.9940478,12.2513642],[-69.8817216,12.2001841],[-69.7799246,12.0415423],[-69.7331824,11.7740963],[-69.6026219,11.5180757],[-69.2692105,11.5888819],[-69.0321524,11.4944387],[-68.8435733,11.5014771],[-68.3680115,11.2313539],[-68.1582062,10.9035712],[-68.145473,10.7608554],[-68.2337302,10.6773148],[-68.1532207,10.5699626],[-67.8944221,10.5286802],[-67.0153496,10.6692174],[-66.233914,10.7031685],[-66.0100709,10.6171585],[-66.0405072,10.500923],[-65.7892614,10.3204033],[-65.0642217,10.1177159],[-64.9739272,10.2216505],[-64.768444,10.1577633],[-64.8187789,10.2499236],[-64.7833359,10.3587674],[-64.6005136,10.3495619],[-64.2689802,10.4657299],[-64.3491133,10.618969],[-64.2872907,10.7110808],[-64.0190041,10.6974479],[-64.0487098,10.8091444],[-64.2482861,10.7563135],[-64.2791055,10.8294133],[-64.2200389,10.8823392],[-64.4282206,10.9225784],[-64.4596932,10.9902183],[-64.4112302,11.0876537],[-64.2210204,11.1406475],[-64.0721005,11.0386524],[-63.8910872,11.2332673],[-63.7266577,11.0026059],[-63.8729645,10.8337448],[-63.8365261,10.7595784],[-63.6288039,10.6904842],[-62.7142022,10.8186432],[-62.1740625,10.747066],[-61.8551554,10.8048462],[-61.7897156,10.747595],[-61.3701664,10.8668432],[-60.8942463,10.8816427],[-60.8585937,10.805486],[-60.9839177,10.6562581],[-60.9887864,10.4747545],[-60.9131957,10.3471972],[-60.9327514,10.1228372],[-61.1527994,10.0285409],[-61.9061443,9.9905125],[-62.0555329,10.0432797],[-62.040809,10.1226871],[-61.9689444,10.1027097],[-61.658348,10.2956856],[-61.5219762,10.3049377],[-61.5721641,10.6175885],[-62.2230298,10.5785223],[-62.3309512,10.4812209],[-62.7120546,10.5025836],[-62.6080119,10.376452],[-62.6163421,10.2853914],[-62.4852565,10.2433034],[-62.3631093,10.0559686],[-62.222708,10.1053497],[-61.8518419,9.8780657],[-61.7217286,9.8708465],[-61.6731489,9.954072],[-61.5206129,9.9204126],[-61.1790053,9.6498126],[-60.835934,9.5073075],[-60.6325532,9.1534582],[-60.6421178,8.8902655],[-60.5612949,8.873064],[-60.6007148,8.733079],[-60.5216261,8.671864],[-60.5604295,8.5969411],[-60.2925874,8.6903089],[-59.9893401,8.6201219],[-59.8364395,8.4462797],[-59.7359679,8.4500222],[-59.1407345,8.1078594],[-58.7828034,7.7569787],[-58.7533221,7.7069359],[-59.1091933,7.468689],[-59.2602553,6.7791724],[-59.0061964,6.6468765],[-58.8070692,6.4149322],[-58.6795955,6.3762068],[-58.6075305,6.4243447],[-58.5749819,5.9106047],[-58.6257077,5.5249652],[-58.6830426,5.4344004],[-58.8635874,5.4024859],[-58.9071036,5.3271576],[-58.821745,5.1468109],[-58.8854313,4.9880463],[-58.8211822,4.7970356],[-58.4560585,4.4572277],[-58.5047615,4.2673277]]],[[[-65.6180504,18.1541805],[-65.8512265,17.9383398],[-66.5384926,17.8283441],[-66.6142384,17.9116585],[-67.2204047,17.8862778],[-67.2710048,17.9832553],[-67.2235978,18.2046971],[-67.3219335,18.3823586],[-67.0882389,18.5713373],[-65.5856144,18.4465168],[-65.4633323,18.3969482],[-65.4535474,18.2677893],[-65.6180504,18.1541805]]],[[[-85.9912778,32.3841656],[-84.4352437,33.669574],[-84.3351679,33.5978122],[-84.3601779,33.5217407],[-84.1402339,32.9352619],[-83.9284605,32.6818769],[-83.9434225,32.4576639],[-83.8349313,32.3764737],[-83.6724864,32.0634767],[-83.4541606,31.9805441],[-83.3626654,31.7710953],[-83.2234323,31.7263547],[-82.8748705,31.7812913],[-82.5633594,31.9575934],[-82.2864224,31.9424494],[-81.9536422,31.7893144],[-81.4093241,31.2918343],[-81.1837192,31.294289],[-81.3453092,31.0593679],[-81.3048352,30.9707799],[-81.4004852,30.7664319],[-81.3473082,30.7142179],[-81.3802812,30.5632308],[-81.2551371,30.0002507],[-80.921022,29.1712555],[-80.5191439,28.5987914],[-80.4686078,28.4630834],[-80.5440019,28.2710973],[-80.4997758,28.0772383],[-79.9743086,26.79242],[-80.0955226,25.4710346],[-80.4533677,24.9637025],[-81.0476509,24.6402444],[-81.514618,24.5647614],[-81.539927,24.4860383],[-81.6600811,24.4413493],[-81.7923651,24.4956173],[-81.8135251,24.4176433],[-81.9348141,24.3969233],[-82.0671742,24.5237193],[-82.2042232,24.5143043],[-82.167294,24.6403126],[-82.0520969,24.6062954],[-81.8670526,24.6603488],[-81.4566285,24.8694918],[-81.2257801,24.876398],[-81.0641442,24.7896727],[-80.8971666,24.8609597],[-80.9780182,24.8722444],[-81.1903175,25.1337367],[-81.1970173,25.3594724],[-81.3421101,25.6370359],[-81.5836787,25.8059317],[-81.7220568,25.7965667],[-81.9189079,26.3523309],[-82.2212098,26.4415596],[-82.3341118,26.7856229],[-82.7941225,27.5091404],[-82.7942029,27.6999404],[-82.9043613,27.8521779],[-82.9076282,28.218717],[-82.7972867,28.2970243],[-82.7248021,28.5928306],[-82.867595,29.0453656],[-83.1238212,29.0469382],[-83.2500431,29.318771],[-83.4471777,29.4717989],[-83.4653265,29.6134063],[-83.6125356,29.702061],[-83.7343929,29.8871511],[-84.1029125,30.0345763],[-84.2482072,29.9945762],[-84.3186121,29.8523586],[-84.5151029,29.8308061],[-84.7406079,29.6525984],[-85.0571854,29.5366259],[-85.2266926,29.6260856],[-85.3815914,29.615915],[-85.4685033,29.7816462],[-85.4482528,29.9020634],[-85.9402905,30.1890823],[-86.2633872,30.3024834],[-86.715426,30.3440849],[-87.5183294,30.2289647],[-87.4501122,30.3110912],[-87.505014,30.3238859],[-87.3667415,30.4385097],[-87.4499258,30.5146959],[-87.4066988,30.6748049],[-87.6349428,30.865893],[-87.5959683,31.0317549],[-85.9912778,32.3841656]]],[[[127.4771328,0.6125596],[127.432033,0.5280267],[127.4884712,0.3084519],[127.3852495,0.2227862],[127.2995466,0.3086529],[127.3635603,0.5198547],[127.2505321,0.7523794],[127.2542643,0.9178576],[127.3504262,0.9501041],[127.5058455,0.742509],[127.5589875,0.8123737],[127.4564108,0.8450033],[127.4549229,0.9598635],[127.3536867,1.023038],[127.3510813,1.2110043],[127.482689,1.4726947],[127.4325379,1.6952343],[127.7475533,2.0660694],[127.6724314,2.2034405],[127.7859527,2.3466724],[127.870969,2.2697936],[127.8236908,2.1502653],[127.9505597,2.2726111],[128.1143042,2.2112998],[127.8986848,1.8670192],[128.1170508,1.7549553],[128.0670481,1.3276891],[128.4238321,1.5907399],[128.6709804,1.6439224],[128.7755438,1.5799349],[128.7364473,1.4810766],[128.8026549,1.3321802],[128.74666,1.056535],[128.3695024,0.8631548],[128.4037696,0.7952595],[128.3510135,0.7312859],[128.4736378,0.6659435],[128.4876259,0.7498971],[128.5802083,0.7702233],[128.5850381,0.6507371],[128.6701589,0.6713542],[128.724732,0.5632041],[128.7252638,0.3786842],[128.8837057,0.3218653],[129.0220048,0.1488493],[128.9652208,0.1211631],[128.3445075,0.3556948],[127.9580111,0.4202019],[127.9364275,0.0638816],[128.2536477,-0.6706253],[128.5125586,-0.9013645],[128.4428567,-0.9626206],[128.5012733,-1.1437259],[128.4296957,-1.2066642],[128.1430563,-1.0713313],[128.1534468,-0.9950704],[128.2747986,-0.9978439],[128.2615211,-0.9175585],[128.1838968,-0.8616912],[128.0455527,-0.879785],[128.0888674,-0.775223],[127.9634279,-0.6941911],[127.8003197,-0.3896952],[127.6608385,-0.5829277],[127.9383651,-0.7312467],[127.9453447,-0.8055612],[127.855463,-0.8889978],[127.684627,-0.91014],[127.6108128,-0.8090156],[127.4371324,-0.8547826],[127.390716,-0.7038983],[127.3419896,-0.7107575],[127.3799254,-0.777051],[127.3365119,-0.8335436],[127.1181673,-0.7848208],[127.1494458,-0.6411355],[127.070631,-0.5130798],[127.0727754,-0.3502595],[126.9734821,-0.2563245],[127.1507906,-0.1273395],[127.1203684,-0.0028948],[127.2027689,0.0827202],[127.1089682,0.0691245],[127.0843397,0.1914026],[127.1768982,0.2139207],[127.2687808,0.152086],[127.2352409,0.0888292],[127.3154365,-0.1220732],[127.1869322,-0.2025055],[127.3303222,-0.175839],[127.3521635,-0.2695985],[127.4529953,-0.3030501],[127.5593597,-0.2488771],[127.6877023,-0.3629596],[127.6134357,-0.1849139],[127.6818041,0.2975774],[127.5452608,0.3625369],[127.4771328,0.6125596]]],[[[123.2679321,8.5675934],[123.3767467,8.7737186],[123.7091883,8.6867083],[123.8560901,8.5151719],[123.917938,8.2049313],[124.1935853,8.2682491],[124.2713822,8.564431],[124.4297634,8.6730137],[124.691248,8.5329637],[124.7639502,9.0339712],[124.5997191,9.135981],[124.6239977,9.2814575],[124.7624581,9.2949358],[124.842373,9.199437],[124.8186669,9.0570899],[124.9080714,9.0598428],[125.10405,8.890433],[125.1885067,9.1370167],[125.3020549,9.0400438],[125.4745641,9.0779066],[125.3433334,9.6506006],[125.4281018,9.87059],[125.3968321,9.9325073],[125.4511568,9.9669799],[125.4155492,10.1774867],[125.4800707,10.3571402],[125.4318365,10.4932878],[125.5572505,10.4350876],[125.6063309,10.5124591],[125.6843555,10.5010775],[125.7429361,10.0781837],[125.7827224,9.7692173],[125.7140055,9.6525605],[125.8109613,9.6010124],[125.9176727,9.8107524],[125.7655717,9.9011166],[125.7817684,9.9766324],[125.8515433,9.951811],[126.0799679,10.1151492],[126.217724,9.8299064],[126.2141511,9.7201811],[126.1297266,9.6624973],[126.2119668,9.6802921],[126.2167733,9.5909336],[126.1208059,9.5558088],[126.0472073,9.6527161],[125.9816908,9.5214102],[126.1030542,9.4074642],[126.0644455,9.3018105],[126.1749813,9.3600087],[126.2520563,9.3193896],[126.2301389,9.1674779],[126.3794174,8.827332],[126.271463,8.6580013],[126.1477009,8.6285192],[126.4296375,8.5660993],[126.4374409,8.3474381],[126.5078201,8.2508348],[126.4906602,7.9733798],[126.417656,7.890806],[126.6125451,7.7284033],[126.6478958,7.2833948],[126.4705037,6.9553921],[126.3574447,6.9413516],[126.0255418,7.4128582],[125.7440172,7.6021092],[125.0134264,7.762703],[124.46411,8.048353],[124.2467877,8.0745266],[124.1990658,8.1503214],[124.1963192,7.8950097],[124.0816494,7.8422957],[124.105682,8.0255753],[124.053497,8.0871034],[123.5920702,8.114976],[123.2679321,8.5675934]]],[[[123.915982,11.2514586],[124.0977245,11.3924559],[124.1687738,11.3478275],[124.0602366,11.1008286],[124.1067385,10.8908713],[124.0528169,10.41826],[124.1205355,10.2940483],[124.1764783,10.3381361],[124.2370942,10.2543713],[124.4552564,10.3009815],[124.5328523,10.2417402],[124.6044694,10.3128148],[124.6635857,10.287911],[124.6079185,10.2164149],[124.6943893,10.1222592],[124.5997286,10.0368312],[124.642322,9.7756249],[124.5960479,9.6964621],[124.2729406,9.5547878],[123.8944531,9.5708098],[123.6548545,9.4763705],[123.6671341,9.6133192],[123.787321,9.6852733],[123.7117661,9.9164793],[123.9959571,10.1823855],[123.8042677,10.1876178],[123.6801427,10.0361164],[123.4936616,9.5197923],[123.3489284,9.3752543],[123.2762927,9.1245559],[123.3127309,9.0511997],[122.9931356,8.9933457],[122.8879118,9.0661469],[122.8199926,9.2909698],[122.5754922,9.391146],[122.3342156,9.6897082],[122.3276978,9.8662185],[122.4212389,10.0118665],[122.6434132,10.0266561],[122.8034514,10.1280633],[122.7713696,10.4382753],[122.5513662,10.3503578],[122.4670022,10.3686215],[122.4234795,10.4705354],[122.4771098,10.64209],[122.2248822,10.5910305],[121.9905309,10.3859225],[121.8652367,10.4252929],[121.9245306,10.6481448],[121.8724581,10.7720001],[121.9987211,11.0391401],[121.9740816,11.3104724],[122.0531423,11.6823429],[121.7928072,11.7753469],[121.9192573,12.1489165],[121.8717714,12.3226321],[121.9531171,12.4654455],[121.9486695,12.6090229],[122.0737963,12.7258237],[122.2685616,12.7143636],[122.3770785,12.5085583],[122.2554709,12.4414847],[122.1797743,12.5918304],[122.115355,12.1667076],[121.9834737,11.9946774],[122.0718294,11.9088657],[122.4059352,11.7804395],[122.599868,11.6064957],[122.8554806,11.6941819],[122.9749531,11.5379875],[123.1336742,11.6440894],[123.3877938,11.672075],[123.3982179,11.5462555],[123.2841106,11.5328881],[123.327971,11.4401442],[123.2110844,11.3580278],[123.2661667,11.2369307],[123.2045701,11.0930085],[123.3265792,11.0073496],[123.5542655,11.0179359],[123.7067257,11.3444057],[123.840349,11.2678752],[123.8442887,11.3720464],[123.9206751,11.3997232],[123.915982,11.2514586]]],[[[124.1610067,12.5249508],[124.2208216,12.5049558],[124.3394238,12.7474396],[124.4528254,12.7546702],[124.4883411,12.6500053],[124.6204774,12.5687582],[124.7474605,12.5709778],[124.8133633,12.6688387],[124.9239086,12.6218584],[125.0644192,12.7316954],[125.3248963,12.5043912],[125.3628677,12.362149],[125.5514138,12.2370173],[125.611156,12.1239368],[125.60235,11.9865565],[125.5131606,11.9804753],[125.4865763,11.9110459],[125.5287759,11.5545285],[125.6777606,11.3864902],[125.6396153,11.2700085],[125.8953323,10.9134796],[125.8097555,10.876886],[125.7083548,10.9775965],[125.617974,10.9306206],[125.5962373,11.0528972],[125.2007009,11.0508069],[125.1187211,11.2203991],[125.0782443,11.2030338],[125.054306,10.7948364],[125.2232013,10.6194581],[125.3099786,10.3740846],[125.2925484,10.2260729],[125.1836069,10.2025693],[125.3271448,10.0145567],[125.3100728,9.8650221],[125.2266305,9.8765262],[125.0754965,10.0859786],[125.1256027,9.9119679],[125.0487449,9.856109],[125.0095491,9.9617509],[124.7239305,10.1316937],[124.7376037,10.3085168],[124.6664186,10.4007738],[124.7457174,10.691925],[124.5962577,10.9412632],[124.6181717,10.794792],[124.5461648,10.6285542],[124.3098653,10.5407828],[124.2272972,10.5799004],[124.280675,10.7676188],[124.3844667,10.7482232],[124.4843276,10.8228661],[124.3337273,10.9246154],[124.3305425,11.2551985],[124.206935,11.57599],[124.3196228,11.613973],[124.2317658,11.9333731],[124.3078381,12.0137238],[124.4734558,12.0159153],[124.4987862,11.8555919],[124.326653,11.8670006],[124.3882404,11.8330936],[124.3841397,11.748029],[124.5688995,11.7094925],[124.6677279,11.542171],[124.5996601,11.3685122],[124.6734792,11.3511102],[124.7814794,11.4780209],[124.5658135,11.909287],[124.6147507,12.0017381],[124.4775002,12.0430147],[124.2209176,12.3506434],[124.1261834,12.3637294],[124.1576478,12.2416712],[124.05384,12.2175563],[123.9564272,12.3970832],[124.0836757,12.474537],[123.8450243,12.6214793],[123.7951758,12.7775623],[123.4126607,12.990917],[123.2738107,12.9814756],[123.2270919,13.0544875],[123.2663056,13.2090421],[123.1458766,13.3962472],[122.8783028,13.5228455],[122.740283,13.6453057],[122.770778,13.7151604],[122.583404,13.8497877],[122.5487143,13.6617101],[122.7773928,13.356462],[122.7445314,13.1941136],[122.6146917,13.1236951],[122.4696733,13.2104364],[122.352815,13.4962769],[122.227491,13.5461591],[122.1849153,13.3411435],[122.0595794,13.1680097],[121.7769234,13.1841289],[121.8085091,13.5982734],[122.1681407,13.5776506],[122.0726566,13.729532],[121.832644,13.8498143],[121.6760138,13.8737355],[121.5144667,13.8056707],[121.5029519,13.6476556],[121.3025121,13.5512943],[121.1445485,13.5857478],[121.1393981,13.5186275],[121.2171362,13.5248478],[121.6066622,13.1218551],[121.5303476,12.8893492],[121.6051712,12.6047559],[121.4705228,12.4375435],[121.5125918,12.3851851],[121.4343114,12.2529343],[121.479515,12.0157456],[121.4007024,11.940664],[121.2953209,12.0691438],[121.3127511,12.1672195],[121.3791342,12.1838431],[121.3260285,12.242463],[121.2558202,12.1716599],[121.1672245,12.2021963],[121.1361898,12.109462],[120.9659196,12.176853],[121.0070575,12.3304446],[120.8856535,12.4747802],[120.8646352,12.6163764],[120.7455778,12.7213819],[120.6380457,13.1225088],[120.4867165,13.186803],[120.4171205,13.3384085],[120.256666,13.4209813],[120.2827828,13.5141664],[120.3984924,13.58054],[120.0747292,13.7470561],[119.9694084,13.882354],[120.0070797,13.9464006],[120.2374364,13.8617595],[120.3768533,13.907742],[120.3376876,13.739183],[120.453833,13.6814482],[120.4391743,13.5803118],[120.4907843,13.5562435],[120.7536473,13.5194512],[121.002088,13.5985713],[120.7963896,13.6352965],[120.8601823,13.8535586],[120.7675424,13.8764577],[120.6666784,13.7234543],[120.597191,13.7572956],[120.5162154,14.1489848],[120.5915329,14.3053061],[120.3603738,14.4210486],[120.3335998,14.5766565],[120.0294066,14.7735409],[119.9580748,15.2584804],[119.8439895,15.4289512],[119.8674393,15.6661767],[119.7313796,15.7814418],[119.7522478,15.8494717],[119.8495681,15.8571589],[119.7327798,15.8850652],[119.7011672,15.9683513],[119.7314912,16.3321744],[119.9105602,16.4880312],[120.0596271,16.3339925],[120.1596182,16.0858476],[120.3700226,16.1819302],[120.2873253,16.2868006],[120.2231356,16.6362617],[120.3953707,17.0083567],[120.3549715,17.2215485],[120.4018972,17.4090808],[120.2856203,17.581918],[120.3843892,17.85514],[120.3577119,17.9338345],[120.4229551,17.978717],[120.4222566,18.1075223],[120.5464659,18.3462568],[120.5115205,18.5103863],[120.6150585,18.5967175],[120.7319704,18.5825096],[120.7428353,18.6595827],[120.8327251,18.6962598],[120.930905,18.6223703],[121.1600446,18.6816139],[121.5745906,18.439516],[121.9247014,18.3216797],[122.0718116,18.4229107],[122.0756142,18.6088319],[122.1688351,18.6341289],[122.2871051,18.5317151],[122.3894381,18.3013147],[122.2259415,18.0813419],[122.2246585,17.5720822],[122.2998891,17.4070001],[122.4492249,17.3605665],[122.4674782,17.1743939],[122.5473397,17.1811397],[122.5747146,17.0888792],[122.2808762,16.4621181],[122.2335427,16.2018178],[122.0272207,15.996642],[121.8983016,16.0811216],[121.6004217,15.8787274],[121.6824304,15.7523347],[121.660109,15.6314602],[121.4260718,15.3074341],[121.7758142,14.7181675],[121.6610305,14.620635],[121.7030688,14.4390479],[121.7746142,14.3395387],[121.8737849,14.3433493],[122.0965313,14.1620741],[122.2318112,14.2946648],[122.3130732,14.2743039],[122.4635082,14.3880513],[122.7644461,14.3771528],[122.7975207,14.5175273],[122.9722103,14.5472827],[123.070688,14.4023845],[122.9527317,14.3273505],[122.8524994,14.4356476],[122.8325991,14.3340192],[123.1357949,14.1329141],[123.1618058,14.0493592],[123.2982587,14.1774344],[123.4568035,14.0230143],[123.6484479,14.0369216],[123.7551019,13.9773066],[123.860043,14.0269353],[123.9181482,13.9691122],[123.9077399,13.8568937],[124.0181344,13.8244125],[124.0436777,13.7412499],[124.0890939,13.9334672],[123.9796822,13.9763829],[123.9651383,14.0443803],[124.2481606,14.1342458],[124.4619714,13.8898043],[124.4595628,13.653152],[124.3735748,13.5180988],[124.2688062,13.5462858],[124.1714193,13.4755228],[123.9412351,13.680376],[123.5887328,13.6438029],[123.7502441,13.4537777],[124.2625842,13.225924],[124.2096151,13.1225887],[123.9281975,13.1861724],[124.0703427,13.0912054],[124.1407728,13.1265386],[124.2449914,13.0745218],[124.1610067,12.5249508]]],[[[118.6996882,9.5211239],[118.3692726,9.7209393],[118.7625497,10.2145851],[118.8881766,10.2556662],[118.9553727,10.4841428],[119.0804665,10.6197808],[119.2621019,10.5998485],[119.2564528,10.724264],[119.1594039,10.8586876],[119.251785,11.0664399],[119.1868697,11.1310002],[119.2164223,11.2528278],[119.3579813,11.3268999],[119.4779736,11.4920597],[119.610656,11.3369397],[119.581122,11.4316425],[119.6345895,11.5469718],[119.7597167,11.5368661],[119.8797929,11.6533498],[119.7320663,12.0525073],[119.792477,12.1051439],[119.8184861,12.3558088],[119.9138912,12.432136],[119.995049,12.3170704],[120.2642878,12.2545855],[120.3541293,12.1382334],[120.4084658,12.0402372],[120.3199948,11.9053395],[120.3529451,11.8071602],[120.1334523,11.6081812],[120.0248239,11.6272591],[119.8625558,11.3497876],[119.7657443,11.3479313],[119.7316608,11.1954463],[119.802395,11.1309681],[119.7883134,10.9983138],[119.7406911,10.8950047],[119.654603,10.9297927],[119.7520327,10.7310247],[119.7011425,10.6206266],[119.8541531,10.700673],[120.1118525,10.5949314],[120.1318452,10.527264],[119.8356832,10.4010141],[119.7157769,10.4559882],[119.5923757,10.330791],[119.4799908,10.3220829],[119.521051,10.2259986],[119.2967492,10.189729],[119.2141204,10.0076607],[118.8247612,9.8267377],[118.8132767,9.6662382],[118.6996882,9.5211239]]],[[[-85.0002089,14.7244658],[-85.0503224,14.6539115],[-84.9635509,14.4938701],[-84.9951573,14.4000768],[-84.9410387,14.3343819],[-84.8281307,14.3343748],[-84.8731155,13.9806069],[-85.0674999,13.7373565],[-85.1649369,13.7889983],[-85.3754781,13.7005609],[-85.4347099,13.6283407],[-85.3939011,13.5289175],[-85.5101279,13.361166],[-85.2716913,13.1474792],[-85.0730133,13.1745968],[-85.0948806,13.0619311],[-85.2031998,12.9789152],[-85.188037,12.8145624],[-85.007104,12.7338686],[-84.8384348,12.4808581],[-84.874214,12.412354],[-84.7751887,12.2775775],[-84.7264976,12.00191],[-84.5250725,11.8730944],[-84.6068531,11.8664953],[-84.5238144,11.6127794],[-84.5628914,11.485314],[-84.4369401,11.4007452],[-84.5318688,11.0480151],[-84.4505958,10.9609837],[-84.3588061,10.99574],[-84.2022512,10.7816028],[-84.0239578,10.7924203],[-83.9313228,10.7074555],[-83.6693376,10.7983056],[-83.6944056,10.9730549],[-83.6474994,10.9792799],[-83.4016803,10.4641802],[-83.1064228,10.084474],[-82.9941562,10.0415428],[-82.7596668,9.7158254],[-82.5303694,9.6111657],[-82.8781142,8.6706346],[-82.9256693,7.9873676],[-82.9867197,8.1701578],[-83.1868827,8.3441367],[-83.1620411,8.4689768],[-83.2300569,8.5837905],[-83.2830846,8.5921745],[-83.2249732,8.4270285],[-83.298864,8.3277892],[-83.5815818,8.393838],[-83.7570548,8.5438122],[-83.6963737,9.0303668],[-83.9571769,9.2575795],[-84.6524405,9.5453643],[-84.783381,9.9276082],[-84.8661333,9.8956489],[-84.7788017,9.7966562],[-85.1068016,9.5040241],[-85.3372578,9.7674938],[-85.7078147,9.874293],[-85.9232826,10.3546143],[-85.7149675,10.7584605],[-86.0365791,10.8580985],[-85.901954,10.9996217],[-85.7928838,10.9897022],[-85.7866722,11.0605381],[-85.9732004,11.2810351],[-86.5523886,11.7424703],[-86.8129678,12.1624452],[-87.7165933,12.8676277],[-87.7214534,12.9881665],[-87.5904153,13.1207275],[-87.4210102,12.9768465],[-87.3706457,13.0044878],[-87.4742075,13.0737183],[-87.563037,13.2631085],[-87.6923853,13.1108615],[-87.8185042,13.1851767],[-87.9010035,13.1033278],[-88.4741421,13.1175683],[-88.8171801,13.1959975],[-89.2901619,13.423926],[-89.8206325,13.475245],[-89.9993872,13.6302227],[-90.4795711,13.8334195],[-91.186311,13.8733419],[-91.5528775,13.991347],[-92.260952,14.4872286],[-93.2345093,15.4429772],[-93.6387005,15.7608896],[-93.8684824,15.9111343],[-94.4994125,16.1367113],[-95.1164943,16.1327756],[-95.4049331,15.9369427],[-96.2298219,15.6323953],[-96.5066198,15.6035586],[-96.8584147,15.6825732],[-97.259402,15.8806706],[-97.7943125,15.9296683],[-98.2335898,16.1874195],[-98.5998341,16.2799542],[-98.8005358,16.5030507],[-99.660615,16.6408271],[-100.0132347,16.8647871],[-101.090984,17.2254305],[-101.2336751,17.3824483],[-101.6956324,17.6376557],[-101.8357669,17.8355941],[-101.9897859,17.9237419],[-102.2094432,17.8696586],[-103.3881562,18.2202366],[-103.5576386,18.3158869],[-103.7538204,18.6327522],[-103.9568261,18.7938895],[-104.390708,19.0372298],[-104.9980536,19.2688683],[-105.5416923,19.9636516],[-105.6028032,20.1911822],[-105.7454281,20.3705126],[-105.6305099,20.522177],[-105.299477,20.5987502],[-105.3573173,20.698317],[-105.5074613,20.7118435],[-105.5832741,20.6439309],[-105.6460808,20.7090428],[-105.285596,21.099586],[-105.2514991,21.4588765],[-105.4877991,21.5918211],[-105.6611686,21.9013059],[-105.7334639,22.3536755],[-105.8742735,22.636763],[-106.4762253,23.1461806],[-106.5534939,23.3338601],[-106.8562836,23.6226449],[-107.0094619,23.884023],[-108.0359406,24.6106393],[-108.4836727,25.2190496],[-109.0694611,25.4011192],[-109.2436573,25.5793865],[-109.4391007,25.6085395],[-109.5002221,25.9584775],[-109.317256,26.3256486],[-109.3187293,26.486477],[-109.4403219,26.6208668],[-109.8093787,26.6712501],[-110.0058034,27.0196244],[-110.6448502,27.2828386],[-110.6737026,27.8415627],[-110.7885785,27.8708047],[-110.8948204,27.7910056],[-111.1418143,27.8999407],[-111.322226,28.0502995],[-111.5215924,28.3467066],[-111.7575593,28.4316946],[-111.8174306,28.5735039],[-112.140481,28.9142102],[-112.2809268,28.6626023],[-112.6289124,28.8487147],[-112.5475775,28.9675883],[-112.4371097,29.4634559],[-112.7083386,29.8578363],[-112.7985053,29.8957068],[-112.8100949,30.1775712],[-112.9124885,30.2477824],[-112.9170512,30.3980931],[-113.1457501,30.6879454],[-113.1816719,31.0662868],[-113.137273,31.1478079],[-113.6662095,31.2949955],[-113.6928394,31.4650228],[-113.8905201,31.5493278],[-113.9992931,31.4506686],[-114.1615364,31.4470276],[-114.5793372,31.6870521],[-114.6704336,31.6238015],[-114.8387148,31.8623963],[-114.970379,31.9308945],[-114.9229146,31.9614836],[-114.9881673,32.1124952],[-114.9369908,32.1295052],[-114.9620319,32.2596284],[-114.8164845,32.4442331],[-114.8086734,32.6191632],[-114.7022344,32.7454172],[-114.5502224,32.7107262],[-114.3663133,32.7646042],[-114.2099193,32.6729972],[-114.0976983,32.7361612],[-113.9815713,32.7154662],[-113.1234011,33.0140313],[-113.0429031,33.0917223],[-112.7271,32.9949353],[-112.688434,33.0766533],[-112.7701751,33.2968454],[-112.413555,33.3896804],[-112.300304,33.3859384],[-111.9996139,33.1665624],[-111.4984318,33.0175494],[-111.0759777,33.1186474],[-110.9558997,33.1073064],[-110.7855106,32.9807824],[-110.6346016,33.1420235],[-110.4107306,33.2269685],[-110.1559255,33.1810445],[-109.8942555,32.9402055],[-109.6789194,32.8370985],[-109.4453384,32.9331405],[-109.3664264,32.9764915],[-109.2183363,32.9363005],[-109.1705903,32.7746125],[-109.0476533,32.6867895],[-109.0515922,39.1162407],[-108.8745124,39.2099117],[-108.4604652,39.0581175],[-108.3293159,39.1242015],[-108.228379,39.3167697],[-108.0251319,39.465885],[-107.5403597,39.5698375],[-107.2464759,39.5591188],[-107.070008,39.6442968],[-106.8983466,39.8702232],[-106.6429145,39.8638989],[-106.4396674,40.039707],[-106.130677,40.0565272],[-105.7200629,40.1752014],[-105.6261012,40.1273538],[-105.6957582,39.8394887],[-105.8874052,39.7970037],[-105.9245572,39.7034307],[-105.7826842,39.6290317],[-105.8229362,39.5299387],[-106.0322102,39.3589506],[-106.4039353,39.3798546],[-106.5861683,39.0940565],[-106.5955203,38.9912835],[-106.4650432,38.9103615],[-106.3261102,38.9110115],[-106.4521362,38.6987835],[-106.2453741,38.4391775],[-106.2451301,38.3589865],[-106.3335802,38.2921124],[-106.4989222,38.3159314],[-106.6087362,38.1289994],[-106.7684152,38.0739884],[-106.8299322,37.9589364],[-107.2788673,37.9290773],[-107.5570894,37.7751333],[-107.4581853,37.6304863],[-107.2863413,37.6898293],[-107.2307083,37.5933993],[-107.1478773,37.6354323],[-106.6465611,37.4197003],[-106.6986951,37.3375983],[-106.5930681,37.1809353],[-106.6294641,37.0408882],[-106.6939481,37.0306032],[-106.7000481,36.9406672],[-106.8084281,36.8431152],[-106.9358781,36.8043922],[-106.9955091,36.6590942],[-106.9647281,36.1920921],[-106.524056,35.9997061],[-105.8050368,36.0362771],[-105.7075918,35.9687531],[-105.5032557,35.9670882],[-105.5272457,35.8165091],[-105.2488187,35.6911051],[-104.0794493,34.749564],[-102.4738079,34.5996941],[-101.4182307,34.2875571],[-100.9439495,33.6669],[-100.7775404,33.542405],[-99.5061111,33.6416721],[-98.860103,33.5316221],[-97.7026467,33.7430942],[-97.3507936,33.7275122],[-96.4157334,33.4910112],[-96.0050362,33.0740221],[-95.9866582,32.8731551],[-95.8510352,32.7709981],[-95.6372061,32.7245971],[-95.4748321,32.6061131],[-94.9728539,32.5377281],[-94.8937199,32.454679],[-94.7963199,32.4825541],[-94.7198098,32.408555],[-94.3833708,32.366231],[-94.3085267,32.226974],[-94.2169127,32.213363],[-94.1823317,32.039222],[-93.8984656,31.8941],[-93.7946376,31.7040689],[-93.8207716,31.5582279],[-93.7110525,31.5121669],[-93.7494825,31.4686959],[-93.6392295,31.3720269],[-93.6868875,31.3051729],[-93.5891255,31.1658958],[-93.5317505,31.1808228],[-93.5540635,30.8249468],[-93.7402605,30.5395757],[-93.6978075,30.4405887],[-93.7658305,30.3327517],[-93.7047075,30.2899196],[-93.6997235,30.0581366],[-93.9292155,29.8029575],[-93.8118556,29.5954382],[-94.0335717,29.6250072],[-94.6251988,29.3976672],[-94.6503668,29.2918951],[-95.0864049,29.0682451],[-95.329854,28.828704],[-96.1822492,28.4520409],[-96.6407563,28.1553948],[-97.0502284,27.7503127],[-97.3046764,27.2169336],[-97.3138864,26.9131306],[-97.1252553,26.2482894],[-97.089516,25.8489724],[-97.1477766,25.6113686],[-97.4821011,24.97149],[-97.6224749,24.4787801],[-97.7080452,22.8919862],[-97.7998129,22.4743156],[-97.6433022,21.9772783],[-97.2956292,21.6200808],[-97.2761919,21.4974043],[-97.1687715,21.490667],[-97.2209635,21.4162917],[-97.281053,21.4833473],[-97.3637138,21.2430374],[-97.1271252,20.687623],[-96.4067666,19.8878079],[-96.2515771,19.360263],[-96.0809533,19.2502093],[-96.0432595,19.1209974],[-95.8937563,19.1368066],[-95.8688674,18.9066264],[-95.5831082,18.7765897],[-95.1696484,18.7620924],[-94.9850999,18.6138579],[-94.7899338,18.584573],[-94.5541403,18.2300451],[-94.4723915,18.2025293],[-93.4236247,18.4845887],[-92.9065273,18.4959148],[-92.707918,18.680186],[-91.7821526,18.7239975],[-90.9805454,19.1901363],[-90.7814273,19.3708502],[-90.7903922,19.6796065],[-90.5172895,19.9611144],[-90.5609578,20.4843415],[-90.4234766,20.9756269],[-90.1268522,21.2009676],[-89.6913374,21.3384114],[-88.8416831,21.4559587],[-88.6225736,21.5774165],[-88.1435084,21.6766335],[-87.4692437,21.527169],[-87.107017,21.6581278],[-86.9837845,21.6235686],[-86.859224,21.4878724],[-86.8451219,21.5696649],[-86.7747009,21.5791984],[-86.6571807,21.1829869],[-86.843976,20.8036908],[-87.2303816,20.4174976],[-87.4137961,20.1067728],[-87.3759192,19.9112471],[-87.4228329,19.7467619],[-87.3606955,19.5777746],[-87.4583004,19.3919472],[-87.3929678,19.3051798],[-87.6614471,18.6876803],[-87.7811051,18.1042503],[-88.0126476,17.6332023],[-88.0327608,17.174251],[-87.9711784,17.0016684],[-88.0387098,16.775386],[-88.1268314,16.7506332],[-88.727461,16.9340641],[-88.9755256,16.8472629],[-89.265633,16.9799653],[-89.9179462,16.9543518],[-90.163423,17.0055763],[-90.357057,16.8991733],[-90.3625502,16.4821821],[-90.1387038,16.1051964],[-89.9107375,16.0128173],[-89.7122962,15.5628525],[-89.3991859,15.3921224],[-88.757859,15.6184085],[-88.615723,15.8219845],[-88.6775211,15.9689213],[-88.6236194,16.0197462],[-88.1683735,15.7456672],[-87.966264,15.9148842],[-87.6151515,15.9801343],[-87.511018,15.8442169],[-87.3534329,15.8960641],[-86.9229062,15.8141593],[-86.3766797,15.8412444],[-86.0199673,15.9541699],[-86.06917,16.0290179],[-86.0034878,16.0802278],[-85.4758008,15.9158747],[-84.9977875,16.0345856],[-85.0002089,14.7244658]]],[[[-78.8230171,22.7228853],[-78.768612,22.663527],[-78.6155484,22.6737242],[-78.5659461,22.5910678],[-78.3616152,22.6009808],[-78.2540058,22.4962364],[-78.1409598,22.5320117],[-77.8149515,22.3484613],[-77.7128085,22.2167314],[-77.634332,22.2374511],[-77.5700651,21.9900768],[-77.1095905,21.706453],[-76.8943943,21.4917126],[-76.5822168,21.3407891],[-76.2945597,21.3030348],[-76.0283171,21.1434518],[-75.6946051,21.1748667],[-75.5450711,21.069141],[-75.5616374,20.9039577],[-75.4498543,20.7963743],[-74.8764203,20.7434178],[-74.6954376,20.6564941],[-74.4655599,20.4041126],[-74.1693009,20.3485865],[-74.0800391,20.1956718],[-74.2559003,20.0172717],[-74.7987143,19.9853699],[-75.0695916,19.846423],[-75.5440176,19.8315731],[-76.2343049,19.9399904],[-77.7545684,19.7912642],[-77.7939586,19.8838407],[-77.6675871,20.0555279],[-77.6976886,20.1870039],[-77.5434766,20.143046],[-77.1428425,20.4568283],[-77.2887169,20.5075633],[-77.351494,20.6614165],[-77.4338568,20.561495],[-77.5437596,20.6349383],[-77.7905427,20.643054],[-77.7554314,20.5482502],[-77.8365744,20.4479805],[-78.0282058,20.6330941],[-78.0540566,20.5738466],[-77.8540019,20.4196535],[-77.8900885,20.3441808],[-78.1619043,20.4632464],[-78.3745381,20.6608397],[-78.3065615,20.8539088],[-78.5257366,20.8815484],[-78.4977941,20.9752105],[-78.6553537,21.4606447],[-78.7146089,21.5067428],[-78.7087008,21.389938],[-78.815241,21.3178771],[-78.9214513,21.4864008],[-78.934503,21.5463339],[-79.2078081,21.4901456],[-79.6048875,21.542835],[-79.6624883,21.633403],[-79.7946705,21.5477128],[-80.5293866,22.0083225],[-80.9238512,21.9861973],[-81.1474194,22.06428],[-81.2186008,21.9874668],[-81.4849439,22.0215461],[-81.7124714,21.9472772],[-81.764392,22.0515911],[-82.1609915,22.1821793],[-82.1286146,22.297616],[-82.2981208,22.320751],[-82.3503686,22.4413305],[-82.5520534,22.3495323],[-82.5753178,22.4122095],[-82.5139873,22.4580181],[-82.7208057,22.5184091],[-82.7373673,22.6082177],[-83.0364904,22.4457286],[-83.1161126,22.3072362],[-83.2339371,22.2827511],[-83.3322525,22.1607815],[-83.8920217,22.1195907],[-83.9852094,21.8754856],[-84.2465015,21.8434331],[-84.4210832,21.7176963],[-84.5624816,21.731276],[-84.5215457,21.8766771],[-84.8000643,21.7585947],[-84.9574643,21.7879695],[-85.0052934,21.8708343],[-84.9428222,21.9674571],[-84.4167472,22.0865086],[-84.4987458,22.1753566],[-84.4485822,22.3435394],[-84.4926478,22.4300795],[-84.067319,22.7559782],[-83.2328802,23.0475329],[-82.6182532,23.0935818],[-82.2773749,23.2293103],[-81.6007951,23.2065848],[-81.4441887,23.1434531],[-81.1049277,23.316741],[-80.9009001,23.3299856],[-80.7666167,23.2569433],[-80.4741499,23.2606119],[-80.1028692,23.1466116],[-79.9163024,23.0166873],[-79.7278983,22.9907819],[-79.2958276,22.6750608],[-78.9397179,22.755094],[-78.8230171,22.7228853]]]]}},{"type":"Feature","properties":{"name":"Rajputana","historical_entity":"Rajputana","ohm_relation_id":2847600,"start_date":"1526","end_date":"1832","admin_level":"2","boundary":"administrative","source":"https://commons.wikimedia.org/wiki/File:India_map_1700_1792.jpg","_historical_overlay":true},"geometry":{"type":"MultiPolygon","coordinates":[[[[75.2225089,24.844073],[75.2189254,24.8449298],[75.2170371,24.8475001],[75.2141189,24.8511606],[75.2118014,24.8531077],[75.2087115,24.8537307],[75.2096557,24.8568459],[75.2093124,24.8600389],[75.2065658,24.8636213],[75.2027892,24.8668141],[75.2011584,24.8694618],[75.2019309,24.8728102],[75.2039909,24.8767036],[75.2063941,24.8830106],[75.208454,24.8876045],[75.2081107,24.8932881],[75.2099132,24.8932881],[75.2139472,24.8921981],[75.2154063,24.8890838],[75.220642,24.8871373],[75.2224444,24.8837893],[75.220642,24.8804411],[75.2202987,24.8739782],[75.2227019,24.8735889],[75.2271651,24.8754577],[75.2309417,24.8792732],[75.2370357,24.887293],[75.243473,24.8870595],[75.2458762,24.8837114],[75.2502536,24.880519],[75.2497386,24.8744454],[75.2495669,24.8674371],[75.2476787,24.8629204],[75.2431296,24.8607398],[75.2344608,24.8492524],[75.2336883,24.8484736],[75.223968,24.8443845],[75.2225089,24.844073]]],[[[74.9427814,29.3389517],[75.0820711,29.2280059],[75.3229539,29.2894787],[75.3498377,29.2237796],[75.4105187,29.2556899],[75.3714947,29.1380984],[75.4457225,29.0083019],[75.5218189,29.0038755],[75.4733872,28.9233899],[75.5615143,28.6132218],[75.7882955,28.4535616],[75.7767828,28.4004165],[75.9182517,28.3720029],[76.0954659,28.150858],[75.9452819,28.1062944],[75.9844425,28.0470781],[76.040814,28.0740433],[75.9324166,27.9301306],[75.981087,27.845444],[76.2177286,27.8172092],[76.1578002,27.9889734],[76.2147591,28.0265788],[76.1804242,28.0545164],[76.3423309,28.0305639],[76.3014605,28.0978632],[76.3598786,28.1249151],[76.2922821,28.1792166],[76.4757418,28.1485866],[76.4993679,28.0996633],[76.4478459,28.0889608],[76.5015423,28.0600638],[76.4546754,28.0423246],[76.5438262,28.034221],[76.5481441,27.9638525],[76.6681656,28.013845],[76.6572685,28.0893133],[76.8484934,28.2216478],[76.9705574,28.1384491],[76.9105631,27.6546889],[77.0856721,27.7381072],[77.0448088,27.8218339],[77.310331,27.7883104],[77.3400052,27.5266195],[77.4399895,27.3903302],[77.6227232,27.3361871],[77.6811445,27.1944046],[77.5193596,27.066617],[77.7629719,27.0068454],[77.4272974,26.864081],[77.4545774,26.7418667],[77.5011863,26.8444492],[77.6103531,26.8285734],[77.7598674,26.932458],[78.014602,26.9029132],[78.0264899,26.8495358],[78.1245264,26.9492887],[78.2718325,26.9207921],[78.1969966,26.88218],[78.1840805,26.7840394],[78.1061232,26.7899926],[78.0926899,26.6762561],[77.9036209,26.6589666],[77.8220754,26.5495724],[77.3420843,26.351982],[76.5298036,25.8108401],[76.472626,25.6984497],[76.5985249,25.3923155],[76.9430779,25.2821462],[77.0864987,25.3364032],[77.2091965,25.3061609],[77.3310937,25.427361],[77.4265601,25.187961],[77.4066036,25.1116918],[77.3112353,25.0797374],[77.1746035,25.1117103],[76.8761823,25.0415192],[76.861953,24.9613519],[76.9496461,24.8693574],[76.8026376,24.8092755],[76.8561515,24.7424563],[77.0306868,24.7121972],[77.0682796,24.6275793],[76.9778456,24.4612291],[76.9176279,24.5433783],[76.8164058,24.533551],[76.8415185,24.3225106],[76.9470788,24.1984964],[76.8019985,24.1165444],[76.6760007,24.1908928],[76.6954594,24.2842799],[76.5732219,24.2097398],[76.5262307,24.1569852],[76.4705691,24.2259497],[76.2124929,24.209783],[76.1854436,24.3293127],[76.1271001,24.0880242],[75.963474,24.0186582],[75.9813822,23.928921],[75.7821122,23.8487984],[75.7060479,23.8992695],[75.6869458,23.755336],[75.583562,23.7947284],[75.4622665,23.9144875],[75.4739221,23.9819618],[75.6708742,24.0180492],[75.7175468,23.9668606],[75.8368313,24.0569797],[75.7510361,24.1434347],[75.8302798,24.2334194],[75.7277886,24.3904683],[75.789406,24.4715549],[75.8388073,24.4141315],[75.909211,24.455029],[75.914766,24.5722999],[75.8251832,24.6129931],[75.8362955,24.7277893],[75.2194584,24.7024998],[75.2242461,24.8439738],[75.3110739,24.8009344],[75.4256815,24.8687673],[75.2634487,24.8748022],[75.2610736,24.963402],[75.3184617,24.8941038],[75.3343547,25.0410561],[75.1658331,25.0475638],[75.1168389,24.8778579],[75.034059,24.8445946],[74.8431179,24.9689507],[74.8493412,24.7759233],[75.0163099,24.7319258],[74.8888572,24.633627],[74.7999182,24.7791412],[74.7717831,24.6614458],[74.8136607,24.6495397],[74.7087426,24.4864092],[74.8542455,24.4444987],[74.7471247,24.2534027],[74.8968656,24.2271157],[74.9033686,24.1091932],[74.9824679,24.0256979],[74.9025186,23.8731566],[74.9365373,23.6285515],[74.6040808,23.4574577],[74.5141757,23.3282439],[74.7415579,23.20836],[74.3245879,23.0614845],[74.2470874,23.1843597],[74.1278289,23.1760436],[74.1388359,23.265983],[73.9623906,23.3808296],[73.8919693,23.3340401],[73.8287473,23.4476194],[73.6272498,23.4484928],[73.6556946,23.6212089],[73.5726927,23.6536841],[73.5231232,23.606819],[73.5074332,23.7029608],[73.3518827,23.7913113],[73.4208619,23.9307415],[73.3620271,24.1045756],[73.2428238,24.0021957],[73.0674745,24.1945976],[73.2192928,24.3638071],[73.0765325,24.3965087],[73.0872596,24.497951],[72.991135,24.4777968],[72.975146,24.368704],[72.9107604,24.3371166],[72.7308906,24.3642002],[72.6833908,24.4637769],[72.5389773,24.5195142],[72.4572735,24.4146949],[72.4414662,24.5149579],[72.2464268,24.5854955],[72.3474031,24.628411],[72.1648387,24.6211775],[72.06134,24.7120016],[71.9399019,24.6336882],[71.8717824,24.6816476],[71.8521965,24.6092456],[71.791558,24.6772167],[71.6553994,24.6390658],[71.5027211,24.682751],[71.2876049,24.6158409],[71.1120338,24.6756771],[70.9373948,24.9388161],[70.8881888,25.1483475],[70.6645303,25.3970664],[70.6598518,25.7021982],[70.2683941,25.7137788],[70.0995375,25.9383452],[70.1740501,26.5514021],[69.791706,26.5983064],[69.4860732,26.7980783],[69.5869232,27.1835335],[70.0256736,27.5628811],[70.1322212,27.8056093],[70.3719392,28.0117953],[70.5891925,28.0104473],[70.7394818,27.7418828],[70.8716309,27.7055579],[71.2051458,27.8353474],[71.6659967,27.8777713],[71.8982863,27.9615338],[71.9281754,28.1223044],[72.2061375,28.3941247],[72.3921839,28.7719417],[72.9452572,29.0277357],[73.2824417,29.5719669],[73.3970109,29.9458815],[73.8062551,30.067679],[73.9727406,30.1980017],[73.8947041,29.9738321],[74.5271794,29.9427859],[74.5610565,29.8696445],[74.4738018,29.7683417],[74.6161124,29.7521565],[74.5749532,29.5643201],[74.6218776,29.5222446],[74.5346394,29.4477085],[74.5992703,29.3274557],[74.8505392,29.4036078],[74.9427814,29.3389517]]]]}},{"type":"Feature","properties":{"name":"Mysore Kingdom","historical_entity":"Mysore Kingdom","ohm_relation_id":2847610,"start_date":"1566","end_date":"1690","admin_level":"2","boundary":"administrative","source":"https://commons.wikimedia.org/wiki/File:India_map_1700_1792.jpg","_historical_overlay":true},"geometry":{"type":"MultiPolygon","coordinates":[[[[77.6750649,11.9517224],[77.6912655,11.6468446],[77.7757619,11.6949068],[77.6839384,11.4154917],[77.8616703,11.2462467],[77.8920287,11.078075],[78.0890976,11.0783964],[78.1679291,11.0126293],[77.8129677,10.3894382],[77.2882162,10.2323813],[77.1847888,9.7535571],[76.3841627,9.7386664],[76.2693213,9.9786567],[76.1799637,9.9518148],[75.7786434,11.1075653],[75.4946354,11.6555188],[75.5444223,11.7048428],[75.4809851,11.6738309],[75.1648591,11.9703936],[75.0434694,12.253656],[74.7777376,12.8210389],[74.7023301,13.1496173],[74.622711,13.1845943],[74.676425,13.2488391],[74.5625151,13.8321573],[74.43307,13.9890644],[74.3522922,14.3780721],[74.237464,14.5841243],[74.4970698,14.735543],[74.8577208,14.7804915],[75.0505673,14.6478832],[75.1938927,14.6453327],[75.1825731,14.5881856],[75.3848488,14.4271414],[75.3597489,14.3785193],[75.5772814,14.2774279],[75.6358478,14.315581],[75.6319106,14.466222],[75.8135158,14.5677042],[75.7967825,14.6834226],[75.664885,14.8085961],[75.7328023,14.8813825],[75.6742359,14.9413058],[75.9089938,15.0615774],[75.9070252,15.1333278],[76.18903,15.2340223],[76.2466121,15.1889057],[76.6945826,15.5634229],[77.5529988,15.1101709],[78.0734888,15.072668],[78.384229,14.8850545],[78.3143125,14.6146044],[78.5085252,14.3814496],[78.0812573,13.9898062],[78.1589423,13.8163652],[78.4696826,13.6805385],[78.3919976,13.3708639],[78.5085252,13.2725909],[78.384229,12.6972842],[78.0288257,12.5854707],[77.7375008,12.200412],[77.7938225,12.1358632],[77.6750649,11.9517224]],[[75.5377142,11.7626959],[75.5375122,11.7626066],[75.5370416,11.7626293],[75.5368393,11.7626958],[75.5366377,11.7626968],[75.5363683,11.7626293],[75.5361661,11.7624949],[75.5359863,11.762225],[75.5359866,11.761284],[75.5358962,11.7610373],[75.5356273,11.7608355],[75.5353579,11.7607681],[75.5348872,11.7607456],[75.5345731,11.7606784],[75.5339664,11.76023],[75.5330014,11.7597813],[75.5322158,11.7595347],[75.5316107,11.759153],[75.531296,11.7586818],[75.5314985,11.7581437],[75.5318371,11.7577359],[75.5323752,11.7574669],[75.5336323,11.75713],[75.5339464,11.7569738],[75.5343056,11.7563684],[75.5345293,11.7559418],[75.5345067,11.7542155],[75.5345073,11.7535645],[75.5346418,11.7529376],[75.5351805,11.7520176],[75.5361643,11.7512768],[75.5373522,11.7508262],[75.5375866,11.7506111],[75.5375684,11.7487407],[75.538936,11.7492979],[75.5392961,11.7493344],[75.5397998,11.7487231],[75.5405918,11.7486326],[75.5408972,11.7466729],[75.5410236,11.7456305],[75.5412056,11.7450418],[75.5415287,11.7445205],[75.5417269,11.7434598],[75.5419436,11.7422003],[75.5417273,11.7411401],[75.5414029,11.7398448],[75.5416373,11.7388919],[75.5411153,11.7387667],[75.5407718,11.7369708],[75.5402869,11.734795],[75.5377673,11.7346878],[75.5361656,11.7344889],[75.5361656,11.7335547],[75.5329448,11.7344898],[75.5319552,11.7345973],[75.5311454,11.731828],[75.5309539,11.7310251],[75.5299647,11.7310254],[75.5294429,11.7305031],[75.5282733,11.7291909],[75.5280033,11.7277887],[75.5273015,11.7270506],[75.5268689,11.7266553],[75.5266709,11.7261883],[75.5267969,11.7254505],[75.5269592,11.7252345],[75.5269231,11.7244623],[75.5269955,11.7241383],[75.5273378,11.7235988],[75.527462,11.7227041],[75.5271914,11.721805],[75.5276954,11.7216259],[75.5271916,11.7207445],[75.5274255,11.7200252],[75.528128,11.718587],[75.5281282,11.7177239],[75.5279661,11.7171479],[75.5279477,11.7162423],[75.5282541,11.7160802],[75.5284154,11.7162782],[75.528596,11.7167997],[75.528848,11.7169431],[75.5290816,11.7169435],[75.5304315,11.7160795],[75.5312589,11.7160617],[75.5319606,11.7157923],[75.5323267,11.7141031],[75.5309522,11.7137509],[75.5308052,11.7112577],[75.530499,11.7102364],[75.5287956,11.7097711],[75.5287506,11.7093855],[75.5293071,11.7091366],[75.5305332,11.708989],[75.5306807,11.708796],[75.5312033,11.7084892],[75.5319417,11.7089547],[75.530965,11.7104075],[75.5325087,11.7102484],[75.5328603,11.7104415],[75.5342121,11.7110081],[75.5361992,11.711406],[75.5367032,11.7119895],[75.5370551,11.7121036],[75.5375782,11.7122277],[75.5376349,11.7124096],[75.5371691,11.7125803],[75.5372593,11.712977],[75.5372829,11.7133064],[75.537055,11.7135556],[75.5368391,11.713521],[75.5362377,11.7132828],[75.5359659,11.7132942],[75.5352608,11.7137824],[75.5347509,11.7133509],[75.5346146,11.7137712],[75.5341821,11.7138396],[75.5341032,11.7140097],[75.5333196,11.7141683],[75.5334556,11.7144182],[75.532956,11.7150194],[75.5325365,11.7158646],[75.5328061,11.7163676],[75.5339225,11.7167814],[75.5344803,11.7170695],[75.5346594,11.7175007],[75.5347322,11.7178786],[75.5352002,11.7183273],[75.5359015,11.7189029],[75.5366216,11.7194432],[75.5370825,11.7194516],[75.5372627,11.7192713],[75.537479,11.7190013],[75.5375145,11.7185336],[75.5375324,11.7168974],[75.5378031,11.7160985],[75.5388113,11.7164758],[75.5393867,11.7163867],[75.5407001,11.7159373],[75.5414557,11.7157391],[75.5416898,11.7157034],[75.5422304,11.7159185],[75.542554,11.7168357],[75.5430393,11.7164944],[75.5433814,11.7163508],[75.543579,11.7166564],[75.5439394,11.7165125],[75.5444073,11.7176269],[75.5454149,11.7177706],[75.5460448,11.7175192],[75.5461171,11.7169257],[75.5469805,11.7169444],[75.5472689,11.7159375],[75.5475021,11.7156491],[75.5479157,11.7154692],[75.5482218,11.7155598],[75.5483123,11.715829],[75.5483299,11.7166567],[75.5485393,11.7171254],[75.5492233,11.7173593],[75.5501235,11.7173774],[75.5508968,11.718474],[75.5515446,11.7192648],[75.5519953,11.7194453],[75.5541899,11.7194451],[75.554748,11.719679],[75.5547297,11.7203438],[75.5555401,11.7218008],[75.5550911,11.723703],[75.5551267,11.724368],[75.5553967,11.7249623],[75.555541,11.7262922],[75.5558111,11.7277485],[75.5533454,11.7293669],[75.5508611,11.7308907],[75.5476215,11.7319877],[75.5450844,11.7327249],[75.5447604,11.734397],[75.5445987,11.7346492],[75.5433207,11.7344323],[75.542844,11.7361144],[75.5424117,11.7370133],[75.5424476,11.7373004],[75.5427903,11.7385231],[75.5428261,11.7394759],[75.543096,11.740393],[75.5435458,11.7416522],[75.5434376,11.7423288],[75.5431852,11.7429041],[75.5433476,11.7432285],[75.5436169,11.743569],[75.5439415,11.7448101],[75.5442827,11.7459425],[75.5445712,11.7463392],[75.5447871,11.7473091],[75.5449124,11.7482084],[75.5450589,11.7494652],[75.5451665,11.7503276],[75.5449507,11.7512984],[75.5443136,11.752293],[75.5444315,11.7530317],[75.5446085,11.7538792],[75.545033,11.7545506],[75.5457979,11.7553388],[75.5462228,11.7559279],[75.5463171,11.756116],[75.5462696,11.7563994],[75.5461288,11.7566694],[75.5459988,11.7569287],[75.5457934,11.7571575],[75.5453223,11.7575616],[75.544985,11.7579199],[75.5447156,11.7583681],[75.5442452,11.758929],[75.5436615,11.7592434],[75.5429877,11.7594003],[75.5420233,11.7593781],[75.5414169,11.7594669],[75.5407442,11.7598709],[75.5398688,11.7605208],[75.5392852,11.7608803],[75.5392176,11.7606109],[75.5390833,11.7602968],[75.5389485,11.7601181],[75.5387242,11.7601395],[75.538545,11.7602747],[75.5384329,11.7608124],[75.5385227,11.7614179],[75.5384556,11.7622927],[75.5383871,11.7626067],[75.5382527,11.7627631],[75.537984,11.7628536],[75.5377142,11.7626959]],[[75.6721203,12.6994602],[75.6669787,12.5460628],[75.4910261,12.4591593],[75.4355719,12.5272065],[75.365842,12.4578692],[75.4141196,12.2896897],[75.484979,12.2900413],[75.5734354,12.1651274],[75.8027607,12.0795575],[75.8968732,11.9448229],[76.0335538,11.9403041],[76.1841084,12.0463064],[76.105213,12.2319839],[76.2327574,12.3708561],[76.2296675,12.4952417],[75.9606701,12.5675405],[75.9537799,12.8148077],[75.858794,12.8200865],[75.874543,12.680401],[75.6721203,12.6994602]]]]}},{"type":"Feature","properties":{"name":"Kingdom of Coorg","historical_entity":"Kingdom of Coorg","ohm_relation_id":2847612,"start_date":"1550","end_date":"1690","admin_level":"2","boundary":"administrative","source":"https://commons.wikimedia.org/wiki/File:India_map_1700_1792.jpg","_historical_overlay":true},"geometry":{"type":"MultiPolygon","coordinates":[[[[76.1324322,12.1954731],[76.1841084,12.0463064],[75.9991082,11.931611],[75.8701259,11.9520405],[75.8027607,12.0795575],[75.7147572,12.0705741],[75.5372142,12.2085337],[75.4141196,12.2896897],[75.365842,12.4578692],[75.4355719,12.5272065],[75.4910261,12.4591593],[75.6669787,12.5460628],[75.6721203,12.6994602],[75.874543,12.680401],[75.8848782,12.8325632],[75.9650995,12.7980108],[75.9606701,12.5675405],[76.2296675,12.4952417],[76.2409971,12.3916471],[76.1707876,12.354088],[76.1324322,12.1954731]]]]}},{"type":"Feature","properties":{"name":"Sultanate of Bijapur","historical_entity":"Sultanate of Bijapur","ohm_relation_id":2847633,"start_date":"1620","end_date":"1686-09-12","admin_level":"2","boundary":"administrative","source":null,"_historical_overlay":true},"geometry":{"type":"MultiPolygon","coordinates":[[[[77.7524631,18.5905571],[77.7848273,18.4086255],[77.9315945,18.2556706],[77.9647492,18.1187107],[78.213363,18.0414109],[78.0555079,17.9340133],[78.1538643,17.6646593],[78.046802,17.6674805],[77.7038649,16.3385458],[77.2663834,16.4011303],[76.978414,16.5593052],[76.838414,16.4273013],[76.4120487,16.246105],[76.1197131,16.2470238],[76.010954,16.1873487],[75.7235192,15.8177094],[75.6031074,15.7803343],[75.3506309,15.948468],[75.0903859,15.7616441],[74.9194788,15.8064976],[74.6903078,15.6606875],[74.4883266,15.6307648],[74.3368407,15.6980847],[73.9239117,15.5377147],[73.8861462,15.6884931],[73.6796429,15.598186],[73.5473699,15.8671815],[73.404962,15.8734387],[73.3924078,16.1608733],[73.2610731,16.5375224],[73.2262952,17.0857475],[73.0755539,17.7296684],[72.8822434,18.2119533],[72.8119981,18.8007978],[72.843411,18.8516297],[73.0162867,18.8136254],[73.5119378,18.5276244],[73.7747863,18.5885388],[74.0243845,18.4954177],[74.1139407,18.5237005],[74.2874903,18.5800089],[74.6399559,18.4497581],[74.7060701,18.5055325],[74.7301419,18.4014072],[74.8084688,18.383875],[74.8246739,18.2550702],[75.0427433,18.263683],[75.0173032,18.2004279],[75.098327,18.210753],[75.1492705,18.1068383],[75.0211378,17.9639557],[75.1161893,18.0015792],[75.1982697,17.9481545],[75.1283511,17.88133],[75.2129653,17.8514138],[75.1616197,17.7847102],[75.2993303,17.7389334],[75.3195588,18.9329911],[76.0980363,19.3077508],[76.3590165,19.2402699],[76.3302485,19.1015011],[76.3813025,19.1299728],[76.4556277,19.0498284],[76.5766392,19.110913],[76.6251422,19.016811],[76.7463071,18.9788902],[76.7911042,19.0556745],[77.0963299,19.128164],[77.087389,19.0710884],[77.1402817,19.0708404],[77.3801164,19.1668397],[77.476188,19.0156951],[77.8737177,18.818443],[77.7301203,18.6671859],[77.7524631,18.5905571]]]]}},{"type":"Feature","properties":{"name":"Province of Carolana","historical_entity":"Province of Carolana","ohm_relation_id":2847714,"start_date":"1629","end_date":"1663","admin_level":"2","boundary":"administrative","source":null,"_historical_overlay":true},"geometry":{"type":"MultiPolygon","coordinates":[[[[-82.7644676,35.0681841],[-82.3047423,35.3624597],[-82.3683799,35.4780588],[-82.27097,35.6134916],[-82.2856312,35.7094943],[-81.9778411,35.9138097],[-81.8759107,36.1259269],[-81.6658112,36.1232156],[-81.5983046,36.2228258],[-81.1713694,36.4337181],[-80.9790961,36.3969359],[-80.912633,36.5620464],[-75.797497,36.550916],[-75.6750857,36.1667333],[-75.4178216,35.6860892],[-75.4845726,35.1875841],[-76.0325978,35.000176],[-76.4919929,34.5465389],[-76.729829,34.6472169],[-77.1230011,34.5843819],[-77.7008283,34.2360058],[-77.9175073,33.7638267],[-78.0665833,33.8479917],[-78.2707634,33.8627847],[-78.8085566,33.6808446],[-79.0712376,33.4009755],[-79.1202196,33.2469385],[-79.0822316,33.1713315],[-79.3133857,32.9632904],[-79.4959477,32.9315784],[-79.8550658,32.6363954],[-80.2430769,32.4724553],[-80.399009,32.2749413],[-80.7482051,32.0844962],[-80.7962751,31.9534652],[-81.0566261,31.7148811],[-81.1837192,31.294289],[-81.4093241,31.2918343],[-81.7471382,31.6013233],[-82.1118223,31.9004944],[-82.4780564,31.9718964],[-82.6823645,31.9204894],[-82.8628575,31.7832623],[-83.2234323,31.7263547],[-83.3626654,31.7710953],[-83.4541606,31.9805441],[-83.6724864,32.0634767],[-83.8349313,32.3764737],[-83.9434225,32.4576639],[-83.9284605,32.6818769],[-84.1402339,32.9352619],[-84.3601779,33.5217407],[-84.3351679,33.5978122],[-84.4419112,33.6702261],[-84.4113603,33.7469755],[-84.2017079,33.8148696],[-84.2143118,33.9663986],[-83.9363649,34.0494438],[-83.9276901,34.1634602],[-83.7923756,34.3394105],[-83.4150735,34.5852148],[-83.4326134,34.7003223],[-83.6559064,34.8292537],[-83.5589903,35.038361],[-83.3629902,34.908243],[-83.2847754,35.0373016],[-83.1872354,35.0440261],[-83.0758549,35.1611942],[-82.9259158,35.1635538],[-82.7644676,35.0681841]]]]}},{"type":"Feature","properties":{"name":"New Sweden","historical_entity":"New Sweden","ohm_relation_id":2847737,"start_date":"1638-03-29","end_date":"1655","admin_level":"2","boundary":"administrative","source":"Wikipedia page on the colony.","_historical_overlay":true},"geometry":{"type":"MultiPolygon","coordinates":[[[[-75.405489,39.796368],[-75.557731,39.631623],[-75.51196,39.56729],[-75.560538,39.455645],[-75.321021,39.251379],[-75.015123,38.788657],[-74.9862836,38.4516398],[-75.6935227,38.460137],[-75.7883608,39.7218193],[-75.6202937,39.8334153],[-75.405489,39.796368]]]]}},{"type":"Feature","properties":{"name":"Colony of Connecticut","historical_entity":"Colony of Connecticut","ohm_relation_id":2847739,"start_date":"1644","end_date":"1665","admin_level":"2","boundary":"administrative","source":null,"_historical_overlay":true},"geometry":{"type":"MultiPolygon","coordinates":[[[[-72.2485276,41.2307107],[-72.6195084,41.1602064],[-72.6781656,41.4341043],[-72.7461435,41.4234216],[-72.7511217,41.5787275],[-73.0522157,41.51629],[-73.1219104,41.1799462],[-72.9995457,41.087107],[-73.4958589,40.9755763],[-73.55437,41.180037],[-73.4827101,41.2127696],[-73.5509631,41.2954317],[-73.4873152,42.0496468],[-72.4581858,42.0340728],[-71.8006516,42.0235779],[-71.8286136,41.3422087],[-72.2485276,41.2307107]]]]}},{"type":"Feature","properties":{"name":"New Haven Colony","historical_entity":"New Haven Colony","ohm_relation_id":2847741,"start_date":"1638-04-14","end_date":"1664","admin_level":"2","boundary":"administrative","source":null,"_historical_overlay":true},"geometry":{"type":"MultiPolygon","coordinates":[[[[-73.6129043,40.9509689],[-73.7028422,41.1121916],[-73.55437,41.180037],[-73.5007669,41.1140209],[-73.4958589,40.9755763],[-73.6129043,40.9509689]]],[[[-72.9995457,41.087107],[-73.1219104,41.1799462],[-73.0522157,41.51629],[-72.978573,41.5341538],[-72.7511217,41.5787275],[-72.7461435,41.4234216],[-72.6781656,41.4341043],[-72.6195084,41.1602064],[-72.9995457,41.087107]]]]}},{"type":"Feature","properties":{"name":"Colony of Virginia","historical_entity":"Colony of Virginia","ohm_relation_id":2847764,"start_date":"1638","end_date":"1663","admin_level":"2","boundary":"administrative","source":null,"_historical_overlay":true},"geometry":{"type":"MultiPolygon","coordinates":[[[[-80.2961579,37.6918058],[-80.0038548,38.0017024],[-79.9204196,38.1829249],[-79.7760251,38.2858782],[-79.6327701,38.663356],[-79.5078372,38.7937368],[-79.5405606,38.861171],[-79.3263182,38.9979642],[-79.2963774,39.1986348],[-79.4729017,39.1828071],[-79.4925856,39.2291895],[-79.2949086,39.4031028],[-79.1846486,39.6032036],[-78.9538518,39.7058405],[-78.9638988,39.8258577],[-78.5701236,40.398003],[-78.562818,40.4594436],[-78.748873,40.5387749],[-78.728402,40.5793391],[-78.9155424,40.7365914],[-78.8815709,40.8930289],[-78.6420393,41.0984472],[-78.6936125,41.2111812],[-78.5109651,41.4201548],[-78.5556423,41.4996822],[-78.4581141,41.6311915],[-78.3797701,41.6049624],[-78.2763216,41.6905288],[-78.0105298,41.746787],[-77.8986492,41.7142999],[-77.8591994,41.8258149],[-77.7421425,41.888783],[-77.7350997,41.9928033],[-74.2399837,39.464983],[-74.565241,39.210642],[-74.743107,38.958885],[-75.015123,38.788657],[-75.321021,39.251379],[-75.560538,39.455645],[-75.51196,39.56729],[-75.558773,39.629987],[-75.405414,39.796396],[-75.4812437,39.8291203],[-75.6598167,39.8222633],[-75.7737608,39.7218193],[-78.1552792,39.7206558],[-78.0067365,39.6013452],[-77.8373854,39.6057152],[-77.8889184,39.5569192],[-77.8478504,39.5029492],[-77.7659964,39.4957332],[-77.8032524,39.4371441],[-77.7390984,39.3998501],[-77.7557914,39.3339081],[-77.4591533,39.2274301],[-77.5273433,39.1447121],[-77.4614533,39.0751591],[-77.2484052,39.0269171],[-77.0406011,38.8712201],[-77.0423011,38.718523],[-77.3100932,38.49492],[-77.2796362,38.3394519],[-77.0415081,38.400702],[-76.949318,38.2083869],[-76.6049013,38.1486418],[-76.5165499,38.0265739],[-76.2374768,37.8867099],[-76.0524054,37.9535172],[-75.8011599,37.9121847],[-75.624341,37.9943011],[-75.1664367,38.0278417],[-75.3031337,37.8381766],[-75.4609347,37.7713636],[-75.6443878,37.3422775],[-75.9283088,36.9381864],[-75.7113207,36.2512778],[-75.4178216,35.6860892],[-75.4876866,35.185001],[-76.0244318,35.005371],[-76.5316459,34.5317429],[-76.742183,34.6476609],[-77.1230011,34.5843819],[-77.2778371,34.5001719],[-83.4237117,34.6745138],[-83.6541844,34.8238692],[-83.5589903,35.038361],[-83.3629902,34.908243],[-83.2847754,35.0373016],[-83.1872354,35.0440261],[-83.0758549,35.1611942],[-82.9259158,35.1635538],[-82.7750746,35.0646691],[-82.5924346,35.1390101],[-82.3047423,35.3624597],[-82.3683799,35.4780588],[-82.27097,35.6134916],[-82.2856312,35.7094943],[-81.9778411,35.9138097],[-81.8759107,36.1259269],[-81.6658112,36.1232156],[-81.5983046,36.2228258],[-81.3728613,36.2906704],[-81.3463514,36.373367],[-81.066438,36.4470099],[-80.9790961,36.3969359],[-80.9251364,36.5484929],[-80.8272384,36.6185393],[-80.4593102,36.6848771],[-80.3908368,36.799974],[-80.1478827,36.9534158],[-80.1071905,37.075401],[-80.4419307,37.0651119],[-80.3796453,37.1368713],[-80.3953471,37.2742961],[-80.4634155,37.297456],[-80.2102282,37.4457619],[-80.530486,37.3576477],[-80.4939504,37.4818884],[-80.3341306,37.5655283],[-80.2961579,37.6918058]]]]}},{"type":"Feature","properties":{"name":"Colony of Rhode Island and Providence Plantations","historical_entity":"Colony of Rhode Island and Providence Plantations","ohm_relation_id":2847775,"start_date":"1636","end_date":"1686-05-25","admin_level":"2","boundary":"administrative","source":null,"_historical_overlay":true},"geometry":{"type":"MultiPolygon","coordinates":[[[[-71.5840867,41.0963504],[-71.6788077,41.1589204],[-71.5575697,41.2940264],[-71.4770247,41.1556654],[-71.5840867,41.0963504]]],[[[-71.2838944,41.7618098],[-71.1095374,41.6892978],[-71.1193226,41.4133295],[-71.7914808,41.2721734],[-71.7909728,41.1841094],[-71.9072805,41.3045008],[-71.8286136,41.3422087],[-71.7932556,41.5055628],[-71.7992436,42.0080749],[-71.3814025,42.0188079],[-71.3817005,41.8932088],[-71.2838944,41.7618098]]]]}},{"type":"Feature","properties":{"name":"Massachusetts Bay Colony","historical_entity":"Massachusetts Bay Colony","ohm_relation_id":2847776,"start_date":"1628","end_date":"1658","admin_level":"2","boundary":"administrative","source":null,"_historical_overlay":true},"geometry":{"type":"MultiPolygon","coordinates":[[[[-73.3525292,42.5100119],[-73.2649581,42.745949],[-71.2942055,42.696999],[-71.1818044,42.737599],[-71.1666664,42.808347],[-70.9054994,42.8867991],[-70.7350055,42.8746938],[-70.6829305,42.7288388],[-70.5493064,42.7241728],[-70.5021434,42.6245877],[-70.6062905,42.5312287],[-70.6903935,42.2790077],[-71.363068,41.9852705],[-73.5214172,42.0499748],[-73.3525292,42.5100119]]]]}},{"type":"Feature","properties":{"name":"Plymouth Colony","historical_entity":"Plymouth Colony","ohm_relation_id":2847777,"start_date":"1620","end_date":"1686-05-25","admin_level":"2","boundary":"administrative","source":null,"_historical_overlay":true},"geometry":{"type":"MultiPolygon","coordinates":[[[[-71.3177964,41.7761098],[-71.3813015,41.9850079],[-70.6903935,42.2790077],[-70.6083814,42.1384877],[-70.1244713,42.1260497],[-69.9291092,41.9784846],[-69.8588612,41.7203916],[-69.9289942,41.5321606],[-70.0849042,41.4675015],[-70.1285542,41.5247405],[-70.0685692,41.6107056],[-70.1815003,41.5935556],[-70.5086034,41.4989735],[-70.3928923,41.4454885],[-70.3834493,41.3699415],[-70.1379402,41.3463795],[-70.0944122,41.4308185],[-70.0064672,41.4339065],[-69.8948851,41.2903805],[-69.9229112,41.2158485],[-70.1096842,41.1898115],[-70.5931354,41.2998525],[-70.8236455,41.2006575],[-70.8905415,41.2430995],[-70.8960175,41.3701565],[-70.9907485,41.3512975],[-71.0885716,41.4313235],[-71.1095374,41.6892978],[-71.3177964,41.7761098]]]]}},{"type":"Feature","properties":{"name":"Province of Maryland","historical_entity":"Province of Maryland","ohm_relation_id":2847779,"start_date":"1632-06-20","end_date":"1776-07-04","admin_level":"2","boundary":"administrative","source":null,"_historical_overlay":true},"geometry":{"type":"MultiPolygon","coordinates":[[[[-78.099149,39.7226503],[-75.7883608,39.7218193],[-75.6935227,38.460137],[-74.9879466,38.4366368],[-75.1664367,38.0278417],[-75.624341,37.9943011],[-75.8011599,37.9121847],[-76.0524054,37.9535172],[-76.2374768,37.8867099],[-76.5165499,38.0265739],[-76.6049013,38.1486418],[-76.949318,38.2083869],[-77.0415081,38.400702],[-77.2837942,38.3428509],[-77.3100932,38.49492],[-77.0918021,38.703424],[-77.0414011,38.724523],[-77.0673021,38.8992201],[-77.5199323,39.1209341],[-77.4591533,39.2274301],[-77.7578234,39.3354181],[-77.7390984,39.3998501],[-77.8032524,39.4371441],[-77.7659964,39.4957332],[-77.8889484,39.5559582],[-77.8321824,39.6016332],[-78.0067365,39.6013452],[-78.1569485,39.6917972],[-78.099149,39.7226503]]]]}},{"type":"Feature","properties":{"name":"New Hampshire Colony","historical_entity":"New Hampshire Colony","ohm_relation_id":2847785,"start_date":"1629","end_date":"1686-05-25","admin_level":"2","boundary":"administrative","source":null,"_historical_overlay":true},"geometry":{"type":"MultiPolygon","coordinates":[[[[-71.0455475,44.8549734],[-70.9508384,43.5510362],[-70.9859654,43.3800321],[-70.8096414,43.2254171],[-70.8268014,43.1270961],[-70.5750945,42.9171348],[-70.6943955,42.9567628],[-70.7350055,42.8746938],[-71.0312024,42.859098],[-71.2942055,42.696999],[-72.4585199,42.726862],[-72.5562149,42.86696],[-72.4437639,43.006254],[-72.3959509,43.5238891],[-72.1179688,43.9234122],[-72.0318558,44.0796352],[-72.0331368,44.3203743],[-71.8143518,44.3545503],[-71.5770697,44.5035473],[-71.5961377,44.5609083],[-71.5362527,44.5884503],[-71.6319337,44.7527324],[-71.4954607,44.9058584],[-71.5411987,44.9846504],[-71.4646047,45.0134094],[-71.5050927,45.0514754],[-71.3978117,45.2035625],[-71.4433657,45.2377345],[-71.2843976,45.3024445],[-71.1470676,45.2397715],[-71.0839146,45.3053255],[-71.0455475,44.8549734]]]]}},{"type":"Feature","properties":{"name":"Province of Maine","historical_entity":"Province of Maine","ohm_relation_id":2847786,"start_date":"1629","end_date":"1658","admin_level":"2","boundary":"administrative","source":null,"_historical_overlay":true},"geometry":{"type":"MultiPolygon","coordinates":[[[[-71.0839146,45.3053255],[-70.9515405,45.3389965],[-70.8577545,45.2290775],[-70.7950105,45.4281555],[-70.6511754,45.3771325],[-69.8781971,45.4490526],[-70.0002481,45.2307777],[-69.8625757,45.0279212],[-69.8884966,44.7650182],[-69.7933962,44.7169776],[-69.6756365,44.7668464],[-69.5798494,44.6274965],[-69.7899631,44.2783922],[-69.7597507,44.1437835],[-69.8352817,43.9844163],[-69.78241,43.7547293],[-69.6647452,43.711757],[-70.1559864,43.5244529],[-70.3795914,43.3177419],[-70.5208315,43.2521129],[-70.5216755,43.1548918],[-70.4409384,43.1666488],[-70.4041284,43.1093648],[-70.5821635,43.0954958],[-70.5288825,43.0057778],[-70.5750945,42.9171348],[-70.8268014,43.1270961],[-70.8096414,43.2254171],[-70.9857034,43.3792311],[-70.9508384,43.5510362],[-71.0839146,45.3053255]]]]}},{"type":"Feature","properties":{"name":"Golconda Sultanate","historical_entity":"Golconda Sultanate","ohm_relation_id":2847878,"start_date":"1518","end_date":"1687","admin_level":"2","boundary":"administrative","source":"https://upload.wikimedia.org/wikipedia/commons/0/06/Joppen_map-India_in_1525_published_1907_by_Longmans.jpg","_historical_overlay":true},"geometry":{"type":"MultiPolygon","coordinates":[[[[80.3496318,18.8144908],[80.587336,18.7483202],[80.6232851,18.6536208],[81.1362285,18.2851082],[81.6975032,17.9639459],[82.0975813,17.8918807],[82.3189837,17.9676407],[83.5522342,19.0468497],[84.0610714,19.3696343],[85.1739082,19.741146],[85.1406091,19.6380613],[85.5929104,19.6454986],[84.9159258,19.1979449],[84.1579992,18.274263],[83.6424571,18.0039593],[83.242847,17.5521706],[82.44336,17.108433],[82.3664564,17.0346189],[82.4218522,16.7398234],[82.3442251,16.5410172],[81.7346362,16.2658699],[81.4762286,16.3052585],[81.3239255,16.2594277],[81.059787,15.7442502],[80.9508304,15.6733917],[80.8185554,15.6691813],[80.8945651,16.0465754],[80.6756639,16.4592455],[80.5264567,16.5690327],[80.2054499,16.6022656],[80.1388453,16.6529265],[80.1130961,16.8215895],[79.9475411,16.6350685],[79.7740241,16.730814],[79.2568776,16.5658516],[79.2165873,16.2274396],[79.0124033,16.2418288],[78.9052866,16.1824881],[78.894472,16.0858567],[78.8369654,16.14704],[78.7827204,16.0213545],[78.6258219,16.0891554],[78.5497759,16.0441223],[78.4026621,16.0756301],[78.1899737,15.9434621],[77.9676722,16.1031746],[77.887163,16.2312807],[77.7038649,16.3385458],[78.046802,17.6674805],[78.1538643,17.6646593],[78.0553447,17.9333773],[78.2115266,18.0591712],[78.0001711,18.1132971],[77.7848273,18.4086255],[77.7300238,18.6669337],[77.8400027,18.8048191],[78.1728032,18.9982875],[78.5456914,18.9425755],[78.6915501,19.0335981],[79.0049382,19.0795116],[79.1840968,18.8703831],[79.3086916,18.8160547],[79.408248,18.8572498],[79.6809735,18.6719485],[79.8096391,18.7040554],[79.8445118,18.8707663],[80.1277347,18.6854188],[80.2532963,18.7070864],[80.2452659,18.7654963],[80.3496318,18.8144908]]]]}},{"type":"Feature","properties":{"name":"Gondwana Kingdom","historical_entity":"Gondwana Kingdom","ohm_relation_id":2847880,"start_date":"0807","end_date":"1751","admin_level":"2","boundary":"administrative","source":"https://upload.wikimedia.org/wikipedia/commons/0/06/Joppen_map-India_in_1525_published_1907_by_Longmans.jpg","_historical_overlay":true},"geometry":{"type":"MultiPolygon","coordinates":[[[[80.8371595,18.2421795],[80.7368492,18.1772227],[80.7941968,18.256929],[80.7348558,18.4128603],[80.5147498,18.6193767],[80.3485988,18.5943239],[80.2816191,18.7199142],[80.1277347,18.6854188],[79.9184298,18.8086021],[79.9407833,19.0365083],[79.8567451,19.0978355],[79.9447934,19.1701599],[79.948133,19.4684757],[79.74716,19.6089846],[79.5939276,19.5069204],[79.4947801,19.5399325],[79.4907836,19.7656359],[79.0898518,19.9206943],[79.0669298,20.0712403],[79.7452048,20.7398097],[79.6325228,20.8110025],[79.6571288,20.9649427],[79.6006051,21.100821],[79.9308284,21.5553203],[80.0638247,21.5520113],[80.1939618,21.6356324],[80.1751646,21.9029768],[80.0324971,22.1798246],[80.1002638,22.2470105],[80.068692,22.3768418],[79.831407,22.3636275],[79.6899669,22.4584553],[79.6333152,22.4343382],[79.6645382,22.3764781],[79.5727833,22.3382255],[79.5139509,22.3914742],[79.4691474,22.3302298],[79.0678616,22.4227867],[78.2910108,22.138842],[77.114082,22.0920618],[76.8033417,21.9876501],[76.6829299,22.1892033],[76.8616017,22.4658706],[76.7994536,22.9174015],[77.3277121,23.3175042],[78.0035722,23.5384743],[78.0657203,23.6879534],[77.8128384,24.0904562],[78.368692,24.5176142],[78.5395992,24.5882748],[78.7027378,24.5458832],[78.7648859,24.4044745],[78.7260434,24.2699895],[78.873645,24.1566283],[79.5961162,24.1353619],[80.0000785,23.7875112],[80.5982536,23.6452625],[80.6681701,23.31037],[81.1964286,22.7885447],[83.6357399,23.0246887],[83.7134249,22.9317114],[83.9930912,22.8529883],[84.0397022,22.7670567],[83.6435084,22.3006569],[83.7522675,22.2143808],[83.9930912,22.1784167],[84.3038315,22.2575255],[84.7974846,22.2384343],[84.8971319,22.0757231],[84.8572967,21.8702888],[84.965242,21.8406495],[84.9948458,21.7535215],[84.9045595,21.7099317],[85.0106174,21.5713533],[84.9254062,21.4027542],[85.1502676,21.1574324],[85.1103183,21.0719811],[85.2597417,20.9936313],[85.2432978,20.9000049],[85.5328942,20.7444483],[85.7442076,20.8725756],[85.948203,20.8443341],[86.0306822,20.804866],[86.0289914,20.7356283],[85.9087719,20.6942417],[86.0455507,20.585825],[86.1784048,20.6549597],[86.2806864,20.5799949],[86.2518542,20.362588],[86.0119402,20.377231],[86.029677,20.29286],[86.1483401,20.2180762],[86.18631,20.0494966],[86.0788647,20.0647291],[85.8973039,20.3635733],[85.8814402,20.2830814],[85.7992728,20.3168449],[85.7842028,20.4288493],[85.6235635,20.2880686],[85.331895,20.2763851],[85.2130906,20.2095446],[85.2378396,20.1105203],[85.3486181,20.1843205],[85.4113339,20.123547],[85.4183511,19.9229496],[84.9084515,19.9012978],[84.796104,20.0905145],[84.8316751,20.2129606],[84.6935621,20.2774869],[84.5973278,20.1736706],[84.5433037,20.317829],[84.4862206,20.3347556],[84.5177257,20.3775052],[84.4597167,20.3928467],[84.323771,20.6886017],[84.218322,20.583221],[83.9139444,20.6123861],[83.7931328,20.5057455],[83.8096854,20.4293394],[83.6565742,20.4126893],[83.7876009,20.1767684],[83.7078151,20.0984752],[83.5809453,20.1107073],[83.4929872,19.9556137],[83.4054227,19.9193886],[83.4526146,19.7360337],[83.3701873,19.5942031],[83.2643813,19.5969342],[83.1798173,19.4202306],[83.0358077,19.5485733],[82.921392,19.431223],[82.9543392,19.3209501],[82.8756627,19.180071],[82.8023678,19.2328442],[82.8461065,19.3193864],[82.7243606,19.3422687],[82.5287994,19.5775829],[82.6034316,19.8670143],[82.445995,19.9102149],[82.3453277,19.8358539],[82.2374839,20.0035009],[82.0704742,20.0569936],[82.0325666,20.0157663],[81.9371367,20.1023695],[81.8518182,19.923168],[82.0655547,19.7906798],[82.0290634,19.5076869],[82.1894468,19.4275541],[82.1660978,19.1327256],[82.2460541,18.9191394],[82.1761473,18.9026974],[82.0849754,18.7186219],[81.893772,18.6574873],[81.9636425,18.5904721],[81.7502999,18.3536276],[81.5254787,18.258127],[81.3933699,17.7946754],[81.1661513,17.8576514],[81.0083445,17.7981269],[80.9790477,18.1787906],[80.8666889,18.1403015],[80.8371595,18.2421795]]]]}},{"type":"Feature","properties":{"name":"Kolonie Berbice","historical_entity":"Kolonie Berbice","ohm_relation_id":2848058,"start_date":"1627","end_date":"1781-02-27","admin_level":"2","boundary":"administrative","source":null,"_historical_overlay":true},"geometry":{"type":"MultiPolygon","coordinates":[[[[-57.0938072,5.987439],[-57.1806757,5.7549282],[-57.1615175,5.6389057],[-57.3356945,5.3168859],[-57.189812,5.1692205],[-57.288979,5.1710292],[-57.2904777,5.020289],[-57.6869393,5.0062589],[-57.8503401,4.9228014],[-57.9253743,4.7961425],[-57.837421,4.65088],[-57.953848,4.2990152],[-58.0676912,4.1511431],[-57.8297729,3.6624391],[-57.6440478,3.5166599],[-57.6548482,3.3901301],[-57.4762544,3.3389446],[-57.3084094,3.3949102],[-57.202266,2.8462357],[-57.0898698,2.7738887],[-56.7051904,2.0296447],[-56.4689543,1.9491824],[-56.7209559,1.9258145],[-56.7979303,1.8533579],[-56.9197084,1.9303603],[-57.0007036,1.9072931],[-57.111626,2.029516],[-57.2292284,1.937587],[-57.3456176,1.9802709],[-57.4324808,1.8908673],[-57.5532281,1.6924397],[-57.7743072,1.7297274],[-57.990093,1.6584388],[-58.004228,1.5030255],[-58.3223661,1.5970146],[-58.3855875,1.4699882],[-58.5087259,1.4629461],[-58.0531325,2.4656706],[-58.0503859,2.7043799],[-57.9570021,2.8799524],[-58.1382765,3.2488388],[-58.1575026,3.5051981],[-58.3264174,3.8012259],[-58.381349,4.135505],[-58.4661498,4.2645901],[-58.3157731,4.6444396],[-58.4321608,5.0430682],[-58.1794753,5.5339795],[-58.0970778,5.982145],[-57.9425826,5.9049712],[-57.7977003,5.9616575],[-57.8018202,6.0613564],[-57.7153029,6.1228055],[-57.6941657,6.5788592],[-57.5172605,6.3853267],[-57.3848937,6.3621091],[-57.1811759,6.2050146],[-57.0938072,5.987439]]]]}},{"type":"Feature","properties":{"name":"Kolonie Essequebo","historical_entity":"Kolonie Essequebo","ohm_relation_id":2848073,"start_date":"1630","end_date":"1781-02-27","admin_level":"2","boundary":"administrative","source":null,"_historical_overlay":true},"geometry":{"type":"MultiPolygon","coordinates":[[[[-58.3475997,7.0031588],[-58.2676897,6.9257295],[-58.3044447,6.7109831],[-58.4170546,6.6318716],[-58.4225471,6.2818567],[-58.5807385,6.47767],[-58.6795955,6.3762068],[-58.8070692,6.4149322],[-59.0061964,6.6468765],[-59.2602553,6.7791724],[-59.1091933,7.468689],[-58.7533221,7.7069359],[-58.63912,7.6246879],[-58.4318788,7.360902],[-58.4206852,7.1099294],[-58.3475997,7.0031588]]]]}},{"type":"Feature","properties":{"name":"Company Raj","historical_entity":"Company Raj","ohm_relation_id":2848237,"start_date":"1639-08-20","end_date":"1758","admin_level":"2","boundary":"administrative","source":null,"_historical_overlay":true},"geometry":{"type":"MultiPolygon","coordinates":[[[[80.3731691,13.4487646],[80.3968112,13.2785076],[80.3004204,12.8113933],[80.2021543,12.4503838],[80.0968871,12.3050916],[79.9185131,12.4698235],[79.6504996,12.9737452],[79.5533933,13.2385602],[79.5689303,13.4048685],[79.7553744,13.5748375],[80.0827786,13.6940252],[80.1270672,13.5338604],[80.3731691,13.4487646]]]]}},{"type":"Feature","properties":{"name":"State of Brazil","historical_entity":"State of Brazil","ohm_relation_id":2848717,"start_date":"1621-06-13","end_date":"1709","admin_level":"2","boundary":"administrative","source":null,"_historical_overlay":true},"geometry":{"type":"MultiPolygon","coordinates":[[[[-46.2000061,-24.3771725],[-46.2411255,-24.2966391],[-46.1442063,-24.2702774],[-46.1021874,-24.3512618],[-46.2000061,-24.3771725]]],[[[-46.7410529,-24.4877348],[-46.6813169,-24.4199664],[-46.605779,-24.4795516],[-46.6675184,-24.5487025],[-46.7410529,-24.4877348]]],[[[-46.8693831,-24.3605082],[-46.7897567,-24.3169597],[-46.7412255,-24.3862233],[-46.8225679,-24.4325716],[-46.8693831,-24.3605082]]],[[[-38.6958153,-17.9075493],[-38.6354953,-17.9732693],[-38.7161052,-18.0330752],[-38.7688983,-17.9614374],[-38.6958153,-17.9075493]]],[[[-38.8572157,-15.7045333],[-38.8063462,-15.859789],[-38.9690235,-16.29721],[-39.0883888,-16.7843601],[-39.0600617,-16.9751911],[-39.1591966,-17.1808244],[-39.1619379,-17.3667689],[-39.0773978,-17.4175279],[-39.1372906,-17.5013826],[-39.0888829,-17.7110213],[-39.2331678,-17.9013606],[-39.454302,-18.0376013],[-39.6438956,-18.4257674],[-39.6952993,-18.8331693],[-39.6363342,-19.3235397],[-39.7575196,-19.670306],[-39.9780206,-19.8085533],[-40.0799088,-19.9751083],[-40.1964432,-20.3699333],[-40.3331193,-20.57578],[-40.3177722,-20.7044681],[-40.4537179,-20.7265882],[-40.5887789,-20.8785652],[-40.6996268,-20.9023368],[-41.0116392,-21.5164124],[-40.9582449,-21.6000274],[-40.9336563,-22.0298321],[-41.657199,-22.3469774],[-41.6612457,-22.4579248],[-41.7626304,-22.4473303],[-41.9259486,-22.588071],[-41.9386267,-22.6681649],[-41.7266507,-22.7746779],[-41.9298403,-22.932477],[-41.9713959,-23.0611112],[-42.1353519,-22.9987325],[-42.5736482,-22.9844639],[-42.8502187,-23.0170591],[-42.9188278,-23.0773835],[-43.0928554,-23.041715],[-43.184903,-23.1272783],[-43.3637735,-23.0656016],[-43.5083704,-23.1197135],[-44.0374382,-23.1404318],[-44.1271194,-23.2729041],[-44.3496077,-23.2790924],[-44.4554815,-23.1039827],[-44.5087398,-23.1095207],[-44.5553853,-23.1320357],[-44.4442735,-23.294746],[-44.5218603,-23.3929725],[-44.955203,-23.4664582],[-44.9944376,-23.594247],[-45.3125417,-23.6642822],[-45.1740721,-23.7397158],[-45.0248752,-23.6749415],[-44.9425731,-23.7370482],[-44.9692099,-23.8069957],[-45.1616103,-23.8886457],[-45.210731,-24.0142191],[-45.4618374,-23.9871412],[-45.5946942,-23.8565022],[-45.7825249,-23.9298638],[-45.8475248,-23.887051],[-45.8272797,-23.814625],[-45.9384445,-23.8351037],[-46.0645177,-23.8865949],[-46.2378339,-24.1054341],[-46.4405188,-24.0813097],[-46.9050601,-24.3289355],[-46.9666616,-24.4627513],[-47.7705596,-24.9894585],[-47.8014077,-25.1581947],[-47.9125839,-25.2285154],[-47.9000896,-25.3066521],[-48.0123044,-25.3143025],[-48.2490675,-25.605477],[-48.3698905,-25.662016],[-48.306577,-25.7599538],[-48.4299558,-25.7581624],[-48.5366678,-25.9869962],[-48.5385447,-26.1053469],[-48.4471727,-26.111471],[-48.4181219,-26.1850533],[-48.4625165,-26.4069854],[-48.619282,-26.66328],[-48.5220562,-26.7745173],[-48.5750171,-26.8825669],[-48.5164199,-27.0532728],[-48.269589,-27.2477552],[-48.3570005,-27.3526331],[-48.2941824,-27.4915568],[-48.4186106,-27.7403796],[-48.3709932,-27.8659981],[-48.4909369,-27.8969071],[-48.543078,-28.0005071],[-48.5989977,-28.2762226],[-48.5423753,-28.3748831],[-48.6599449,-28.3824139],[-48.6468809,-28.4657196],[-48.7570235,-28.6347252],[-48.9177203,-28.7101055],[-48.8427921,-15.5820906],[-38.8572157,-15.7045333]]]]}},{"type":"Feature","properties":{"name":"State of Maranhão","historical_entity":"State of Maranhão","ohm_relation_id":2848723,"start_date":"1630","end_date":"1654-01-27","admin_level":"2","boundary":"administrative","source":null,"_historical_overlay":true},"geometry":{"type":"MultiPolygon","coordinates":[[[[-48.876523,-0.1053128],[-48.8213842,-0.1601521],[-48.7115802,-0.122421],[-48.6832941,-0.1885217],[-48.4024778,-0.1878411],[-48.3226723,-0.293042],[-48.4239146,-0.5334299],[-48.4369382,-0.7509507],[-48.3769815,-0.8207221],[-48.6742115,-1.1780588],[-48.8068123,-1.5254273],[-48.5956065,-1.1838548],[-48.3666027,-0.9955014],[-48.277003,-0.8024812],[-47.9242664,-0.506566],[-47.2891261,-0.5420976],[-46.7777077,-0.7480887],[-46.6173114,-0.7445009],[-46.545274,-0.8476651],[-46.4005628,-0.8219304],[-46.3631359,-0.904831],[-46.188046,-0.8360051],[-46.0576274,-0.9674366],[-45.9206239,-1.0308012],[-45.8376113,-1.001184],[-45.7823771,-1.0835663],[-45.6089583,-1.0708672],[-45.4731141,-1.2378831],[-45.2522772,-1.3320867],[-45.3488187,-1.7081182],[-45.1593045,-1.9057737],[-45.3488187,-2.3312019],[-45.4449518,-3.7491472],[-44.9945123,-4.2368506],[-43.494884,-5.0471598],[-42.6379504,-5.3644487],[-42.3852649,-5.5284996],[-42.088634,-6.0422252],[-41.9787708,-6.5991198],[-42.0941217,-8.8796389],[-42.0172174,-9.5249089],[-41.2152155,-9.2864593],[-40.3418024,-8.8145053],[-40.0836237,-8.6136044],[-39.9023492,-8.6244667],[-39.3969946,-9.2972852],[-38.6279517,-10.8980206],[-38.4741431,-11.3507752],[-38.4082251,-11.8458255],[-37.6157929,-12.0821068],[-38.0001733,-12.6653031],[-38.2907468,-12.9795075],[-38.4673086,-13.0697404],[-38.5841603,-13.0269958],[-38.9084698,-13.2835088],[-38.8484015,-13.3736393],[-38.8362756,-13.6562222],[-38.9450792,-13.7645143],[-38.8733545,-13.9419575],[-39.0102926,-14.7077467],[-38.8572157,-15.7045333],[-48.8427921,-15.5820906],[-48.7984774,-10.4448556],[-48.876523,-0.1053128]]]]}},{"type":"Feature","properties":{"name":"Dutch Brazil","historical_entity":"Dutch Brazil","ohm_relation_id":2848726,"start_date":"1630","end_date":"1654-01-27","admin_level":"2","boundary":"administrative","source":null,"_historical_overlay":true},"geometry":{"type":"MultiPolygon","coordinates":[[[[-34.0198133,-3.8616111],[-33.9589767,-3.7131943],[-33.8143439,-3.6543737],[-33.6694811,-3.7183345],[-33.6136838,-3.8663527],[-33.6736493,-4.0100318],[-33.8164094,-4.068674],[-33.9571016,-4.0095172],[-34.0198133,-3.8616111]]],[[[-32.6764136,-3.8757418],[-32.6164908,-3.7314247],[-32.4034205,-3.6052398],[-32.2422897,-3.6577305],[-32.1780429,-3.8174241],[-32.2385373,-3.9818338],[-32.4002485,-4.0771885],[-32.593071,-4.0391179],[-32.6764136,-3.8757418]]],[[[-44.3845162,-2.4698271],[-44.0173997,-2.3531147],[-43.9737601,-2.5311802],[-43.7563205,-2.245881],[-43.6220972,-2.1966253],[-43.5060462,-2.3191987],[-43.2434384,-2.2984155],[-42.5399293,-2.6295306],[-41.7946164,-2.677086],[-41.5816997,-2.8494095],[-40.8213152,-2.8220069],[-40.4985536,-2.7290845],[-39.9711109,-2.7886067],[-39.2211021,-3.1807373],[-38.6454217,-3.6239916],[-38.4499992,-3.6519659],[-38.0228872,-4.166259],[-37.737486,-4.3606796],[-37.5627731,-4.5820402],[-37.274687,-4.6755546],[-37.1382105,-4.8833474],[-36.9368244,-4.8719157],[-36.693891,-5.0312894],[-36.1674333,-5.0432532],[-35.9708898,-4.9876071],[-35.6335065,-5.0621343],[-35.3822919,-5.1797402],[-35.2129343,-5.4467523],[-35.0443485,-6.1525013],[-34.9329206,-6.3795567],[-34.7414226,-7.1493765],[-34.7764557,-7.9851111],[-34.9705119,-8.6335891],[-35.2556512,-9.2151437],[-36.2303299,-10.3097398],[-36.3623029,-10.545574],[-36.7466074,-10.727265],[-36.9175636,-10.890021],[-37.3689573,-11.5775664],[-37.6157929,-12.0821068],[-38.4082251,-11.8458255],[-38.4741431,-11.3507752],[-38.6279517,-10.8980206],[-39.3969946,-9.2972852],[-39.9023492,-8.6244667],[-40.0836237,-8.6136044],[-40.3418024,-8.8145053],[-41.2152155,-9.2864593],[-42.0172174,-9.5249089],[-42.0941217,-8.8796389],[-41.9787708,-6.5991198],[-42.088634,-6.0422252],[-42.3852649,-5.5284996],[-42.6379504,-5.3644487],[-43.494884,-5.0471598],[-44.9945123,-4.2368506],[-45.4449518,-3.7491472],[-45.3488187,-2.3312019],[-45.1593045,-1.9057737],[-45.3426388,-1.6614465],[-45.1866833,-1.3425821],[-45.0066764,-1.2183062],[-44.8499518,-1.240973],[-44.8308958,-1.3650112],[-44.5987658,-1.5738634],[-44.6076637,-1.675767],[-44.4836355,-1.8069898],[-44.3091696,-2.3127948],[-44.3845162,-2.4698271]]]]}},{"type":"Feature","properties":{"name":"New Netherland","historical_entity":"New Netherland","ohm_relation_id":2848803,"start_date":"1630","end_date":"1660","admin_level":"2","boundary":"administrative","source":null,"_historical_overlay":true},"geometry":{"type":"MultiPolygon","coordinates":[[[[-73.8665826,39.9644949],[-74.2511041,39.1513669],[-74.6795709,38.8225953],[-75.0421198,38.8054745],[-75.316778,39.1300645],[-75.4266412,39.3767762],[-75.9017972,39.5654726],[-75.9237698,39.7621049],[-74.4996657,41.4149265],[-74.2524774,41.419049],[-73.6129043,40.9509689],[-73.8665826,39.9644949]]]]}},{"type":"Feature","properties":{"name":"Governorate of Chile","historical_entity":"Governorate of Chile","ohm_relation_id":2848834,"start_date":"1541-06-11","end_date":"1768","admin_level":"2","boundary":"administrative","source":null,"_historical_overlay":true},"geometry":{"type":"MultiPolygon","coordinates":[[[[-74.6484479,-43.6884072],[-74.764555,-43.7240373],[-74.8681826,-43.6601302],[-74.8999798,-43.5403351],[-74.7777529,-43.4679761],[-74.4909496,-43.6020656],[-74.516148,-43.6697525],[-74.6484479,-43.6884072]]],[[[-65.3375789,-45.1296238],[-65.4278718,-45.1472577],[-65.4528703,-45.0835396],[-65.3625773,-45.0658861],[-65.3375789,-45.1296238]]],[[[-64.5380903,-54.9293308],[-64.7406007,-54.9434099],[-64.8177319,-54.8257505],[-64.5599686,-54.6872224],[-64.413916,-54.7084124],[-64.1427204,-54.6043292],[-64.0444779,-54.6602186],[-63.7768542,-54.6830424],[-63.7340493,-54.7408539],[-64.149835,-54.9147013],[-64.2844194,-54.8752869],[-64.5380903,-54.9293308]]],[[[-67.1081454,-55.4698196],[-67.0913326,-55.4097832],[-66.9970248,-55.4355163],[-67.0138376,-55.4955135],[-67.1081454,-55.4698196]]],[[[-66.7306993,-55.5802642],[-66.8002555,-55.630894],[-66.8513689,-55.5773091],[-66.7818127,-55.5266101],[-66.7306993,-55.5802642]]],[[[-67.5427141,-55.5443105],[-67.2563173,-55.5850598],[-67.2775747,-55.6580857],[-67.0346892,-55.7865595],[-66.977562,-55.9139405],[-67.1845258,-55.9267041],[-67.1598546,-55.9805005],[-67.2812718,-56.0179679],[-67.4853217,-55.9044875],[-67.5453249,-55.9311255],[-67.9270377,-55.9101102],[-67.9805408,-55.84826],[-67.9285945,-55.7887969],[-67.6210284,-55.7630661],[-67.8066879,-55.6184969],[-67.7251037,-55.462835],[-67.5965963,-55.4424167],[-67.5427141,-55.5443105]]],[[[-66.7195026,-55.8123202],[-66.8059279,-55.867524],[-66.8810376,-55.8200153],[-66.81569,-55.764353],[-66.7195026,-55.8123202]]],[[[-68.6280899,-56.5371287],[-68.7763446,-56.5632509],[-68.8140715,-56.4484856],[-68.7002596,-56.4176353],[-68.6280899,-56.5371287]]],[[[-72.9244255,-54.5049196],[-73.1206821,-54.5246292],[-73.1232939,-54.4366208],[-72.9330071,-54.4125264],[-72.9244255,-54.5049196]]],[[[-75.6302289,-49.3716149],[-75.7205219,-49.3878899],[-75.7455203,-49.32908],[-75.6552274,-49.3127854],[-75.6302289,-49.3716149]]],[[[-74.9846951,-44.9229281],[-75.1923679,-44.9558793],[-75.243594,-44.7669378],[-75.05957,-44.7281176],[-74.9673519,-44.8316929],[-74.9846951,-44.9229281]]],[[[-74.5353445,-44.9621794],[-74.5950009,-45.0325595],[-74.711289,-44.9615264],[-74.6480439,-44.8820254],[-74.5353445,-44.9621794]]],[[[-73.8034758,-38.4220755],[-73.9162216,-38.5006953],[-74.0217792,-38.3543288],[-74.0157762,-38.278406],[-73.9373567,-38.2546478],[-73.7929954,-38.3555871],[-73.8034758,-38.4220755]]],[[[-71.5940267,-29.5985636],[-71.579683,-29.5042422],[-71.4854969,-29.5430879],[-71.4998406,-29.6373731],[-71.5940267,-29.5985636]]],[[[-70.52899,-24.90267],[-70.2397169,-24.9798328],[-69.7714247,-25.383734],[-69.3086256,-26.1406438],[-69.2495741,-26.6535944],[-68.9247901,-26.9110486],[-68.8715746,-27.2537138],[-68.8092615,-27.2997909],[-68.9790346,-27.4327273],[-68.9450456,-27.5143613],[-69.0542223,-27.617079],[-69.043236,-27.69812],[-69.1901906,-27.9513677],[-69.3032328,-27.9995301],[-69.4203057,-28.2126437],[-69.4905082,-28.198381],[-69.6530306,-28.3978521],[-69.7844699,-29.1284714],[-69.9475483,-29.1887342],[-70.0158695,-29.3292097],[-69.88678,-29.7189174],[-69.9803749,-30.0724785],[-69.8357584,-30.1618788],[-69.9645878,-30.3747857],[-70.1734122,-30.3646571],[-70.1439308,-30.4395879],[-70.2171047,-30.5151389],[-70.3392161,-30.9381621],[-70.266559,-31.0364507],[-70.3397845,-31.0417217],[-70.4086434,-31.1500355],[-70.467787,-31.0893674],[-70.5414001,-31.1881727],[-70.5663873,-31.599738],[-70.4671671,-31.7033425],[-70.4609873,-31.8421283],[-70.20916,-31.9609009],[-70.2858927,-32.0517347],[-70.3874819,-32.0417123],[-70.3044321,-32.1365189],[-70.3187658,-32.2729097],[-70.2186014,-32.3329786],[-70.2366258,-32.4280788],[-70.1363756,-32.4877551],[-70.1472759,-32.7290475],[-69.9896909,-32.8994074],[-70.0932886,-33.0516949],[-70.0629047,-33.2045093],[-70.0014498,-33.3229262],[-69.9185373,-33.2675415],[-69.7752001,-33.3355479],[-69.9036027,-33.7787192],[-69.8551942,-33.8926473],[-69.9058343,-33.9642914],[-69.822321,-34.016313],[-69.8716737,-34.1347547],[-69.7966576,-34.2103825],[-69.9094392,-34.2917574],[-70.030632,-34.2878484],[-70.0111914,-34.4134597],[-70.1286507,-34.4845214],[-70.3061057,-34.7469725],[-70.2479124,-34.7990037],[-70.3645135,-35.006167],[-70.3744269,-35.1701599],[-70.5798197,-35.2577449],[-70.4321481,-35.3184168],[-70.4455377,-35.4629769],[-70.3675176,-35.5216086],[-70.4233933,-35.6399991],[-70.378418,-35.7873579],[-70.3067065,-35.8134283],[-70.421505,-35.8756632],[-70.366745,-35.9234629],[-70.4232216,-35.9722409],[-70.3694916,-36.0354616],[-70.4206896,-36.1549941],[-70.5790043,-36.1396076],[-70.7058621,-36.2724417],[-70.7138443,-36.4278434],[-70.8834029,-36.3964493],[-70.957346,-36.5049794],[-71.0351578,-36.4733696],[-71.0097456,-36.691685],[-71.1132575,-36.6792268],[-71.1803341,-36.8416445],[-71.0868645,-36.9340281],[-71.2226487,-36.977941],[-71.0923577,-37.1146097],[-71.115149,-37.2076053],[-71.2206458,-37.2750039],[-71.1162273,-37.4890907],[-71.2064033,-37.6485851],[-71.1237084,-37.8198684],[-71.1834203,-37.8576126],[-70.9882651,-38.087365],[-71.0432304,-38.1229862],[-70.9830953,-38.431337],[-70.8262826,-38.5964804],[-70.9255457,-38.7636207],[-71.0943318,-38.7547526],[-71.4346075,-38.9278498],[-71.3741398,-39.2830945],[-71.5335703,-39.5276791],[-71.4671803,-39.5580264],[-71.5030576,-39.6372241],[-71.6742887,-39.5635741],[-71.7175055,-39.6374555],[-71.6692257,-39.6826186],[-71.6886664,-39.848151],[-71.5942098,-39.9107237],[-71.6890527,-40.0341207],[-71.674204,-40.1034828],[-71.825266,-40.0878562],[-71.8290425,-40.2139482],[-71.6562653,-40.3627324],[-71.7381049,-40.4355154],[-71.825223,-40.4210109],[-71.890111,-40.5557435],[-71.8226481,-40.584235],[-71.9634533,-40.718965],[-71.8588257,-40.8783155],[-71.9043161,-40.9835265],[-71.3153715,-41.0977037],[-71.1418286,-41.056031],[-71.0317657,-40.9338826],[-71.1191363,-40.8019892],[-71.0924997,-40.725909],[-70.5382934,-40.5030504],[-70.1786108,-40.4936666],[-70.1845578,-40.4293146],[-70.0596703,-40.3684251],[-70.0638375,-40.2553843],[-69.9506652,-40.1803137],[-70.0048868,-40.0377331],[-69.9349638,-39.9433164],[-69.4165935,-39.7626577],[-69.2550387,-39.6036074],[-68.8550668,-39.3826343],[-68.5692773,-39.0875822],[-68.1784995,-38.9674111],[-67.6482825,-39.1108454],[-67.2103568,-39.1010287],[-67.0172221,-39.1814423],[-66.5754956,-39.0933945],[-65.9169631,-39.2786702],[-65.690255,-39.2583969],[-65.56803,-39.4088698],[-65.5883581,-39.4704821],[-65.5009992,-39.4893916],[-65.3426773,-39.7281192],[-65.3618485,-39.8076264],[-65.2598407,-39.8825956],[-64.9016738,-39.9026285],[-64.5581292,-40.0902957],[-64.2654483,-40.1135226],[-64.0707199,-40.2240497],[-64.0915735,-40.2818889],[-63.9109267,-40.3095617],[-63.8053022,-40.4515619],[-63.6028494,-40.4875412],[-63.4218667,-40.7020064],[-62.9548802,-40.820014],[-62.7824938,-41.0359369],[-62.7783841,-41.0850536],[-63.0396331,-41.184551],[-63.8026798,-41.200584],[-64.5597997,-40.9080737],[-64.9108064,-40.8674602],[-64.9839419,-40.8066107],[-65.0471471,-40.8420554],[-65.0913694,-41.1429929],[-64.9239579,-41.5295269],[-64.9929408,-42.0358462],[-64.8417317,-42.1378902],[-64.4262257,-42.202573],[-63.8764294,-42.0286681],[-63.733574,-42.0354912],[-63.530014,-42.3146063],[-63.5779486,-42.7678554],[-63.6679526,-42.8421603],[-64.1474346,-42.9201089],[-64.3253618,-42.7898112],[-64.3128394,-42.6591469],[-64.4453372,-42.5546943],[-64.6581007,-42.5518418],[-64.924485,-42.6683197],[-64.9752075,-42.7393764],[-64.6258164,-42.8668043],[-64.3036881,-42.8865677],[-64.2496899,-42.9947897],[-64.9540801,-43.3034505],[-64.9958089,-43.4281937],[-65.2684941,-43.6776599],[-65.2478493,-43.8824785],[-65.1381231,-44.0421521],[-65.1562468,-44.1462793],[-65.2426845,-44.2011912],[-65.150239,-44.3723926],[-65.3107294,-44.6120091],[-65.5852014,-44.6958266],[-65.656063,-44.8341104],[-65.4728451,-44.8909662],[-65.4278718,-45.023179],[-65.5476868,-45.107408],[-65.8804993,-45.0892585],[-65.899203,-45.1465903],[-66.0604515,-45.1742438],[-66.1664735,-45.1200367],[-66.0622595,-45.0528045],[-66.1594856,-45.0376508],[-66.319517,-45.1158155],[-66.296437,-45.1675633],[-66.3765635,-45.229325],[-66.9146657,-45.3031591],[-67.1568697,-45.5325152],[-67.5596928,-46.070393],[-67.5198793,-46.320751],[-67.3588618,-46.5594399],[-67.0943885,-46.6692467],[-66.745891,-46.968645],[-65.9438187,-47.0295198],[-65.6885035,-47.1746274],[-65.6403309,-47.3478696],[-65.6742282,-47.5237259],[-65.8148897,-47.7769662],[-65.7848809,-47.8583421],[-65.6488566,-47.9118049],[-65.8383163,-48.0055333],[-65.8671154,-48.1489041],[-66.064703,-48.1469483],[-66.2822827,-48.3062213],[-66.294701,-48.400212],[-66.687079,-48.4943374],[-67.4981444,-49.0402102],[-67.5633123,-49.1438371],[-67.5308302,-49.2972682],[-67.6644041,-49.7896961],[-67.8217687,-50.0074997],[-68.7933734,-50.3438675],[-68.9822821,-50.5203323],[-69.115785,-50.9445299],[-68.9001905,-51.592771],[-68.6693855,-51.9493965],[-68.2837689,-52.3381405],[-68.4359756,-52.4325357],[-68.5079568,-52.3780007],[-68.9926437,-52.333327],[-69.1901169,-52.2355348],[-69.4230166,-52.3012632],[-69.4428485,-52.4110957],[-69.3285777,-52.446756],[-69.1256817,-52.6523036],[-68.8572448,-52.5844705],[-68.7737783,-52.5008874],[-68.5786417,-52.6170674],[-68.2194576,-52.9431898],[-68.1401769,-53.137187],[-68.250086,-53.1849664],[-68.3314716,-53.062436],[-68.5007882,-53.2217942],[-68.0689538,-53.3145021],[-67.9569914,-53.5439707],[-67.4913775,-53.8175026],[-67.4958305,-53.8949884],[-66.6481473,-54.2528517],[-66.4217768,-54.4429257],[-65.8033879,-54.6076302],[-65.0894598,-54.6169859],[-65.0496398,-54.6632399],[-65.1674021,-54.8398032],[-65.3529226,-54.9748197],[-65.6674895,-55.0105879],[-65.8832141,-54.9494825],[-66.4341993,-55.0907171],[-66.7481339,-55.039936],[-66.805072,-55.1538702],[-66.9851813,-55.1039225],[-66.9985167,-55.1879648],[-66.8154729,-55.1948619],[-66.7722695,-55.2676242],[-66.5568605,-55.1359074],[-66.3544491,-55.2019156],[-66.47208,-55.3027089],[-66.8588,-55.3830237],[-67.047175,-55.3795008],[-67.1260337,-55.2780132],[-67.2274347,-55.3563073],[-67.4539333,-55.3396498],[-67.5268551,-55.2943792],[-67.5184204,-55.2200373],[-67.6058794,-55.314279],[-68.1090111,-55.2675621],[-68.2502817,-55.3301119],[-68.0211963,-55.3706483],[-67.9058637,-55.5433202],[-67.9381656,-55.6926175],[-68.0676815,-55.7446567],[-68.3211496,-55.6503166],[-68.362428,-55.5744075],[-68.586416,-55.6306514],[-68.7529635,-55.5815514],[-68.8928271,-55.6755984],[-69.1560812,-55.6809914],[-69.2393649,-55.5729082],[-69.6552901,-55.5689992],[-69.8329981,-55.5032618],[-69.8526065,-55.4215783],[-70.0336391,-55.4582196],[-70.2090944,-55.3872908],[-70.285447,-55.2631276],[-70.0736714,-55.1137848],[-70.1916354,-55.0825275],[-70.3728087,-55.2400837],[-70.5728607,-55.2811419],[-70.7642826,-55.2312539],[-70.7993367,-55.1555858],[-71.0029021,-55.1793119],[-71.1034333,-55.0595098],[-71.3163157,-55.0581155],[-71.5502897,-54.9428415],[-71.5450709,-54.8433791],[-71.4494147,-54.7474887],[-71.7996508,-54.8022699],[-72.0819401,-54.7431764],[-72.1631196,-54.6454034],[-72.121482,-54.5189404],[-72.466991,-54.4847671],[-72.6065805,-54.3774422],[-72.8561794,-54.3095535],[-72.7089897,-54.2051976],[-73.0080826,-54.2652054],[-73.1995301,-54.1744295],[-73.354996,-54.2037692],[-73.5432173,-54.1012367],[-73.5635652,-54.0459033],[-73.4159518,-53.9632116],[-73.4598097,-53.8204707],[-73.7640977,-53.7473351],[-73.7978516,-53.6454342],[-74.001083,-53.5706562],[-73.9235416,-53.5041227],[-73.9393001,-53.3214328],[-73.8490219,-53.2796973],[-73.9870155,-53.232941],[-74.1263087,-53.3993926],[-74.2670518,-53.3848182],[-74.3727019,-53.3092922],[-74.3334628,-53.2407239],[-74.4140605,-53.1101022],[-74.6306969,-52.9862694],[-74.7880137,-52.7290948],[-74.6626851,-52.6741798],[-74.2604203,-52.8955278],[-73.5446308,-53.0512169],[-73.8715552,-52.9272462],[-73.884441,-52.8703588],[-73.7913802,-52.8270913],[-73.8486422,-52.7829639],[-74.4088341,-52.6649174],[-74.6543738,-52.4390269],[-74.9664971,-52.3016803],[-74.9592537,-52.1808658],[-75.1112643,-52.137101],[-75.1043396,-51.9616726],[-75.210693,-51.8930553],[-75.1425724,-51.7268286],[-74.9418054,-51.5922484],[-75.0702819,-51.5611288],[-75.142664,-51.6434286],[-75.2949578,-51.6733124],[-75.4009967,-51.6256923],[-75.3821478,-51.5127377],[-75.2851826,-51.459349],[-75.2672296,-51.2818102],[-75.1215548,-51.1964701],[-75.1732055,-51.1312691],[-75.0492255,-51.0819966],[-75.1105228,-50.9520383],[-74.9955093,-50.8765197],[-75.1793584,-50.7768808],[-75.362335,-50.8377057],[-75.5575055,-50.684143],[-75.5018677,-50.552085],[-75.532744,-50.2992355],[-75.4411183,-50.1156108],[-75.4672172,-49.9965544],[-75.2530225,-49.9444701],[-75.4571982,-49.8139586],[-75.6578392,-49.888544],[-75.7091698,-49.7890614],[-75.6582757,-49.7074221],[-75.6895916,-49.6131982],[-75.5687458,-49.5178667],[-75.6119844,-49.3766735],[-75.5275715,-49.3028621],[-75.7500309,-49.2062154],[-75.7521334,-48.9859542],[-75.6304266,-48.7821981],[-75.6730338,-48.4592136],[-75.5313618,-48.2390443],[-75.5895977,-48.0862221],[-75.2879867,-47.8928458],[-75.2808817,-47.8201238],[-75.4097534,-47.8001793],[-75.4090119,-47.707986],[-75.1424922,-47.6032985],[-74.8806483,-47.6379349],[-74.7710415,-47.7204716],[-74.7124456,-47.6403998],[-74.7888961,-47.6174033],[-74.7903553,-47.5541491],[-74.6678188,-47.568309],[-74.4065295,-47.2318826],[-74.5114993,-47.1808736],[-74.5038058,-47.0470904],[-74.1740922,-46.9545332],[-74.2394931,-46.8671402],[-74.6072238,-46.977919],[-74.7298657,-46.8640206],[-75.0480336,-46.7411696],[-75.2560898,-46.9584061],[-75.4997061,-47.0054051],[-75.7007802,-46.8288535],[-75.7148223,-46.649463],[-75.1119171,-46.1949138],[-75.144849,-45.8595266],[-75.0197272,-45.7460453],[-74.9118325,-45.7558311],[-74.9888505,-45.5918135],[-74.82266,-45.5004687],[-74.68007,-45.5779508],[-74.534178,-45.4152873],[-74.6640437,-45.3586354],[-74.7137087,-45.2357601],[-74.4926572,-45.0919628],[-74.5259482,-44.8473172],[-74.6290408,-44.7305877],[-74.8520918,-44.6877362],[-74.8784096,-44.5356061],[-74.766396,-44.490715],[-74.550593,-44.5607217],[-74.6283221,-44.4605],[-74.4457766,-44.2944847],[-74.4051357,-44.0463035],[-74.2396979,-43.9366645],[-74.1546247,-43.7598741],[-73.8527003,-43.7177692],[-73.5461719,-43.86102],[-73.5229034,-43.9873826],[-73.4665641,-43.9330125],[-73.3866148,-43.9733289],[-73.4385107,-44.0673804],[-73.3741608,-44.1648552],[-73.4461746,-44.2128759],[-73.3947602,-44.3114546],[-73.5062032,-44.4097834],[-73.4624893,-44.4975876],[-73.5106622,-44.6138316],[-73.3334291,-44.4600043],[-73.3855803,-44.3620474],[-73.3027036,-44.2471843],[-73.3505614,-44.1589518],[-73.3200085,-43.8907168],[-73.1149094,-43.8048276],[-73.0792183,-43.6038414],[-73.164824,-43.4730718],[-73.1388258,-43.3287865],[-72.9578852,-43.20965],[-72.9767775,-43.1106206],[-72.8738246,-42.9826803],[-72.9065422,-42.8321874],[-73.1412227,-42.7840618],[-73.1609591,-42.6690419],[-73.4048442,-42.6765259],[-73.4872966,-42.7224406],[-73.2505646,-43.0231097],[-73.3565057,-43.0617098],[-73.6441082,-43.4338681],[-73.8310169,-43.4755925],[-74.0203437,-43.4325614],[-74.2303448,-43.5207383],[-74.4742569,-43.2644247],[-74.4021618,-43.0626164],[-74.2273512,-42.8527459],[-74.1888742,-42.6424483],[-74.2672331,-42.5023708],[-74.2312788,-42.1777673],[-74.102379,-42.0559306],[-74.1254437,-41.8053568],[-73.752395,-41.6285738],[-73.8357365,-41.6105719],[-73.9100438,-41.4860669],[-74.0197216,-41.0119018],[-73.7935789,-40.5365982],[-73.8358336,-40.3421882],[-73.7232251,-40.113761],[-73.7747842,-39.9720614],[-73.4673777,-39.794321],[-73.4703254,-39.6866754],[-73.2793774,-39.3570566],[-73.571988,-38.5895478],[-73.5970424,-38.3796145],[-73.5179681,-38.0979254],[-73.7309504,-37.7324273],[-73.7462869,-37.5974237],[-73.6719327,-37.4410399],[-73.7533371,-37.3679908],[-73.727026,-37.2055968],[-73.5988407,-37.0755611],[-73.619429,-36.9489887],[-73.5653846,-36.8972653],[-73.3928221,-37.0212149],[-73.4835946,-37.1510215],[-73.3632524,-37.1888346],[-73.2375924,-37.1149426],[-73.2204816,-36.8512194],[-73.2902529,-36.7548017],[-73.1820183,-36.5750455],[-73.0628076,-36.5467716],[-72.9355353,-36.3884565],[-72.8446034,-35.951526],[-72.6293294,-35.768705],[-72.6850044,-35.5371278],[-72.554734,-35.4424141],[-72.4373399,-35.1791794],[-72.2562975,-35.0813962],[-72.2542626,-34.87532],[-72.1241767,-34.7042362],[-72.1133798,-34.4135675],[-72.0403772,-34.3244358],[-72.0758099,-34.1137094],[-71.8506175,-33.7396827],[-71.7278729,-33.6826853],[-71.6929779,-33.5940175],[-71.7728975,-33.4409054],[-71.7315396,-33.3145037],[-71.8124218,-33.093514],[-71.6157072,-32.9647553],[-71.6194999,-32.776968],[-71.5165919,-32.6551879],[-71.497169,-32.4001826],[-71.6178879,-32.2029205],[-71.5998671,-31.781553],[-71.792165,-30.6120597],[-71.6943508,-30.1965464],[-71.5611415,-30.2168109],[-71.4535157,-30.1124935],[-71.4763491,-29.9787062],[-71.3527291,-29.8734891],[-71.4056739,-29.765332],[-71.4048734,-29.3633595],[-71.6021124,-29.3156811],[-71.5514292,-29.1126166],[-71.6580843,-29.0253854],[-71.5515886,-28.8198451],[-71.3539632,-28.6457738],[-71.3812414,-28.5545136],[-71.2531542,-28.3428709],[-71.1922278,-27.8786684],[-71.0972577,-27.6282884],[-70.9879147,-27.6012522],[-71.046522,-27.1601997],[-70.8817469,-26.9869924],[-70.893199,-26.8506875],[-70.7755299,-26.5851121],[-70.7017802,-26.0082797],[-70.8005476,-25.7725822],[-70.7094857,-25.4895457],[-70.5383396,-25.3185985],[-70.5410845,-25.0031083],[-70.6214476,-24.9002991],[-70.52899,-24.90267]]]]}},{"type":"Feature","properties":{"name":"Duchy of Mirandola","historical_entity":"Duchy of Mirandola","ohm_relation_id":2848904,"start_date":"1648-10-24","end_date":"1711","admin_level":"2","boundary":"administrative","source":null,"_historical_overlay":true},"geometry":{"type":"MultiPolygon","coordinates":[[[[11.2462057,44.9514386],[11.2208174,44.8825124],[10.9770581,44.8595196],[10.9494424,44.9322229],[11.0566664,44.9503882],[11.2462057,44.9514386]]]]}},{"type":"Feature","properties":{"name":"New Kingdom of Granada","historical_entity":"New Kingdom of Granada","ohm_relation_id":2848985,"start_date":"1538-10-12","end_date":"1717-05-27","admin_level":"2","boundary":"administrative","source":null,"_historical_overlay":true},"geometry":{"type":"MultiPolygon","coordinates":[[[[-82.3950155,7.8314026],[-82.4763083,7.8190575],[-82.4851155,7.9068733],[-82.3991652,7.9102132],[-82.3950155,7.8314026]]],[[[-81.9759008,8.0227567],[-81.9806749,7.9012447],[-82.1118706,7.9472007],[-82.0538921,8.0792766],[-81.9759008,8.0227567]]],[[[-78.736331,8.1560031],[-78.8065186,8.1499634],[-78.8265158,8.2184842],[-78.9318198,8.172239],[-79.0139665,8.271762],[-79.0729028,8.1614802],[-79.1617936,8.1712538],[-79.1846255,8.4089245],[-79.1029137,8.5610235],[-79.1142784,8.694792],[-79.026674,8.7184277],[-78.9672211,8.5531127],[-78.7549842,8.4299049],[-78.7903464,8.2499104],[-78.7265366,8.2252624],[-78.736331,8.1560031]]],[[[-81.5013889,9.0537864],[-81.6007028,9.0439391],[-81.6217385,9.1330371],[-81.5157833,9.1452843],[-81.5013889,9.0537864]]],[[[-81.6890768,7.793472],[-81.7938823,7.7530408],[-81.8482954,7.8872867],[-81.7484761,7.9158762],[-81.6890768,7.793472]]],[[[-82.1889779,7.5059879],[-82.2000435,7.4240759],[-82.2860616,7.4301393],[-82.2895494,7.5159098],[-82.1889779,7.5059879]]],[[[-80.3795717,-3.1750534],[-80.4429357,-3.2284138],[-80.4932975,-3.1696541],[-80.4313485,-3.1159788],[-80.3795717,-3.1750534]]],[[[-81.0085501,-1.2486697],[-81.0286357,-1.3373839],[-81.1331958,-1.302267],[-81.0959209,-1.2119675],[-81.0085501,-1.2486697]]],[[[-78.1578419,2.9017923],[-78.2672799,2.911481],[-78.2196138,3.0328336],[-78.1181672,3.0237008],[-78.1578419,2.9017923]]],[[[-81.5500989,4.0125241],[-81.6046727,3.9403732],[-81.6695601,3.992774],[-81.617593,4.0672774],[-81.5500989,4.0125241]]],[[[-80.3675544,-4.2800113],[-80.3064502,-4.1999359],[-80.4491365,-4.208868],[-80.4862892,-4.0828739],[-80.3980245,-3.9811993],[-80.4830936,-3.8930273],[-80.4343418,-3.6614455],[-80.4779438,-3.5418625],[-80.3085372,-3.2848399],[-80.1561356,-3.2819852],[-79.9542001,-3.1098959],[-79.872733,-2.8139016],[-80.100338,-3.064438],[-80.2735673,-3.0774456],[-80.3228911,-2.9999505],[-80.2965159,-2.7875958],[-80.6964651,-2.4591544],[-80.9353826,-2.3766932],[-81.0604114,-2.2133503],[-81.0390569,-2.1407783],[-80.9039032,-2.1602656],[-80.79181,-2.0566041],[-80.8168708,-1.7758619],[-80.9247379,-1.592514],[-80.8024457,-1.3511965],[-80.9287314,-1.1795868],[-80.9543307,-1.0171394],[-80.8507885,-0.9085225],[-80.5962728,-0.8617243],[-80.4916983,-0.5743923],[-80.5351002,-0.340302],[-80.1106304,0.0966876],[-80.0649069,0.5526769],[-80.1574116,0.6937935],[-80.1103295,0.8419988],[-79.7538952,1.0161375],[-79.1340832,1.1956304],[-78.9219924,1.4864617],[-79.03398,1.5708291],[-79.0420884,1.696664],[-78.8442072,1.8747433],[-78.6149868,1.848325],[-78.7219617,1.9600427],[-78.7651135,2.168697],[-78.5906277,2.5230507],[-78.351869,2.7064515],[-78.1416126,2.7377068],[-78.0671231,2.6884197],[-77.854093,2.7555608],[-77.5441174,3.3452258],[-77.2486939,3.6441448],[-77.2414454,3.7793063],[-77.3997298,3.864732],[-77.5818889,4.1562535],[-77.5696994,4.2929432],[-77.4199327,4.4173311],[-77.3783302,4.5928899],[-77.4673341,5.407619],[-77.5937071,5.4830121],[-77.5347982,5.643207],[-77.3725383,5.6797461],[-77.3122411,5.7553277],[-77.5355922,6.1897723],[-77.3952864,6.5354756],[-77.4532516,6.6054231],[-77.5548487,6.5961967],[-77.6436335,6.7935214],[-77.7354756,6.7760336],[-77.7322063,7.0001049],[-78.2659722,7.5153868],[-78.4987408,8.0530779],[-78.4462567,8.1535414],[-78.3027871,8.159651],[-78.3585411,8.2881568],[-78.4595271,8.3105628],[-78.6001047,8.5895901],[-78.7387102,8.5933589],[-78.7295753,8.7049334],[-78.9528219,8.8822117],[-79.0728921,8.9308373],[-79.1464212,8.8942935],[-79.1873511,8.9622834],[-79.4525055,8.9550385],[-79.4583065,8.7867831],[-79.548405,8.6885652],[-79.6848316,8.8074019],[-79.6439627,8.6490181],[-79.545485,8.6293761],[-79.5572322,8.5250952],[-79.631006,8.5298729],[-79.665176,8.6085736],[-80.085631,8.3048761],[-80.3856993,8.2356367],[-80.4130226,8.0727202],[-79.958152,7.6665477],[-79.9390971,7.510563],[-80.014189,7.3988658],[-80.2900866,7.3621971],[-80.4276283,7.1886005],[-80.9090157,7.1603372],[-81.00595,7.2427158],[-80.9648409,7.3448613],[-81.0308227,7.5004708],[-81.2722757,7.4180274],[-81.2745774,7.5659556],[-81.5639807,7.6728127],[-81.6681827,7.5941577],[-81.5411049,7.3040542],[-81.7133913,7.2879202],[-81.7536156,7.1719972],[-81.8191888,7.1541009],[-81.87841,7.273216],[-81.831249,7.3461261],[-81.9409927,7.5377145],[-81.6391097,7.7755267],[-81.6992287,7.9537776],[-81.858079,8.0458344],[-81.8655715,8.1129959],[-82.0540517,8.1643598],[-82.1422625,8.0558944],[-82.3062367,8.0123939],[-82.4111022,8.0601913],[-82.3985464,8.1693002],[-82.4687576,8.2185089],[-82.6857602,8.2774449],[-82.8206668,8.2306035],[-82.8305353,7.9757815],[-82.9256693,7.9873676],[-82.8781142,8.6706346],[-82.5303694,9.6111657],[-81.7680741,9.1752313],[-81.499467,8.8597586],[-81.0930092,8.8638953],[-80.4284703,9.1937032],[-80.1305132,9.270575],[-79.577596,9.6990108],[-79.2027628,9.599337],[-78.6550845,9.6398608],[-78.4527747,9.4665133],[-78.0784062,9.3474009],[-77.7333451,9.0996419],[-77.4813401,8.7360019],[-77.3232152,8.715435],[-77.0048149,8.3035172],[-76.8027537,8.1943024],[-76.8150056,8.3774146],[-76.9724458,8.4954495],[-76.9790638,8.5902605],[-76.9052346,8.6714702],[-76.6945161,8.7133806],[-76.3759229,8.9629141],[-76.3882053,9.0584364],[-76.3050483,9.0710241],[-76.1659329,9.2896066],[-76.2430558,9.3675708],[-76.2111781,9.4436956],[-76.137372,9.4391846],[-76.1199315,9.375381],[-75.9512267,9.4981496],[-75.6682447,9.4739779],[-75.6468625,9.6421688],[-75.7988481,9.7083357],[-75.843599,9.6403834],[-75.911662,9.6809573],[-75.9182353,9.8202312],[-75.8437941,9.8582481],[-75.7107793,9.7789992],[-75.6335302,9.9737899],[-75.6314953,10.098376],[-75.8089972,10.1060028],[-75.8456493,10.192078],[-75.6760439,10.2251273],[-75.5556864,10.6006625],[-74.8889461,11.1486965],[-74.3595388,11.0284694],[-74.2762492,11.0828257],[-74.2978491,11.2285438],[-74.2169807,11.3735758],[-73.310842,11.3300981],[-72.7958493,11.7251722],[-72.2822829,11.9317887],[-72.1956039,12.1085728],[-72.2375132,12.2094458],[-72.1960644,12.2712174],[-72.0024056,12.302182],[-71.6690067,12.5127375],[-71.2371263,12.378849],[-71.0655124,12.1100754],[-71.0873322,11.9773132],[-71.2655061,11.8460004],[-71.990614,11.6490575],[-72.2670829,11.1549016],[-72.4991398,11.1206057],[-72.6829748,10.8556176],[-72.9148986,10.4329044],[-72.9855403,9.8121671],[-73.3911486,9.1727746],[-73.2122448,9.1734464],[-73.0097249,9.2953769],[-72.9553096,9.1039932],[-72.7910302,9.1139409],[-72.6754301,8.6515144],[-72.3935351,8.3553826],[-72.3357609,8.1038992],[-72.4912036,7.9375011],[-72.4786979,7.4844538],[-72.4146191,7.4138122],[-72.206208,7.3818761],[-72.098256,7.086752],[-71.9938179,7.0128547],[-71.8481937,6.9838642],[-71.620404,7.0521288],[-71.292517,7.0257738],[-71.1840482,6.9625735],[-70.7033024,7.0999295],[-70.3190623,6.9382856],[-70.129203,6.9725471],[-69.4436377,6.1222372],[-69.3313964,6.1563695],[-69.2461045,6.0806636],[-69.0611287,6.2178386],[-68.6353149,6.1358798],[-67.9779907,6.2178386],[-67.8271989,6.3134142],[-67.4499609,6.1979432],[-67.4911987,6.1144858],[-67.422469,5.9782409],[-67.625144,5.7845059],[-67.6170308,5.5416009],[-67.8345886,5.3393135],[-67.7930924,5.0633355],[-67.8750512,4.5326443],[-67.7930924,4.4289814],[-67.7862194,4.1729764],[-67.6317586,3.7618645],[-67.4998287,3.7179137],[-67.3094527,3.3839289],[-67.8386193,2.8861299],[-67.8559309,2.7897533],[-67.7510278,2.8421015],[-67.6265909,2.8134211],[-67.5755863,2.691103],[-67.1897184,2.3943769],[-67.2172619,2.2660644],[-67.1146325,2.1029994],[-67.1326159,1.9908098],[-66.9808939,1.6659459],[-66.8958862,1.2652986],[-66.1304859,0.6399407],[-66.1119464,0.5839822],[-66.2846378,0.4840797],[-66.2966541,0.3470975],[-66.4133838,0.2259061],[-66.1153797,0.0350193],[-66.1366657,-0.0724407],[-66.0813907,-0.0799938],[-66.1225895,-0.1266856],[-66.0474018,-0.2406682],[-65.9251789,-0.1853936],[-65.8826068,-0.2746568],[-65.6957102,-1.8265967],[-65.747682,-1.9469505],[-65.8300795,-1.9277354],[-65.8630385,-2.0704707],[-66.115724,-1.98538],[-66.4302077,-2.085567],[-66.6128554,-2.2159377],[-66.6540541,-2.3641346],[-66.8710341,-2.3339476],[-66.8916335,-2.4684119],[-66.950685,-2.478016],[-67.0193495,-2.3298312],[-67.1058662,-2.2900388],[-67.2253425,-2.4588085],[-67.3743446,-2.5116304],[-67.4732079,-2.7246096],[-67.7153139,-2.825606],[-67.8869752,-3.0354446],[-67.9679994,-3.3477261],[-68.2356064,-3.3501083],[-68.3121674,-3.2664772],[-68.5154144,-3.4001465],[-68.6366074,-3.3706723],[-68.7890427,-3.4470978],[-69.3120445,-3.4825773],[-69.4291176,-3.6874824],[-69.4119515,-3.9820786],[-69.5341744,-4.0779713],[-69.4919457,-4.1276255],[-69.3813957,-4.0981758],[-69.3755593,-4.1454318],[-69.5626702,-4.3077241],[-69.8682274,-4.4011807],[-69.9918236,-4.3748223],[-69.9525351,-4.2168706],[-70.1611903,-4.0522916],[-70.3023271,-3.7818843],[-70.5148733,-3.8478659],[-70.588715,-3.7850518],[-70.778047,-3.9231685],[-71.1076369,-4.0135883],[-71.1845412,-3.9875594],[-71.2284865,-3.8258877],[-71.4674391,-3.8711041],[-71.7462172,-3.6943355],[-71.7613234,-3.3955313],[-71.8244948,-3.3365816],[-72.2804274,-3.5435748],[-72.6347365,-3.4613313],[-73.0508437,-3.4997125],[-73.2348647,-3.6614444],[-73.17032,-3.7779282],[-73.2650771,-3.9231685],[-73.1730666,-4.0163282],[-73.212892,-4.1724837],[-73.3172621,-4.1094773],[-73.4477248,-4.3108062],[-73.4463515,-4.4436268],[-73.6482253,-4.5901126],[-73.8034071,-4.6257027],[-73.9201369,-4.5052366],[-74.1398634,-4.491546],[-74.2511,-4.5736857],[-74.2044081,-4.6585536],[-74.4570937,-4.6147521],[-74.57657,-4.464164],[-74.7674574,-4.5736857],[-74.8745741,-4.7420426],[-74.9624648,-4.7146703],[-75.0160231,-4.7844676],[-75.0764479,-4.7420426],[-75.1766982,-4.8364688],[-75.3744521,-4.8132056],[-75.4266371,-4.9295137],[-75.5268874,-4.9363547],[-75.5653395,-5.0704244],[-75.7136549,-5.0143374],[-76.0693373,-5.0348576],[-76.186067,-4.9582455],[-77.1789565,-4.7105643],[-77.2888197,-4.7598341],[-77.4797072,-4.4422577],[-77.8024306,-4.4847006],[-78.0612952,-4.7133023],[-78.1587989,-4.6503417],[-78.1869514,-4.7509391],[-78.3318336,-4.8617845],[-78.3592994,-5.1162487],[-78.1433501,-5.3381348],[-78.4447864,-5.7277024],[-78.5567096,-5.6405855],[-78.5680396,-5.5250926],[-78.7142951,-5.8086575],[-78.5131076,-6.1504536],[-78.586922,-6.2313465],[-78.6686329,-6.2112098],[-78.8550571,-6.3166632],[-78.9941028,-6.268205],[-79.0933234,-6.3234875],[-79.2127998,-6.2743475],[-79.2711646,-6.1644483],[-79.1964067,-5.9863544],[-79.3192295,-5.9203368],[-79.3909839,-5.7857729],[-79.3968204,-5.5298771],[-79.2735675,-5.5127906],[-79.3734745,-5.1966033],[-79.2104016,-4.9650997],[-79.3979458,-4.8294033],[-79.4891433,-4.5274357],[-79.6442203,-4.4335085],[-79.8142218,-4.4903795],[-80.1354115,-4.285611],[-80.3878252,-4.4868257],[-80.3021625,-4.3039602],[-80.3675544,-4.2800113]]]]}},{"type":"Feature","properties":{"name":"Kazakh Khanate","historical_entity":"Kazakh Khanate","ohm_relation_id":2849532,"start_date":"1520","end_date":"1847","admin_level":"2","boundary":"administrative","source":null,"_historical_overlay":true},"geometry":{"type":"MultiPolygon","coordinates":[[[[53.1461738,45.7460187],[53.1272604,45.9540609],[53.3278545,46.377606],[53.2929603,46.4798122],[53.1591052,46.5264964],[53.1655419,46.6606212],[53.0666501,46.8102692],[52.7274412,46.8062556],[52.6057965,46.8702229],[52.4295809,46.8487923],[52.3110762,46.7156493],[51.841773,46.8009781],[51.7570072,46.697385],[51.6347304,46.8021449],[51.4830035,46.8195502],[51.515942,46.9106874],[51.3839198,47.106752],[51.343452,47.2999811],[51.4157257,47.5548845],[51.2204764,47.8902037],[51.5621424,48.3487626],[51.6372758,48.6841125],[51.6066757,49.0293072],[51.3144605,49.3230029],[50.9983602,49.929659],[50.9304763,50.2734935],[51.0524983,50.5373527],[51.509233,50.953518],[52.4607961,51.0017609],[53.1640214,51.2961296],[55.6448535,51.4659399],[56.1203069,51.2719108],[57.0059857,51.1707401],[57.9036854,50.8311868],[58.4374531,50.8391238],[58.7066723,50.9124508],[58.5853915,51.2647171],[58.7314165,51.5598339],[59.0378677,51.823686],[58.9245527,52.3656007],[59.1354396,52.8585162],[59.0908868,53.043887],[59.32529,53.0617386],[59.1774108,53.4501037],[59.4468299,54.0446954],[59.6077555,54.1603334],[63.1961046,54.5449872],[64.1148363,54.7650481],[65.5343322,54.7250732],[66.4849597,54.9644115],[67.7745565,55.1101535],[69.4972876,55.053156],[73.8286846,54.4590837],[74.6626798,54.4961949],[75.4829209,54.7713718],[76.755199,54.9711808],[79.1736362,54.7952299],[83.6477462,54.8419307],[84.1716151,54.9445475],[85.9495258,54.5110537],[86.5039965,54.3002835],[86.9115978,53.9725534],[87.1159248,53.710347],[87.2953322,53.2808079],[86.4157098,53.1685921],[86.2879937,53.0032155],[85.2154534,52.5496365],[84.3557732,51.9281783],[83.5613244,51.7274539],[82.9488366,51.4749686],[82.7380364,51.1543707],[82.7957146,50.9817767],[83.0511468,50.8822435],[83.1520837,50.6877584],[83.1156908,50.2717887],[83.0154405,50.1082501],[82.7382086,49.9273561],[82.6000207,49.753324],[82.4853502,49.4957835],[82.5430284,49.392207],[82.5073228,49.3340727],[82.0472704,48.8945191],[81.6751085,48.810482],[81.3290392,48.6093068],[80.9596239,48.0661507],[80.6822191,48.0633975],[80.5187975,47.9430277],[80.0752245,47.8362062],[79.9516283,47.7079143],[79.6302782,47.6459627],[79.5753465,47.5468725],[79.7167965,47.3297485],[79.560241,47.228895],[79.5726006,46.8616],[79.3858331,46.7064405],[79.2288493,46.6800656],[79.1324609,46.8108698],[79.0225976,46.8179185],[78.9910119,46.7445665],[78.8852685,46.8061701],[78.7596124,46.7492716],[78.9312737,46.6334082],[78.781585,46.6126585],[78.8214104,46.65415],[78.7651055,46.7219766],[78.6140435,46.7572692],[78.4533685,46.5980345],[78.3373254,46.6084132],[78.3139794,46.445428],[78.1278985,46.6136018],[78.0489342,46.5824628],[77.8892895,46.6536784],[77.2743981,46.6296361],[77.2441857,46.5508337],[77.1473687,46.5371378],[77.0436852,46.646137],[76.9365685,46.6244491],[76.811599,46.6885449],[76.9194024,46.5550835],[76.7044823,46.6654603],[76.5898125,46.6762972],[76.5184014,46.6103],[76.174392,46.8066401],[75.9580987,46.755858],[75.9498589,46.8287248],[75.3380578,46.6937258],[75.1389306,46.7473896],[75.0846856,46.8371803],[75.0043481,46.768558],[74.9816888,46.8324829],[74.8587792,46.7638546],[74.6445458,46.7723204],[74.5463555,46.7149153],[74.529876,46.5975627],[74.3911736,46.5772713],[74.2167657,46.4354913],[74.0629571,46.4392769],[73.9510342,46.3016436],[74.055061,46.2261657],[73.9977261,46.1712722],[73.8947293,46.2078739],[73.8339611,46.151773],[73.7512204,46.2420769],[73.7330243,46.1717477],[73.6193844,46.1355977],[73.7343975,45.9852739],[73.637409,45.985393],[73.5684012,45.7925444],[73.3996575,45.8091795],[73.4120164,45.7445279],[71.4743015,44.5669929],[69.8455783,43.9058103],[69.7412082,43.6360771],[69.8153659,43.4808284],[71.0889746,42.4843773],[70.9801217,42.4975601],[70.8655832,42.3201236],[70.890861,42.263248],[71.0636935,42.2949036],[71.4521741,42.1837002],[71.6130961,42.2181579],[72.1358655,42.0583873],[72.2681101,42.2194568],[72.8032695,42.0608571],[73.1227144,42.1322685],[73.5328215,41.9930115],[73.7437651,42.0057848],[73.7938307,41.9411359],[73.6037044,41.7978332],[73.8762933,41.7210238],[73.9169303,41.5588389],[73.675538,41.5946647],[73.4163979,41.4860069],[73.2485934,41.4982946],[72.7706882,41.6647071],[72.1341828,42.0417219],[71.2985202,41.6318695],[69.8181125,41.2736802],[69.3896457,40.9861204],[69.3251024,40.4762041],[68.0932562,40.5680716],[66.534607,41.876953],[65.2937184,42.0044619],[65.324696,43.1811551],[62.3007175,43.6658868],[61.3201877,43.7353852],[61.2240573,43.7572109],[61.1416599,43.9018525],[60.9851047,43.7929085],[60.7516452,43.7492752],[60.5895969,43.8206586],[60.5195604,43.8998725],[60.7804857,44.2343775],[60.7090746,44.3650977],[60.8381639,44.4710322],[60.9974657,44.4533898],[60.890349,44.5885122],[61.2487779,44.7642878],[61.2062059,44.8227612],[61.2748705,44.9541096],[61.18286,45.0308337],[61.2515245,45.1268366],[61.1636339,45.2410536],[61.1910997,45.3038718],[61.1114488,45.3280141],[61.116942,45.402308],[60.8958421,45.6630076],[61.041411,45.931096],[60.9892259,46.0989486],[61.1553941,46.1189425],[61.3627611,46.4738088],[61.537169,46.5002838],[61.7294298,46.7078535],[61.7184435,46.7897185],[61.5495287,46.7934794],[61.225432,46.619262],[61.1732469,46.5163517],[61.0276781,46.4813744],[60.8161913,46.5683033],[60.8628736,46.7807918],[60.5065148,46.7803146],[60.4975884,46.736567],[60.7283013,46.6404801],[60.5744927,46.5753833],[60.5223077,46.6433087],[60.4110711,46.6192615],[60.325927,46.7125613],[60.1975243,46.6909],[59.9036401,46.5692469],[59.9558251,46.4416428],[60.1453393,46.3455061],[60.3142541,46.3924117],[60.5593865,46.2909693],[60.7111352,46.3782021],[60.8113854,46.2192775],[60.5985253,46.1336947],[60.4969018,46.1936167],[60.1837914,46.1584323],[60.0100701,46.2112004],[59.8672478,46.0999004],[59.8136895,46.2952394],[59.5541375,46.3535635],[59.4710534,46.3094705],[59.6173089,46.1227495],[59.5465844,46.0479787],[59.5843499,45.9435112],[59.5129388,45.848413],[59.2705529,45.8244934],[59.4429009,46.0169929],[59.3817895,46.0475021],[59.1716759,45.9635613],[59.0261071,45.9979161],[58.7466424,45.9048225],[58.2234178,44.8909052],[58.3154283,44.5875341],[58.2124315,44.5004244],[58.228911,44.3641159],[58.3909593,44.1329432],[58.3181749,43.7978638],[58.5173021,43.5943178],[58.3209215,43.4678719],[58.5104356,43.303196],[58.6944566,43.2732069],[58.9718614,43.1120127],[58.6477634,43.1070008],[58.7054416,43.0126829],[58.6395236,42.9564245],[58.7054416,42.8638883],[58.5906039,42.6475301],[58.2758514,42.6870355],[58.1490151,42.629437],[58.3043351,42.555605],[58.5106474,42.2776425],[58.3949668,42.2873617],[58.3238795,42.4482782],[58.1334239,42.4437015],[58.1421102,42.4973609],[58.0524002,42.543152],[57.9044255,42.4255378],[57.96142,42.3567912],[57.9059576,42.2161764],[57.8394247,42.2389973],[57.864627,42.1714331],[57.3044545,42.1406793],[57.1206098,41.9248035],[56.9862735,41.8983936],[57.038446,41.4377466],[57.1670858,41.3649359],[57.0601622,41.3211275],[57.045535,41.2420068],[55.870722,41.324053],[55.603316,41.246392],[55.567019,41.294407],[55.450623,41.269299],[55.119606,41.604653],[54.928925,41.928325],[54.214868,42.377159],[53.570558,42.288924],[52.984788,42.121175],[52.3893349,41.7307149],[52.4243732,41.912799],[52.3685171,42.1624354],[52.6046645,42.5212155],[52.4914719,42.7165484],[52.5199009,42.7738594],[52.2735685,42.7380273],[52.1494804,42.8299997],[51.8754145,42.7855206],[51.5976717,43.1442209],[51.2297462,43.1281068],[51.214661,43.5356919],[51.0188312,43.6954184],[50.9226654,43.930273],[50.8052844,44.0197179],[50.7812989,44.1671123],[50.2961298,44.2803055],[50.1914233,44.3643474],[50.1479055,44.6056718],[50.3143602,44.6992892],[50.8434192,44.68663],[51.12266,44.526545],[51.2123817,44.5466183],[51.1874021,44.6825583],[51.0064309,44.8206908],[50.9576046,44.9497119],[51.1815012,45.0824496],[51.1890041,45.2028212],[51.3769532,45.387492],[51.7398363,45.4768659],[52.7042286,45.336132],[52.8774159,45.2386397],[53.2273999,45.2261573],[53.5236006,45.3426053],[53.8710624,45.2538716],[53.9789873,45.3080981],[54.0873686,45.2722425],[53.9936051,45.1296103],[53.6475433,45.0029756],[53.4991601,44.8571072],[53.7051194,44.9878707],[53.9042026,44.9875107],[54.1815477,45.1068499],[54.5274555,45.0518571],[54.8337595,45.2243383],[54.3285774,45.5410386],[54.3169893,45.6370105],[54.1767411,45.7492792],[53.8650089,45.7276432],[53.6395866,45.7876028],[53.5827436,45.7155578],[53.3067661,45.6739328],[53.1461738,45.7460187]]]]}},{"type":"Feature","properties":{"name":"Khanate of Khiva","historical_entity":"Khanate of Khiva","ohm_relation_id":2851349,"start_date":"1511","end_date":"1873-08-12","admin_level":"2","boundary":"administrative","source":null,"_historical_overlay":true},"geometry":{"type":"MultiPolygon","coordinates":[[[[58.6254557,42.7982617],[58.7054416,42.8638883],[58.6395236,42.9564245],[58.7054416,43.0126829],[58.6477634,43.1070008],[58.9718614,43.1120127],[59.2039476,42.8930713],[59.2300401,42.740962],[59.4030748,42.8014476],[59.3783556,42.8890467],[59.5019518,42.9594387],[59.3934618,43.0508279],[59.4236742,43.1049946],[59.602202,43.139075],[59.6173082,43.2502052],[60.0100694,43.2221915],[60.1748643,43.4708619],[60.1597581,43.5754175],[60.295714,43.598296],[60.295714,43.7512582],[60.4591356,43.8959142],[60.7516452,43.7492752],[60.9851047,43.7929085],[61.1416599,43.9018525],[61.2240573,43.7572109],[61.3201877,43.7353852],[62.3007175,43.6658868],[65.324696,43.1811551],[65.2697644,41.0793594],[63.415827,40.9467178],[61.97618,40.9926713],[61.985466,40.835887],[62.09169,40.667957],[58.8001987,40.7378948],[58.4500095,42.1124885],[58.520066,42.3217146],[58.41665,42.3674173],[58.3043351,42.555605],[58.1490151,42.629437],[58.2758514,42.6870355],[58.5906039,42.6475301],[58.6254557,42.7982617]]]]}},{"type":"Feature","properties":{"name":"Khanate of Bukhara","historical_entity":"Khanate of Bukhara","ohm_relation_id":2851362,"start_date":"1501","end_date":"1709","admin_level":"2","boundary":"administrative","source":null,"_historical_overlay":true},"geometry":{"type":"MultiPolygon","coordinates":[[[[72.2285524,36.9292434],[71.8421639,36.6801794],[71.675568,36.672278],[71.570946,36.7525406],[71.428848,37.072315],[71.590935,37.920335],[71.257316,37.922895],[71.373526,38.255973],[71.105365,38.421978],[71.056212,38.398408],[70.98841,38.490733],[70.954103,38.437355],[70.873128,38.469063],[70.675839,38.407166],[70.505021,38.121855],[70.271214,37.939535],[70.18224,37.945031],[70.303519,37.693949],[70.172345,37.530447],[69.911883,37.619922],[69.809123,37.567668],[69.528707,37.588395],[69.378114,37.430848],[69.453934,37.233733],[69.246418,37.095687],[68.904604,37.334437],[68.913005,37.268],[68.834813,37.317985],[68.820326,37.243756],[68.681297,37.280026],[68.645763,37.208157],[68.295317,37.105161],[68.272401,37.012295],[68.020205,36.922609],[67.680735,37.232606],[67.500143,37.281752],[67.264456,37.182738],[67.059192,37.372518],[66.949974,37.39825],[66.316183,37.321427],[65.839609,37.487924],[65.5945437,37.6551937],[65.3186443,37.6895842],[65.1090042,38.0009482],[64.9324937,38.1211092],[64.5012651,38.256854],[64.1525891,38.5190858],[63.858767,38.9761222],[63.4085296,39.2676935],[62.9767579,39.3718933],[62.9713268,39.503601],[62.8784551,39.6358961],[62.7323588,39.6551331],[62.5515034,39.8096715],[62.396141,40.105091],[62.338943,40.428892],[62.115541,40.56355],[61.97618,40.9926713],[63.415827,40.9467178],[65.2697644,41.0793594],[65.2937184,42.0044619],[66.534607,41.876953],[68.0932562,40.5680716],[69.3251024,40.4762041],[69.3896457,40.9861204],[69.8181125,41.2736802],[71.2985202,41.6318695],[72.1341828,42.0417219],[72.7706882,41.6647071],[73.4163979,41.4860069],[73.5047145,41.3285528],[73.6422124,41.3127128],[73.8238823,41.163826],[73.8791624,41.0095014],[74.0808092,40.9394534],[74.3101488,40.7191613],[74.5556256,40.6202073],[74.5672985,40.5505919],[74.8377619,40.5219397],[74.7876023,40.4522324],[74.9014454,40.3377327],[74.6916965,40.3498523],[74.684728,40.2894059],[74.5904952,40.2822165],[74.3689664,40.1032427],[74.0413419,40.0994755],[73.9363156,40.0317602],[73.9769865,40.0048077],[73.832208,39.7816191],[73.9490409,39.6218845],[73.8744805,39.4836503],[73.6371837,39.4739447],[73.4997347,39.3817402],[73.7367559,39.036535],[73.8441725,38.9996377],[73.8354072,38.9215223],[73.7554649,38.941908],[73.6945568,38.8528902],[73.8014705,38.6138425],[73.9982408,38.5218773],[74.0861936,38.5366431],[74.1210052,38.6411891],[74.6924637,38.4280112],[74.6989661,38.228443],[74.7998722,38.2025209],[74.8202795,38.0852896],[74.9164752,38.0245825],[74.9244232,37.8291372],[75.0106322,37.7760399],[74.8996914,37.6737014],[74.9320979,37.5685021],[75.1252838,37.4660283],[75.1251392,37.3157118],[74.8926077,37.2326869],[74.689227,37.405846],[74.242348,37.414989],[74.197299,37.335179],[73.758528,37.221767],[73.617057,37.270505],[73.774595,37.339241],[73.7758934,37.4400938],[73.3115555,37.4644201],[72.8152614,37.2311678],[72.6625196,37.0176869],[72.2285524,36.9292434]]]]}},{"type":"Feature","properties":{"name":"Denmark–Norway","historical_entity":"Denmark–Norway","ohm_relation_id":2851862,"start_date":"1645-08-13","end_date":"1658-03-08","admin_level":"2","boundary":"administrative","source":null,"_historical_overlay":true},"geometry":{"type":"MultiPolygon","coordinates":[[[[11.0855779,57.3837461],[11.2808836,57.3695566],[11.300515,57.2632016],[10.9171215,57.1159553],[10.7477383,57.2435917],[10.7910852,57.3794812],[10.9317121,57.4289739],[11.0855779,57.3837461]]],[[[11.6920644,56.6691439],[11.4619325,56.641705],[11.3910984,56.7207618],[11.4704016,56.7793551],[11.7400189,56.7836962],[11.7719179,56.7203188],[11.6920644,56.6691439]]],[[[11.718129,56.2639997],[11.8317727,56.1831322],[11.6730017,56.1306782],[11.5660698,56.2136244],[11.718129,56.2639997]]],[[[14.8153977,54.9763223],[14.5688843,55.0806707],[14.6467985,55.3164439],[14.8055648,55.3648305],[15.0417695,55.2673722],[15.2669253,55.1532391],[15.218914,54.9821471],[15.0653232,54.9234804],[14.8153977,54.9763223]]],[[[15.2654279,55.375176],[15.2803745,55.2763851],[15.0938754,55.2730526],[15.0850909,55.3700946],[15.2654279,55.375176]]],[[[-13.4139103,64.5677089],[-13.3293764,64.6573079],[-13.1297378,64.6167259],[-13.2220997,64.5344375],[-13.4139103,64.5677089]]],[[[-17.8574891,66.5815727],[-17.8305122,66.5189459],[-17.8913912,66.4776304],[-18.1423847,66.5027426],[-18.1797842,66.5578391],[-18.1129723,66.6147481],[-17.8574891,66.5815727]]],[[[-6.5585415,61.8846385],[-6.5032855,61.8151398],[-6.6020934,61.6994834],[-6.5616504,61.6231968],[-6.6145289,61.5774438],[-6.5327031,61.3924441],[-6.7407557,61.3296845],[-7.1078613,61.5565001],[-7.1016375,61.6763556],[-6.9530588,61.7161319],[-7.0903698,61.9407316],[-7.6571698,62.0290067],[-7.8267552,62.1085686],[-7.3907964,62.2082798],[-7.3551657,62.3210384],[-7.265602,62.3637195],[-6.5570253,62.4570748],[-6.1280515,62.3683132],[-6.2106218,62.2108361],[-6.5440799,62.0555738],[-6.477919,61.9628828],[-6.5585415,61.8846385]]],[[[12.3312369,67.5731715],[12.4085922,67.5227488],[12.3552739,67.4494151],[12.0059043,67.3416458],[11.7615919,67.3427241],[11.6686608,67.4233901],[11.8948709,67.5816323],[12.3312369,67.5731715]]],[[[10.1823091,54.8616412],[10.0634594,54.8044058],[10.1505616,54.7043693],[10.1427808,54.5530145],[10.7456464,54.3806649],[10.8899186,54.4405041],[10.9800744,54.5816165],[11.0924115,54.6051479],[11.3080332,54.5567853],[11.4296651,54.4090638],[11.1897029,54.3180485],[11.1923772,54.1673221],[10.9550448,54.0373193],[10.7554435,54.0541987],[10.5352235,53.9549997],[10.6633472,53.8978147],[10.5339145,53.7634777],[10.3969287,53.7377465],[10.4457664,53.723834],[10.4052543,53.6692565],[10.5150318,53.6165811],[10.2038716,53.4890264],[10.0853346,53.5400253],[10.043459,53.6819777],[9.9502585,53.5427004],[9.5505087,53.6159323],[9.6707126,53.8541483],[9.5745822,54.0545529],[9.2449924,54.2186806],[9.0609714,54.1640436],[8.8400459,54.2647228],[8.5017078,54.2215733],[8.4694246,54.3585858],[8.3403433,54.424706],[8.3384131,54.5505243],[8.1361517,54.6467858],[8.1926619,54.9442713],[8.3652974,55.1884191],[8.2644722,55.390616],[7.9577112,55.5560524],[8.0630335,55.7756694],[7.9832862,56.0625459],[8.0447432,56.6536537],[8.2536523,56.9830222],[8.5186697,57.1753897],[9.3996359,57.2467848],[9.8971964,57.6483785],[10.212653,57.6718995],[10.5645648,57.8115621],[10.7563166,57.7743323],[10.7411522,57.7067556],[10.5406981,57.5824755],[10.7406071,57.4753248],[10.6399129,57.396288],[10.6569674,57.2187439],[10.3866102,56.9222287],[10.390458,56.8270515],[10.468882,56.7243916],[10.4614818,56.5904767],[10.8640666,56.594132],[11.0722568,56.4428508],[11.0191707,56.3172158],[10.8622763,56.1958953],[10.9114403,56.0985129],[10.6219717,56.060246],[10.8689769,55.9842615],[10.892828,55.9083409],[10.6830619,55.7130723],[10.4404596,55.7459044],[10.3566098,55.6846253],[10.6622823,55.6789609],[10.8806499,55.5660136],[10.9178927,55.4966227],[10.8286995,55.4466001],[10.8931975,55.386851],[11.0240935,55.4142538],[10.953718,55.4814084],[11.0069014,55.5824212],[10.8516577,55.6238372],[10.7554645,55.7501431],[10.8340858,55.8073932],[11.0995826,55.8161861],[10.9792142,55.8825941],[10.9849035,55.9589111],[11.180249,55.9633373],[11.1640715,56.0338929],[11.2464038,56.0744206],[11.6600173,56.0109786],[12.2059836,56.1856282],[12.4378537,56.1655012],[12.3247718,56.3172032],[12.465448,56.3733127],[12.4132864,56.4603785],[12.5007891,56.520647],[12.7545547,56.541986],[12.9453274,56.4404814],[13.5447686,56.4070639],[14.0370934,56.4723529],[14.0892785,56.5333649],[14.8651879,56.3629685],[15.0265496,56.4507289],[15.5538934,56.5004079],[15.8388512,56.3245334],[16.1881399,56.3092529],[16.1468366,56.1995591],[15.7404158,55.8837907],[15.5934394,55.9161461],[15.6283912,56.011761],[15.1458202,56.0713619],[14.9607995,56.0428465],[14.8987107,55.9401458],[14.4406175,55.8981111],[14.3123488,55.7467552],[14.4662799,55.5800581],[14.4649734,55.4994145],[14.2231006,55.3152331],[13.9068606,55.3654263],[13.3720748,55.2720326],[12.7804403,55.2934636],[12.6888722,55.3745118],[12.7995443,55.5747299],[12.6159342,55.4957297],[12.3703905,55.5250774],[12.3265035,55.4682559],[12.5378032,55.3880188],[12.5628136,55.2772381],[12.2581374,55.1667439],[12.5971088,55.0571924],[12.6672116,54.9494394],[12.5622689,54.8817708],[12.3394278,54.8771086],[12.0800704,54.6619643],[12.0838591,54.5549173],[12.0149492,54.5010978],[11.4471003,54.534522],[10.8733022,54.7650526],[10.7946011,54.6803818],[10.6442517,54.6658224],[10.5380208,54.7783705],[10.3737134,54.7562643],[10.1823091,54.8616412]]],[[[11.820672,59.304534],[11.6755501,58.935752],[11.5343251,58.8854571],[11.591091,58.4184373],[11.7910765,58.3085871],[11.8533896,58.1573012],[11.6946028,57.9387298],[11.416988,57.829778],[11.3263697,57.8778104],[11.3112934,58.0135295],[11.2051766,58.0742474],[11.2036355,58.2483553],[11.0609811,58.3518496],[11.0888972,58.4701775],[10.9023659,58.5195225],[10.9069066,58.6109053],[11.0180837,58.6898825],[10.8745538,58.7310699],[10.8379354,58.8931924],[10.6644403,58.9692215],[10.6594936,59.0667304],[10.5666048,58.9634128],[9.8062855,58.8937291],[8.8302388,58.3106405],[8.2470821,58.0365936],[7.5810529,57.8915888],[6.6054836,57.9992336],[6.4541737,58.0766679],[6.4581082,58.1604212],[6.38595,58.2026542],[5.6050173,58.4875794],[5.3684775,58.7304744],[5.3900233,58.7978758],[5.3079217,58.859048],[5.2569091,59.066426],[5.0939362,59.0949918],[4.930249,59.2226615],[4.7298972,59.2490657],[4.750525,59.3432153],[4.9404192,59.4291491],[4.9857563,59.5770213],[4.9410062,59.9323107],[4.8757,60.009506],[4.9102704,60.0917634],[4.5705119,60.622671],[4.5090707,60.8782069],[4.3474122,61.0460887],[4.5058442,61.1443352],[4.521192,61.2198534],[4.4310277,61.3244799],[4.5679256,61.4502323],[4.7134185,61.4764886],[4.5170817,61.5662966],[4.6271436,61.6667782],[4.6762292,61.8712414],[4.8402126,61.9829896],[4.8535166,62.0690462],[4.966557,62.1059712],[4.9712763,62.2255965],[5.1503052,62.2821516],[5.1385116,62.3701583],[5.3547392,62.3879891],[5.5443192,62.4983412],[5.765721,62.5018141],[5.809109,62.6922803],[6.0164962,62.6992604],[6.4006898,62.9368737],[7.0294792,63.0488527],[7.1463511,63.1666187],[7.3919159,63.2074829],[7.5348137,63.29552],[7.6125997,63.4962022],[7.7609346,63.5810299],[8.1251915,63.5593891],[8.1724404,63.6080333],[8.1041178,63.6649284],[8.1558464,63.7951167],[8.2909892,63.9109805],[8.9479252,64.0479897],[9.1955776,64.2730093],[9.5712371,64.2114533],[9.5433426,64.0782062],[9.0516525,63.8778928],[9.0733052,63.7540857],[9.2119562,63.743469],[9.2628108,63.8537206],[9.4287704,63.9091831],[9.4190597,63.9959905],[9.6884944,64.0322329],[9.7805415,64.1711364],[10.1071645,64.3422586],[10.0871658,64.5003016],[10.3430915,64.4944415],[10.7138078,64.6534037],[10.4310726,64.655552],[10.2930756,64.7886952],[10.4024231,64.8504223],[10.382871,64.939252],[10.548608,65.0490921],[10.808435,65.0729435],[10.8143231,65.2479421],[11.0306876,65.2741487],[11.1498979,65.2108261],[11.1244563,65.1079072],[11.3574185,65.1128542],[11.1791307,65.2822565],[11.3925272,65.3537557],[11.3718385,65.4294639],[11.288092,65.5168916],[11.1010969,65.5638321],[11.0914505,65.6501676],[11.3751164,65.7229368],[11.4141184,65.8126251],[11.6447781,65.9363046],[11.4971106,65.9870447],[11.583366,66.0885793],[11.4471614,66.1503903],[11.4560038,66.2113854],[11.8816503,66.2405969],[12.0662875,66.3233581],[11.7896216,66.4121009],[11.7614268,66.4910931],[11.8727976,66.6256147],[12.2655845,66.7298755],[12.3461779,66.8327917],[12.8933545,66.8970698],[12.9373797,67.0261213],[13.0372866,67.075248],[13.4034471,67.0492301],[13.5177473,67.1274624],[13.5446525,67.2275118],[13.3338334,67.2596798],[13.336778,67.3408528],[13.6431129,67.3885929],[13.821093,67.5059076],[14.2677313,67.5100023],[14.3384111,67.5951031],[14.1577989,67.6875432],[14.2715937,67.8267435],[15.2636864,68.1842071],[14.9023153,68.1710802],[14.6802246,68.0735267],[14.0145898,68.0869711],[13.3292411,67.9333824],[12.9873916,67.7791358],[12.8010162,67.5826666],[12.4081218,67.6135467],[12.4010611,67.6769207],[12.919932,68.1423032],[13.5948433,68.3828373],[13.9869921,68.4407503],[14.2207314,68.4030537],[14.410339,68.4642548],[14.3442345,68.5282201],[14.1275956,68.5519517],[14.0620326,68.6643086],[14.2539859,68.7468072],[14.2943605,68.8232772],[15.0655223,69.1208789],[15.3495221,69.0866673],[15.714288,69.305524],[15.9792198,69.3846337],[16.3070196,69.3551057],[16.3466787,69.2483447],[16.0452695,68.9989553],[16.3759671,69.143022],[16.3462931,69.2276759],[16.5798568,69.2834376],[16.8071397,69.4458951],[17.384096,69.6522431],[17.8853862,69.7152291],[17.7674943,69.8357036],[17.8715658,69.9421269],[18.2010102,69.9523765],[18.1600054,70.0182933],[18.4404523,70.1718272],[18.4754281,70.2532801],[19.165733,70.3672952],[19.9502209,70.3313361],[20.1441333,70.3889555],[20.4766731,70.2897494],[20.9781636,70.2433839],[21.2440937,70.4231142],[21.4007854,70.4565759],[21.7532052,70.4590894],[22.1652294,70.3742943],[22.3097108,70.4181413],[21.923582,70.4358827],[21.8733311,70.4783235],[21.9138912,70.5254508],[21.7207077,70.652461],[21.8984102,70.7357967],[22.5295836,70.7884548],[22.717235,70.919579],[23.4749725,70.9114372],[23.9016618,71.1590726],[24.2896944,71.1524856],[24.3708045,71.1127913],[24.3623857,71.0417445],[24.6357226,71.1758129],[25.0641328,71.1106934],[25.1835029,71.198207],[25.6915313,71.2497027],[26.1202914,71.1924834],[26.4303977,71.0767502],[26.3657833,70.9826445],[26.0865944,70.9137906],[26.109585,70.8669919],[26.608075,71.0330489],[26.9158128,70.9560362],[27.1161752,71.0887259],[27.6646068,71.1997564],[28.3446792,71.1408367],[28.7056788,71.0175726],[28.7332562,70.9329409],[29.1744306,70.9359117],[29.5892159,70.7906243],[30.1938324,70.7606917],[30.5343261,70.6168014],[30.7922873,70.5922252],[30.8432868,70.5259993],[31.335531,70.4284611],[31.3587147,70.3663827],[31.1914938,70.2345248],[30.6537981,70.1782949],[30.3485307,70.022498],[29.8793532,69.9941324],[30.9150013,69.8577292],[30.8176414,69.7948444],[30.8933699,69.7290978],[30.9464913,69.5761896],[30.8167646,69.5287393],[30.5159812,69.5404206],[30.0852915,69.6580972],[30.1882397,69.5688834],[30.1154171,69.4682344],[29.2904654,69.2972815],[29.242137,69.1130186],[29.0414375,69.0108297],[28.804743,69.111167],[28.831487,69.224083],[29.33763,69.478641],[29.133588,69.695559],[28.403593,69.819371],[27.984629,70.013323],[27.956076,70.091845],[27.607485,70.075189],[27.035283,69.909853],[26.4898426,69.9450751],[25.8956615,69.6685858],[25.9760116,69.6116807],[25.8417155,69.5504508],[25.862909,69.473753],[25.7935526,69.4196332],[25.8466442,69.3923949],[25.7016811,69.2492785],[25.775123,69.013582],[25.627868,68.89323],[25.1563853,68.7995636],[25.1142268,68.6387625],[24.918497,68.6058],[24.902922,68.554827],[24.602749,68.685091],[23.872356,68.837275],[23.6724708,68.7042649],[23.168025,68.6290739],[23.0452449,68.6890363],[22.3761404,68.7166381],[22.341279,68.828467],[22.176454,68.956185],[21.627613,69.276342],[21.281206,69.311298],[21.002628,69.222407],[21.108979,69.103357],[21.058185,69.036689],[20.717858,69.119846],[20.553286,69.060313],[20.0598035,69.0465973],[20.30601,68.9294828],[20.3339578,68.8003907],[20.2035349,68.6673061],[19.9360348,68.5581768],[20.2274901,68.4916345],[19.9213955,68.357219],[18.9858107,68.5169205],[18.6211589,68.5062738],[18.4082235,68.5808011],[18.1260842,68.5355524],[18.1527011,68.1975175],[17.8985095,67.9699428],[17.2823277,68.1189975],[16.7433351,67.9167089],[16.5024519,67.5999676],[16.4079619,67.5334253],[16.1590937,67.518786],[16.0885588,67.4349427],[16.4039693,67.2020446],[16.3879992,67.0450048],[16.0406484,66.913251],[15.6254244,66.5951788],[15.377887,66.4847186],[15.4830238,66.28243],[15.0398521,66.1546687],[14.517823,66.133917],[14.624855,65.811174],[14.496417,65.519718],[14.50465,65.310594],[13.654347,64.579649],[14.11415,64.462758],[14.157953,64.194936],[13.966472,64.007711],[13.210814,64.096068],[12.9277994,64.059917],[12.6829237,63.973412],[12.1505853,63.5954517],[12.213135,63.4783373],[11.9749136,63.2680636],[12.2184584,63.0005635],[12.074727,62.9020809],[12.136292,62.748808],[12.058865,62.612172],[12.300256,62.266026],[12.1374105,61.7232083],[12.4180853,61.5632498],[12.5684709,61.5685731],[12.8719038,61.3569686],[12.681768,61.059385],[12.225101,61.010844],[12.582759,60.550431],[12.606059,60.405326],[12.499029,60.324438],[12.541462,60.192782],[12.44883,60.038395],[12.173964,59.889501],[11.839236,59.840438],[11.925618,59.794596],[11.945319,59.699122],[11.6911,59.588872],[11.820672,59.304534]]],[[[-18.4741845,66.1435507],[-18.2870441,66.2323716],[-17.8250577,66.2313027],[-17.5239474,66.0436634],[-17.389633,66.204392],[-17.206078,66.2621901],[-16.9691284,66.2596104],[-16.8389065,66.1892906],[-16.6116186,66.2386678],[-16.5736056,66.2679396],[-16.6700462,66.3633071],[-16.6878668,66.5256726],[-16.2000767,66.5989759],[-15.8281809,66.5494636],[-15.5506456,66.4092135],[-15.555174,66.288713],[-15.475726,66.270817],[-14.9279743,66.4374261],[-14.4555246,66.4314308],[-14.4057573,66.3484075],[-14.7987613,66.2477174],[-14.7827632,66.1800343],[-14.9145346,66.0968311],[-14.6857145,66.115356],[-14.5247972,66.058336],[-14.4554127,65.9499728],[-14.581931,65.8213243],[-14.2509042,65.8414354],[-14.1598211,65.7912778],[-14.2055826,65.7306515],[-13.4845686,65.5425191],[-13.5507513,65.3380214],[-13.4371508,65.2993729],[-13.4658888,65.2236368],[-13.3700729,65.1784657],[-13.3721239,64.968112],[-14.0360888,64.6387487],[-13.9951689,64.5967523],[-14.0347019,64.550636],[-14.2693241,64.5382814],[-14.4194745,64.3648386],[-14.747856,64.2839709],[-14.8735852,64.1905055],[-15.8337389,64.0947543],[-16.5496862,63.7466358],[-17.5684657,63.6665005],[-17.7906528,63.5000145],[-18.1398076,63.3923136],[-19.0508592,63.333651],[-20.0156893,63.4709005],[-20.2949609,63.2807154],[-20.6294434,63.2268326],[-20.7598473,63.3155042],[-20.5168507,63.4247441],[-20.6609703,63.5085023],[-20.4597579,63.5550894],[-21.2406522,63.8106795],[-21.5407198,63.7631707],[-22.8183589,63.7584771],[-22.8953858,63.8203515],[-22.8335222,64.1214186],[-22.2063142,64.0944029],[-22.052799,64.2421807],[-22.2396241,64.3019331],[-22.1934971,64.3984172],[-22.5181924,64.4901559],[-22.5749423,64.710939],[-23.2663269,64.7598629],[-23.8278382,64.6650521],[-24.0454772,64.7149692],[-24.2011741,64.8680963],[-23.9571766,64.9837491],[-23.6999186,64.9631257],[-23.0688636,65.0764133],[-22.9513972,65.179425],[-23.0448631,65.2537389],[-23.0020288,65.3083882],[-23.2564388,65.3436122],[-23.2873058,65.4223453],[-23.8779771,65.3456548],[-24.1900474,65.4388253],[-24.6025836,65.4417245],[-24.6860863,65.5138589],[-24.4303759,65.6859723],[-24.2210295,65.69561],[-24.2519537,65.8177921],[-24.0132914,65.8658162],[-23.9145674,65.9668957],[-23.9636327,66.0619657],[-23.6839782,66.205067],[-23.4570625,66.259655],[-23.1251624,66.2115523],[-23.1156418,66.2565759],[-23.2984069,66.3000182],[-23.3512474,66.3791248],[-23.2122668,66.4809258],[-22.9641785,66.5328297],[-22.3453472,66.5152798],[-22.0447591,66.3480051],[-21.2118913,66.0491901],[-21.1282337,65.8888968],[-21.2544974,65.6572077],[-21.1442734,65.5942795],[-21.1552049,65.5081044],[-21.0480803,65.6249286],[-20.793693,65.736569],[-20.6234558,65.7446734],[-20.4607866,65.66759],[-20.4229559,65.7453242],[-20.584137,66.0143646],[-20.4874491,66.1430365],[-20.0260742,66.1721042],[-19.7931205,66.0007604],[-18.8855042,66.257331],[-18.4741845,66.1435507]]]]}},{"type":"Feature","properties":{"name":"Tsardom of Russia","historical_entity":"Tsardom of Russia","ohm_relation_id":2851884,"start_date":"1617-02-17","end_date":"1689","admin_level":"2","boundary":"administrative","source":null,"_historical_overlay":true},"geometry":{"type":"MultiPolygon","coordinates":[[[[35.6624571,64.7753732],[35.4779056,64.7928222],[35.5200151,64.8720882],[35.7071912,64.8517213],[35.6624571,64.7753732]]],[[[42.5435767,66.6304243],[42.2984988,66.758873],[42.4255352,66.8259275],[42.6297173,66.8156203],[42.7602456,66.7680159],[42.8120481,66.6784763],[42.7202191,66.6167166],[42.5435767,66.6304243]]],[[[48.0575383,68.9211032],[48.0890114,69.1352091],[48.208567,69.3006972],[48.6289583,69.4989818],[48.9624816,69.5496608],[49.3816559,69.5419907],[50.1876667,69.3129329],[50.427961,69.1806796],[50.4363382,69.0644253],[50.2169924,68.9188922],[49.5976649,68.7481069],[49.7606529,68.689139],[49.522443,68.6100947],[48.3260701,68.6710937],[48.1092766,68.7558902],[48.0575383,68.9211032]]],[[[56.6922044,68.8032523],[56.4929286,68.7404834],[56.3320401,68.8013925],[56.5169931,68.8690476],[56.6922044,68.8032523]]],[[[45.7872387,50.3305599],[45.4888889,50.1117739],[44.8846422,49.0522712],[46.1096082,48.8213398],[47.076405,48.5020548],[48.9111218,47.6653948],[50.9111567,46.9116974],[50.665088,46.8186324],[50.5786695,46.7198862],[50.4518196,46.7535345],[50.1812523,46.6661072],[49.8274794,46.4083027],[49.1360567,46.4279218],[49.083898,46.2235765],[48.7359605,45.9252337],[48.5822626,45.9045318],[48.5107457,45.9768828],[48.2631104,45.7332656],[47.7369202,45.6480406],[47.3692651,45.1468978],[47.2596397,44.8416392],[47.1523085,44.7587094],[47.0267566,44.7686441],[46.9328649,44.6114385],[46.9772428,44.4656964],[47.1445777,44.2770638],[47.2882455,44.2512248],[47.4904626,43.9280669],[47.6580041,44.0505838],[47.9256587,44.004412],[47.6820367,43.7596891],[47.5618737,43.4534179],[47.6257317,43.2882028],[47.5268548,43.0458095],[47.77211,42.8601481],[46.7066842,42.9238938],[46.3624662,42.9902556],[46.0061867,43.158061],[45.628746,43.1252305],[44.9408717,43.3030813],[43.5204784,43.1945809],[41.9791418,43.4562152],[41.7196086,43.6310671],[41.6403681,43.9170771],[41.6609344,44.2225882],[41.5746342,44.4208426],[41.0930272,44.7562075],[41.0424143,44.9927012],[41.3236883,45.2191687],[41.3675975,45.6174202],[41.4514133,45.6447701],[41.3195773,46.0656104],[41.6574069,46.1665186],[41.8963596,46.4813754],[41.5118381,46.7586818],[41.4335619,46.9286974],[40.9281908,47.1215423],[40.7482896,47.1150008],[40.6919847,47.198112],[40.1715074,47.2605931],[39.6290575,47.1953126],[39.4024603,47.5913502],[39.0618842,47.7836383],[38.2928412,47.8426613],[37.4908392,47.7762557],[36.6064398,47.580235],[36.1463873,47.5830141],[36.4581244,47.7836383],[36.6558783,48.8394167],[35.3539984,50.4889721],[34.579465,50.6755776],[33.4973117,51.156956],[33.5714694,51.4471621],[34.2552786,51.4396985],[34.3076247,51.5203631],[34.0811352,51.6652132],[34.439175,51.7384683],[34.4153716,51.8252964],[34.0969175,52.0042616],[34.062654,52.0730604],[34.1162797,52.1410839],[33.8393298,52.3200474],[34.5245334,53.0296537],[33.7280246,53.0857783],[33.6428806,53.561522],[32.9287692,53.4488085],[32.956235,53.5973966],[34.4970648,55.1255114],[33.700556,55.341645],[33.2226508,55.7734865],[32.1954291,56.2586118],[31.8878119,55.7023582],[30.7768236,55.6179164],[30.6285081,55.7611234],[30.5969211,55.9153531],[28.3145114,56.3241538],[28.3227512,56.4685613],[28.5726901,56.9614512],[28.2788058,57.0526835],[27.9590258,56.8326139],[27.848567,56.8794211],[27.6593808,56.8343402],[27.7695654,57.0052405],[27.7146504,57.007379],[27.7687745,57.085618],[27.7152118,57.0976375],[27.8182775,57.1433435],[27.8665879,57.2963924],[27.5161921,57.4249263],[27.5565377,57.5378439],[27.3515884,57.5182161],[27.3174916,57.5800341],[27.4051379,57.6124059],[27.4113177,57.7003408],[27.5256442,57.7093748],[27.4946591,57.7876969],[27.5555133,57.8338774],[27.7761837,57.8330551],[27.8197859,57.890585],[27.6955029,57.9073702],[27.6560209,57.955037],[27.6987646,57.9986382],[27.6206585,58.0055514],[27.6354214,58.10038],[27.4905382,58.2191956],[27.5550829,58.3685975],[27.3566528,58.788047],[27.9054867,59.0185817],[28.2949447,59.294994],[28.7470995,59.3002535],[29.0972894,59.1040779],[29.5422336,59.0462073],[30.1821872,59.222341],[30.6408664,59.4241261],[30.8496066,59.3926761],[30.9402438,59.2630746],[30.9320041,59.088562],[31.2794467,59.087151],[31.313779,59.2876317],[31.2203952,59.4115496],[31.8006127,59.3429945],[31.832883,59.4520571],[31.7394992,59.7287171],[31.3467393,60.1038801],[31.2456326,60.7111903],[32.591768,61.1891566],[32.6513644,61.4006647],[32.6815768,62.2743137],[32.3712131,62.4501368],[32.102048,62.8263112],[31.5867034,62.9087069],[31.272127,63.1076281],[31.2398348,63.2188742],[30.4840079,63.4667034],[29.9723741,63.756915],[30.2604128,63.8220093],[30.5535576,64.1016869],[30.4824363,64.2623259],[30.0448663,64.4020287],[29.9894001,64.5876222],[30.130109,64.6347287],[30.0413965,64.7411934],[30.0865096,64.7739882],[29.7396283,64.7897836],[29.6109949,64.9273109],[29.6269757,65.0605969],[29.8968589,65.1051397],[29.8193328,65.1442782],[29.8856591,65.2062953],[29.6017879,65.2599327],[29.7465796,65.347402],[29.7330481,65.4725004],[29.8639021,65.5604438],[29.7218687,65.6370846],[30.1384654,65.668677],[30.1193759,65.7522112],[29.9233057,66.1271457],[29.6963998,66.2687473],[29.4190358,66.5919864],[29.1058565,66.7904471],[29.0331725,66.9255118],[29.5225573,67.3098971],[29.9302245,67.5225238],[30.017043,67.6735527],[29.6594055,67.8029589],[29.3270886,68.0745422],[28.6461512,68.1963033],[28.4339319,68.539671],[28.8007884,68.8692833],[28.4157884,68.9154506],[28.9292868,69.0519146],[29.0566538,69.0152255],[29.242137,69.1130186],[29.2923407,69.2979319],[30.0345285,69.4246791],[30.1855994,69.5505719],[30.0852915,69.6580972],[30.7507647,69.5335307],[30.9464913,69.5761896],[30.9444154,69.6832279],[30.8176414,69.7948444],[30.8953155,69.8450293],[31.401387,69.792854],[31.437654,69.8898559],[31.7160438,69.8923547],[31.8563593,70.0050167],[32.1388124,70.002122],[33.2724131,69.725355],[33.2122126,69.6182199],[32.9047246,69.5213939],[33.5207433,69.4625734],[33.6280866,69.4190353],[33.6221654,69.3568799],[34.1226837,69.4379219],[34.4971786,69.3743029],[34.5497677,69.3127538],[35.958792,69.240687],[37.6275517,68.8093878],[38.2140723,68.5297824],[38.7358065,68.4170749],[39.4622227,68.1484576],[39.6275348,68.1155854],[39.6443379,68.194283],[39.8484041,68.1952316],[40.2308892,67.9844182],[41.1057224,67.7209349],[41.176919,67.6315624],[41.142787,67.494071],[41.2549597,67.4072737],[41.2231144,67.2717135],[41.4517008,67.2417441],[41.5376094,67.1188379],[41.3577507,66.8169711],[40.8361088,66.5476834],[40.7640011,66.4410747],[40.0630422,66.2090091],[39.1523613,66.0525422],[38.3899196,66.0034263],[37.8482424,66.0381468],[36.9275832,66.2113423],[35.4837845,66.3367835],[34.8383505,66.5421958],[34.4413648,66.4880699],[34.0060016,66.6322183],[33.6512806,66.5449097],[33.9646652,66.4568555],[34.1212425,66.2835583],[34.6266017,66.1095115],[35.1680992,65.8293029],[35.1467387,65.6688033],[34.9185704,65.5628583],[34.6885288,65.3401382],[34.9161564,65.1198359],[35.0878854,65.1150471],[35.1656475,65.0249729],[35.3328507,64.9951219],[35.4432103,65.0342603],[35.3964529,65.153664],[35.5200829,65.1993497],[36.0042168,65.2453265],[36.3933445,65.1738817],[36.1184947,65.0757263],[36.1413873,65.0119618],[36.0747959,64.9689095],[35.2217446,64.8653258],[35.3682902,64.7963665],[35.2325599,64.753866],[35.197169,64.6397861],[35.0658755,64.5655468],[35.2894514,64.5674368],[35.4955549,64.4708574],[35.5478909,64.5787568],[35.3619578,64.6808916],[35.6246963,64.7360484],[35.8320295,64.6078697],[35.7155478,64.4616258],[36.5363253,64.3794533],[37.0574695,64.0670548],[37.0966609,64.0799214],[37.0210585,64.1516767],[37.0725992,64.1925042],[37.3066824,64.1654143],[37.3290515,64.1022857],[37.2515224,63.9902591],[37.4362629,63.8422158],[37.570867,63.9308268],[37.7647007,63.9549723],[37.6640041,64.0290809],[37.6973366,64.078861],[37.9122487,64.0566163],[37.7729304,64.1949259],[37.8256448,64.274858],[37.4952401,64.3250783],[37.3723993,64.2899642],[37.4885081,64.2516401],[37.4823237,64.1956733],[37.2908368,64.1837085],[37.2333251,64.240913],[37.321564,64.288016],[37.0325768,64.3579275],[36.6221433,64.6612632],[36.4260581,64.6912085],[36.3160401,64.9300938],[36.6816488,64.9934356],[36.7305822,65.0820246],[36.6878611,65.2333711],[36.8669842,65.2625625],[37.4461908,65.1512071],[37.752919,65.0760188],[37.9786022,64.9306114],[38.4063562,64.8967557],[39.6542197,64.6074721],[39.8673901,64.797846],[40.1368435,64.8432836],[40.0256917,65.031512],[39.5902561,65.3388348],[39.6064854,65.5420961],[39.7862214,65.6673543],[40.3217699,65.8226398],[40.6330532,66.0184775],[41.382198,66.1434973],[41.9746657,66.5033051],[42.2300941,66.5676052],[42.7458336,66.451377],[43.3179029,66.4582891],[43.9407285,66.2297801],[44.1003233,66.4484571],[44.2452656,66.531919],[44.3270606,66.6669742],[44.2256557,66.783548],[44.3498095,66.8452913],[44.3547059,66.9113779],[44.0531005,67.1041195],[43.6894805,67.1590931],[43.6325053,67.2674135],[44.0023366,67.7610229],[43.973249,67.8512083],[44.0851796,68.2744594],[43.204619,68.5904865],[43.1430963,68.6644564],[43.2343825,68.7104665],[43.5106471,68.711451],[44.0896174,68.5821504],[45.5043614,68.5718239],[46.4860823,68.358652],[46.5062602,68.2934778],[46.4286043,68.2602537],[46.6606568,68.1333734],[46.6704832,68.0349685],[46.8342186,67.8995578],[46.8124549,67.7851206],[45.5503852,67.6994718],[45.4679748,67.677416],[45.4226676,67.5550625],[45.1292443,67.4841398],[45.0388978,67.3886476],[45.6901575,67.1897613],[45.9149144,66.9320383],[46.1691158,66.8777921],[46.9151143,66.8940538],[47.541764,66.9818547],[47.6243723,67.0548362],[47.5572022,67.1926101],[47.6472757,67.2526342],[47.6368644,67.3433292],[47.801721,67.4608058],[47.7152999,67.6009668],[47.9461146,67.6914917],[48.6234067,67.7444522],[48.6413042,67.8213467],[48.4603253,67.9064503],[48.5111603,67.9541365],[48.9452762,67.8803822],[49.1794205,67.910129],[50.0700799,68.1595179],[50.9599702,68.5109639],[52.060724,68.6027515],[53.6127976,68.9839085],[54.5401241,69.0428304],[55.743893,68.911151],[55.7137365,68.845944],[55.5807858,68.8194686],[54.7803973,68.9005336],[54.0920413,68.8774024],[54.387736,68.8649264],[54.5581185,68.7871083],[54.4107419,68.7334632],[54.1064879,68.7772988],[53.8798679,68.6279665],[54.037011,68.535982],[54.1215997,68.3844867],[54.4948527,68.3985967],[54.7535154,68.241078],[54.7062924,68.3250714],[54.8851646,68.4527316],[55.3400988,68.6018976],[56.0438702,68.6972624],[57.2661982,68.5839711],[57.361776,68.6579594],[57.1395238,68.6085392],[57.0207225,68.6804059],[57.2781113,68.7840355],[58.8093308,69.0232735],[59.2638331,69.0327733],[59.0558791,69.200452],[58.3101406,69.4517288],[58.4366944,69.5360527],[58.6571327,69.5237685],[58.7213783,69.4451359],[59.3990966,69.2729007],[59.4917027,69.1254124],[59.6660199,69.039643],[59.6418251,68.9561894],[59.3068754,68.9086195],[59.5474365,68.8055076],[59.6289948,68.6812655],[59.3313623,68.6179187],[59.2627524,68.5664629],[59.3268708,68.5143899],[59.2623173,68.4402263],[59.7423771,68.4065255],[59.8304581,68.453719],[59.6737965,68.5856083],[59.692179,68.6738172],[59.9183408,68.762212],[60.4215434,68.7478731],[60.785114,68.9256368],[60.7814019,69.0351595],[60.5221453,69.0938543],[60.4850566,69.2322626],[60.0785723,69.4843204],[60.0369072,69.6088098],[59.5093466,69.6634779],[59.3701592,69.7079108],[59.4127967,69.7642804],[58.9763262,69.8185247],[58.1824245,70.2046055],[58.1686284,70.2715771],[58.2970838,70.304422],[58.2543028,70.3934964],[58.5455946,70.4128175],[58.5113519,70.4753852],[58.6266847,70.5116192],[59.1832339,70.5021795],[59.7064044,70.2507756],[60.5705138,69.9620639],[60.6272914,69.8753855],[61.1983727,69.9169291],[61.5575982,69.8201344],[62.7639244,69.7730823],[63.9394224,69.6360822],[65.3500579,69.2444927],[66.2626081,69.1212112],[66.6949694,68.934393],[67.3914533,68.8607639],[67.5423931,68.7908485],[67.4915485,68.7151587],[67.2057669,68.6921408],[66.7698526,68.0269243],[65.8311109,66.2085567],[65.473495,65.1720405],[65.9354156,64.3008947],[65.8013096,63.8776796],[64.8923692,63.0658042],[65.5032964,62.5963483],[67.3807798,62.0565767],[67.4999851,61.8604385],[59.0959967,60.6787804],[57.4420381,60.2527595],[56.1456805,59.6785048],[55.326144,59.2393442],[54.6556142,58.7944543],[55.1293726,57.3146692],[55.5907983,56.9210088],[59.3481226,56.279973],[60.0073022,56.0597817],[60.4467554,55.8629946],[60.8642358,55.1412222],[60.9658715,54.309587],[59.6077555,54.1603334],[59.4468299,54.0446954],[59.290526,53.7463756],[59.1774108,53.4501037],[59.32529,53.0617386],[59.0908868,53.043887],[59.1354396,52.8585162],[58.9245527,52.3656007],[59.0378677,51.823686],[58.7314165,51.5598339],[58.5853915,51.2647171],[58.7066723,50.9124508],[58.4374531,50.8391238],[57.9036854,50.8311868],[57.4146391,50.9940377],[56.5246472,51.3580684],[56.7059271,51.61802],[56.6784613,51.7066119],[55.8105414,52.0491158],[55.3381293,52.0356009],[54.2340033,51.6623376],[52.7972089,53.5305627],[52.0175143,53.5925064],[51.7868015,53.5582592],[51.1990329,53.2799969],[50.2734348,53.1484193],[49.7433444,53.1961628],[49.4824191,53.1550077],[49.0347263,53.2372785],[48.6144992,53.1533607],[48.5046359,53.0907269],[48.4963962,52.8359599],[47.8427097,52.0946967],[47.3483249,52.0372887],[46.7286297,51.7093744],[46.3331219,51.7676276],[46.1755368,51.5399296],[45.9918591,51.476679],[45.8459445,51.2722276],[45.9036227,51.0828236],[46.079404,50.8822448],[45.7058688,50.7068968],[45.6921359,50.6424957],[45.8871432,50.4190207],[45.7872387,50.3305599]]]]}},{"type":"Feature","properties":{"name":"Swedish Empire","historical_entity":"Swedish Empire","ohm_relation_id":2851938,"start_date":"1648-10-23","end_date":"1653-05-04","admin_level":"2","boundary":"administrative","source":null,"_historical_overlay":true},"geometry":{"type":"MultiPolygon","coordinates":[[[[27.2922449,59.7869849],[27.0838178,59.7931261],[26.9543279,59.7311504],[26.7834054,59.7742606],[26.8187996,59.87104],[26.7287152,59.9552593],[26.8457236,60.012515],[26.8104258,60.1083195],[26.8912072,60.1632564],[27.0509498,60.1531434],[27.1621116,60.0387774],[26.9762016,59.8793174],[27.0416059,59.8472092],[27.1110465,59.9206063],[27.2698212,59.9235137],[27.3605522,59.8561842],[27.2922449,59.7869849]]],[[[27.8134142,59.7493045],[27.6271146,59.7372058],[27.6029573,59.8315324],[27.7905332,59.843099],[27.8134142,59.7493045]]],[[[28.2289592,59.9603494],[27.8201428,59.9006385],[27.6625679,59.9901264],[27.7431037,60.0930898],[27.9817214,60.1030521],[28.178955,60.049156],[28.4121885,60.100994],[28.534716,60.0151074],[28.4238982,59.93372],[28.2289592,59.9603494]]],[[[28.0909471,60.2424956],[27.943739,60.1775421],[27.8203793,60.2479141],[27.9658814,60.3141444],[28.0909471,60.2424956]]],[[[11.396427,53.856678],[11.3996885,53.8551593],[11.4007185,53.8564755],[11.4034651,53.8558681],[11.4032934,53.8543493],[11.4173697,53.8549568],[11.4173697,53.8501977],[11.4135931,53.8449317],[11.3971136,53.8392599],[11.3995169,53.8434126],[11.3965986,53.8467546],[11.3928221,53.8474635],[11.3904188,53.8456406],[11.3876723,53.8463496],[11.3883589,53.8531342],[11.396427,53.856678]]],[[[14.2407703,53.4547359],[14.2367362,53.4584667],[14.2496966,53.4699124],[14.2569923,53.4827852],[14.266777,53.4856964],[14.27639,53.4844706],[14.281969,53.4679709],[14.2737292,53.4610218],[14.2484092,53.454787],[14.2407703,53.4547359]]],[[[12.7678298,53.720736],[12.8761481,53.6593904],[12.8527164,53.6129788],[12.7678298,53.720736]]],[[[19.0411592,57.6640983],[18.9255402,57.6200773],[18.9075011,57.5142554],[19.0856399,57.4905044],[19.0907094,57.3971041],[18.8738624,57.3159905],[18.7811305,57.1715869],[18.4855792,57.050853],[18.5223293,56.9739419],[18.3645412,56.8740396],[18.018001,56.8752488],[18.07397,57.0290149],[18.0285038,57.2021637],[17.867741,57.2362625],[17.8521805,57.3205801],[18.0051315,57.3790518],[17.9558084,57.4307695],[18.0032116,57.5724253],[18.3925671,57.8763144],[18.6638102,57.9902406],[18.970124,57.9934271],[19.1581699,58.0623341],[19.4452443,58.0098613],[19.4469198,57.9225388],[19.2836272,57.8659896],[19.1880545,57.7278352],[19.0411592,57.6640983]]],[[[19.420403,58.3238827],[19.1646099,58.2774676],[19.0552454,58.3795241],[19.0756886,58.4400073],[19.3594932,58.4367908],[19.4451705,58.3849848],[19.420403,58.3238827]]],[[[23.4011384,57.7888446],[23.24067,57.71518],[23.0862459,57.8146687],[23.2604201,57.8904137],[23.4011384,57.7888446]]],[[[8.2877466,53.9113411],[8.6491853,53.7896177],[8.7619614,53.6910083],[8.7379929,53.6532358],[8.5021138,53.6041319],[8.126975,53.8194976],[8.2328433,53.8267865],[8.2877466,53.9113411]]],[[[11.4332376,54.07363],[11.5085219,54.0341409],[11.470499,53.9260759],[11.6068839,53.9088889],[11.5089511,53.8614363],[11.3945387,53.8601203],[11.4297293,53.9831466],[11.3037721,54.0148592],[11.4341067,53.9893035],[11.3237285,54.0364092],[11.4332376,54.07363]]],[[[15.3551088,54.2103986],[15.4330437,54.038829],[15.5779259,53.9936434],[15.5078881,53.9128328],[15.5656528,53.7929958],[15.8220288,53.6030997],[15.7221218,53.4933565],[15.542564,53.5594813],[15.3648945,53.4836537],[15.383434,53.4142388],[15.5932042,53.3849668],[15.5092617,53.35465],[15.5463406,53.2701411],[15.3615903,53.2411808],[15.3413343,53.1177782],[15.45845,53.0096195],[15.2815869,52.9646747],[15.1989937,53.084948],[15.1374805,53.0285891],[15.0253486,53.0526679],[15.0407981,53.1126266],[14.8854446,53.1217961],[14.8160933,53.018088],[14.4258213,52.9978173],[14.3395613,53.0752589],[14.3587016,53.1521238],[14.2962598,53.1864933],[14.2276379,53.1302943],[14.0930554,53.2220689],[14.304714,53.4857986],[13.8790583,53.5021636],[13.9023828,53.5689628],[13.7918329,53.5593027],[13.7612342,53.6216849],[13.8613127,53.6703752],[13.8204573,53.6840004],[13.4331893,53.7517052],[13.2263373,53.6161865],[13.0902957,53.6388372],[13.0848025,53.7600782],[12.8179548,53.7239356],[12.7787303,53.7667754],[12.8800105,53.8652831],[13.0007743,53.8903797],[12.572048,54.1947371],[12.414422,54.2631437],[12.4258053,54.3764207],[12.3204157,54.388917],[12.4521189,54.5192416],[12.9781417,54.5077596],[13.0642115,54.6424721],[13.4162951,54.7341288],[13.5096545,54.7044497],[13.4970403,54.6292955],[13.7477985,54.5940972],[13.7621604,54.5109327],[13.6706899,54.4592265],[13.8459885,54.3633086],[13.8365919,54.2897331],[14.0037733,54.2649417],[13.9035415,54.1683132],[14.2582158,53.9771165],[15.3551088,54.2103986]],[[15.2171284,53.1472671],[15.1899718,53.1420342],[15.1801708,53.1287384],[15.189176,53.1155928],[15.2142705,53.1165748],[15.2303122,53.132972],[15.2171284,53.1472671]],[[14.7901296,53.0791776],[14.7705173,53.1164904],[14.7393607,53.0818586],[14.7901296,53.0791776]]],[[[17.4801492,54.8106219],[17.5381278,54.7544986],[17.4158191,54.7124247],[17.6166629,54.6369392],[17.5467967,54.5491186],[17.6698779,54.5073797],[17.6003551,54.4424954],[17.7140805,54.4249226],[17.7545499,54.3387464],[17.2818371,54.2395507],[17.2701643,54.0453805],[16.9234084,53.9209205],[16.3863658,54.14914],[16.154451,54.3584571],[16.4791745,54.5864158],[17.4801492,54.8106219]]],[[[19.1323184,60.3012366],[19.1496842,60.3676498],[19.2505475,60.3358509],[19.3736382,60.4655923],[20.0491377,60.5226823],[20.1695212,60.6025972],[20.3467142,60.5539337],[20.8717628,60.7282175],[20.9341941,60.7820526],[20.8671823,60.8480747],[20.9187769,60.9478785],[21.2011325,61.1896316],[21.2580463,61.314785],[21.2036219,61.4914042],[21.3013351,61.554941],[21.1892174,61.6405634],[21.2686827,61.7514142],[21.1133431,62.0107988],[21.1691284,62.1954153],[20.9186791,62.5323405],[20.9561415,62.8338337],[20.6284865,62.9318516],[20.6487047,63.0268427],[20.5733426,63.1626028],[20.9860458,63.2169808],[20.8829751,63.3273149],[20.9762122,63.4876149],[21.1903943,63.5026577],[21.37552,63.4378954],[21.7076071,63.5319887],[22.0198578,63.513776],[22.4239018,63.7083257],[22.3971247,63.7713534],[22.6225458,63.9734869],[23.2243848,64.0362376],[23.4535946,64.2489878],[23.3058819,64.3050478],[23.3140316,64.3670569],[23.4990509,64.3940332],[23.6859039,64.3017993],[24.2085668,64.6014063],[24.2248666,64.7352794],[24.5729809,64.9075209],[24.4350701,64.9784399],[24.4145871,65.0668472],[24.8155985,65.1643192],[24.7123663,65.2235057],[24.7470951,65.2985501],[24.667391,65.3605542],[24.6793015,65.5168002],[24.4210092,65.5894999],[23.5334194,65.462611],[23.393568,65.5178032],[23.486024,65.6050975],[23.2262981,65.6176329],[22.9515118,65.5717132],[22.8793653,65.439431],[22.4628144,65.2565334],[22.0955825,65.2793196],[22.0979673,65.169997],[22.0069822,65.0962846],[21.7194482,65.0488567],[21.372871,64.8140518],[21.4913059,64.6624338],[21.6360284,64.6216462],[21.762149,64.4372294],[21.6292783,64.2954551],[21.347367,64.2277484],[21.1054994,64.0748292],[20.987911,63.8818534],[21.1571907,63.8185505],[21.049455,63.646869],[20.7938885,63.5273826],[20.6074091,63.5711479],[20.6639686,63.6732681],[20.4802891,63.5775104],[20.1661367,63.5799697],[20.0923864,63.4950507],[20.181883,63.4228091],[20.0926777,63.3732868],[19.9003531,63.4132482],[19.3987358,63.3524871],[19.3191083,63.2186259],[18.9027513,63.0731838],[18.7385495,62.907729],[18.3749584,62.757954],[18.1779035,62.5656724],[17.8833564,62.4200251],[17.8599866,62.3512027],[17.6879187,62.3053184],[17.890155,62.2125589],[17.6187369,62.0924676],[17.7840463,62.0178806],[17.5713888,61.8782362],[17.5708966,61.8011959],[17.7009621,61.7252414],[17.6049967,61.5205888],[17.355381,61.4507328],[17.490162,61.345454],[17.3877244,60.9556102],[17.8067031,60.6749113],[18.0438464,60.7060903],[18.2274835,60.5469782],[18.4199167,60.6023944],[18.9358746,60.4715832],[18.9603474,60.3518502],[19.0625786,60.2825456],[18.9684552,60.1426201],[19.0164876,60.0217424],[19.5610778,59.7780378],[19.5664388,59.6922106],[19.671221,59.6621163],[19.713553,59.5757284],[19.5715273,59.3702473],[19.3421891,59.337182],[19.0241619,59.18083],[18.6925389,58.9184195],[18.3349484,58.8557],[18.1072045,58.7095245],[17.7397482,58.6807064],[17.1616112,58.4593944],[17.2266368,58.3839647],[17.1891313,58.1975461],[16.9715459,57.987504],[16.9772707,57.8352552],[16.9085303,57.7280151],[16.9777588,57.6660042],[16.9154891,57.6084942],[16.9062333,57.4490708],[16.7433997,57.3220937],[17.0937523,57.4387182],[17.2196166,57.4039496],[17.278708,57.3011275],[16.5434534,56.1676243],[16.2894296,56.1535673],[16.256308,56.4051966],[16.1881399,56.3092529],[15.9027093,56.3115862],[15.5538934,56.5004079],[15.0265496,56.4507289],[14.8651879,56.3629685],[14.0892785,56.5333649],[14.0370934,56.4723529],[13.5447686,56.4070639],[12.8952842,56.4498858],[12.7948132,56.5734692],[12.6202721,56.5975948],[12.4898595,56.7637364],[12.2474019,56.8942558],[11.9353431,57.2368864],[11.7926711,57.2669489],[11.7052934,57.4438037],[11.6054909,57.4968281],[11.6305887,57.5595897],[11.4876286,57.5976622],[11.3974184,57.7646631],[11.5283056,57.9046653],[11.7524527,57.9889031],[11.8545912,58.1621915],[11.7910765,58.3085871],[11.5974425,58.4045898],[11.569805,58.4859781],[11.5343251,58.886025],[11.6519651,58.9061999],[11.829576,59.241453],[11.698867,59.60971],[11.945319,59.699122],[11.925618,59.794596],[11.839236,59.840438],[11.884132,59.871316],[12.173964,59.889501],[12.44883,60.038395],[12.541462,60.192782],[12.499029,60.324438],[12.606059,60.405326],[12.582759,60.550431],[12.225101,61.010844],[12.681768,61.059385],[12.8719038,61.3569686],[12.5684709,61.5685731],[12.4180853,61.5632498],[12.1374105,61.7232083],[12.300256,62.266026],[12.058865,62.612172],[12.136292,62.748808],[12.074727,62.9020809],[12.2184584,63.0005635],[11.9749136,63.2680636],[12.213135,63.4783373],[12.1505853,63.5954517],[12.6829237,63.973412],[12.9277994,64.059917],[13.210814,64.096068],[13.966472,64.007711],[14.087618,64.124352],[14.157953,64.194936],[14.11415,64.462758],[13.654347,64.579649],[14.50465,65.310594],[14.496417,65.519718],[14.624855,65.811174],[14.517823,66.133917],[15.0398521,66.1546687],[15.4830238,66.28243],[15.377887,66.4847186],[15.6254244,66.5951788],[16.0406484,66.913251],[16.3879992,67.0450048],[16.4039693,67.2020446],[16.0885588,67.4349427],[16.1590937,67.518786],[16.4079619,67.5334253],[16.7433351,67.9167089],[17.2823277,68.1189975],[17.8985095,67.9699428],[18.1527011,68.1975175],[18.1260842,68.5355524],[18.4082235,68.5808011],[18.6211589,68.5062738],[18.9858107,68.5169205],[19.9213955,68.357219],[20.2274901,68.4916345],[19.9360348,68.5581768],[20.2035349,68.6673061],[20.3339578,68.8003907],[20.30601,68.9294828],[20.0598035,69.0465973],[20.553286,69.060313],[20.717858,69.119846],[21.058185,69.036689],[21.108979,69.103357],[21.002628,69.222407],[21.281206,69.311298],[21.604864,69.279868],[22.176454,68.956185],[22.341279,68.828467],[22.3761404,68.7166381],[23.0452449,68.6890363],[23.168025,68.6290739],[23.6724708,68.7042649],[23.872356,68.837275],[24.602749,68.685091],[24.902922,68.554827],[24.918497,68.6058],[25.1142268,68.6387625],[25.1563853,68.7995636],[25.627868,68.89323],[25.775123,69.013582],[25.7016811,69.2492785],[25.8466442,69.3923949],[25.7935526,69.4196332],[25.862909,69.473753],[25.8417155,69.5504508],[25.9760116,69.6116807],[25.8956615,69.6685858],[26.3643722,69.8454507],[26.4630568,69.938966],[26.855462,69.960826],[27.035283,69.909853],[27.607485,70.075189],[27.956076,70.091845],[27.984629,70.013323],[28.403593,69.819371],[29.133588,69.695559],[29.33763,69.478641],[28.831487,69.224083],[28.804743,69.111167],[28.9292868,69.0519146],[28.4157884,68.9154506],[28.8007884,68.8692833],[28.4339319,68.539671],[28.6461512,68.1963033],[29.3270886,68.0745422],[29.6594055,67.8029589],[30.2755724,67.5882872],[30.750731,67.1427656],[30.7232611,66.9838161],[30.5639594,66.757252],[30.1574652,66.4760179],[30.4595892,65.8230345],[30.1384654,65.668677],[29.7218687,65.6370846],[29.8639021,65.5604438],[29.7330481,65.4725004],[29.7465796,65.347402],[29.6017879,65.2599327],[29.8856591,65.2062953],[29.8193328,65.1442782],[29.8968589,65.1051397],[29.6269757,65.0605969],[29.5993331,64.9950558],[29.7396283,64.7897836],[30.0865096,64.7739882],[30.0413965,64.7411934],[30.130109,64.6347287],[29.9894001,64.5876222],[30.0448663,64.4020287],[30.4824363,64.2623259],[30.4663645,64.2044309],[30.5534022,64.1322472],[30.2604128,63.8220093],[29.9723741,63.756915],[30.4840079,63.4667034],[30.8727437,63.3646009],[31.2401308,63.2187054],[31.272127,63.1076281],[31.5867034,62.9087069],[32.102048,62.8263112],[32.3712131,62.4501368],[32.6815768,62.2743137],[32.6513644,61.4006647],[32.591768,61.1891566],[31.2456326,60.7111903],[31.3467393,60.1038801],[31.7394992,59.7287171],[31.832883,59.4520571],[31.8006127,59.3429945],[31.2203952,59.4115496],[31.313779,59.2876317],[31.2794467,59.087151],[31.2135287,59.0744496],[30.8935519,59.1139498],[30.9402438,59.2630746],[30.7534763,59.4304125],[30.5145236,59.4031626],[30.1821872,59.222341],[29.5422336,59.0462073],[29.0972894,59.1040779],[28.7470995,59.3002535],[28.1590877,59.3181031],[27.9240691,59.2552482],[27.7383225,58.9777794],[27.3566528,58.788047],[27.5550829,58.3685975],[27.4905382,58.2191956],[27.6354214,58.10038],[27.6055523,58.0542688],[27.6987646,57.9986382],[27.6790236,57.923965],[27.8158378,57.8623794],[27.5555133,57.8338774],[27.4946591,57.7876969],[27.5256442,57.7093748],[27.3772427,57.6714814],[27.4051379,57.6124059],[27.3174916,57.5800341],[27.3284909,57.4368199],[27.2070614,57.3182732],[27.2117601,57.2225832],[26.9947801,57.0070946],[26.9906602,56.7640156],[26.8890367,56.7105369],[26.5374742,56.7685314],[26.2683092,56.5556991],[25.8273336,56.5210704],[25.7615658,56.5339327],[25.7485196,56.6156319],[25.5638119,56.5717784],[25.4178999,56.6360291],[25.2544692,56.5804541],[24.9890378,56.6082343],[24.4471695,56.8423675],[24.1369622,56.7692837],[23.7689202,56.8053901],[23.548507,56.8891283],[23.3821665,57.0492282],[23.4138391,57.1071482],[23.6257606,57.0361537],[23.8234838,57.0577433],[24.2858953,57.2756582],[24.2073458,57.8424199],[24.3466925,58.071987],[24.3383421,58.2192179],[24.0668749,58.0491822],[23.9050626,58.0419923],[23.7847244,58.1908952],[23.8408089,58.2559627],[23.659455,58.2976212],[23.500731,58.4828777],[23.3904163,58.3725809],[22.8858806,58.2096009],[22.9388498,58.1551428],[22.8869611,58.0997902],[22.677404,58.1289022],[22.6702757,58.0599023],[22.5692928,58.0286631],[22.3704942,58.0913915],[22.3077269,57.9489368],[22.0366518,57.8303614],[21.856974,57.9512684],[21.9910694,58.1255476],[21.6784827,58.2748812],[21.6441154,58.3482249],[21.7652392,58.5539269],[22.0769803,58.5559527],[22.4053496,58.6539454],[22.3118008,58.8216061],[21.9455878,58.8865923],[21.9681514,58.9908763],[22.2766655,59.0124698],[22.5709302,59.1565089],[22.9353705,59.0498362],[23.3455586,59.1193998],[23.3638312,59.2148715],[23.2376391,59.2940394],[23.2775844,59.3508577],[23.4269268,59.3623086],[23.5567797,59.287364],[23.7948551,59.4033959],[24.2227512,59.4755069],[24.4510888,59.6579806],[24.8440829,59.6427439],[24.9773244,59.7101018],[25.1939264,59.6470769],[25.8006123,59.7502517],[26.4427476,59.6128721],[26.3858177,59.694358],[26.5154103,59.7416028],[26.650187,59.6810603],[26.63142,59.6149653],[26.9884358,59.4997057],[27.8555518,59.4629683],[27.9693936,59.5702371],[27.8701243,59.6330242],[27.8685569,59.7080955],[28.0068469,59.8689517],[28.3161397,59.7956411],[28.5067071,59.9114884],[28.8904819,59.8718097],[28.8784438,59.9416089],[29.0466998,60.0411822],[29.499335,60.0274348],[29.6620947,60.124222],[28.9874685,60.1188056],[28.7970992,60.2204348],[28.4318626,60.248001],[28.2697064,60.3982214],[28.1532245,60.3384114],[27.8229768,60.3617056],[27.7060485,60.2756001],[27.8114492,60.1926931],[27.6777547,60.1401763],[27.5263669,60.1686359],[27.4929319,60.2564857],[27.0265972,60.1707319],[26.8942543,60.2533296],[26.7589896,60.2467964],[26.3797335,60.188339],[26.2869542,60.0967305],[25.9622035,60.1258607],[24.8662417,60.0177342],[24.332418,59.8034365],[24.0218879,59.8439759],[23.3899968,59.6951633],[23.2425733,59.7301696],[22.4093762,59.6529913],[22.2611033,59.7133588],[21.6508017,59.6773046],[21.4820614,59.6089038],[21.2973018,59.7000838],[20.9422584,59.7096095],[20.8088029,59.7988403],[20.4619231,59.7587251],[20.2099074,59.8460213],[19.7801109,59.7686071],[19.7218066,59.8427024],[19.8616826,59.9072816],[19.7994401,59.9743546],[19.4311409,60.114929],[19.2089354,60.110277],[19.1063189,60.2433152],[19.1323184,60.3012366]]],[[[8.4878407,53.2779507],[8.5668894,53.5385989],[8.9754864,53.5035677],[8.9593504,53.8492863],[9.2310046,53.8775297],[9.7920798,53.4885563],[9.619131,53.3674552],[9.3610381,53.3204152],[9.3351173,53.2378933],[9.5488894,53.1781736],[9.7270632,53.2163256],[9.925804,53.0994872],[9.86907,53.0230185],[9.5075512,52.9465951],[9.3668532,52.8202967],[9.2530029,52.8025523],[9.1929488,52.8161763],[9.1763302,52.9585664],[8.952055,52.8889039],[8.9748323,52.9903491],[8.8892618,53.0181594],[8.8356256,53.0968588],[8.9630842,53.0475858],[8.9550376,53.1579011],[8.6455205,53.1274517],[8.7393966,53.1708039],[8.485372,53.2271622],[8.4878407,53.2779507]]],[[[11.6999459,53.9488945],[11.795368,53.9051473],[11.7658853,53.8543619],[11.621475,53.8373354],[11.6416453,53.9525502],[11.6999459,53.9488945]]],[[[16.7889975,53.8100785],[16.876974,53.7193648],[16.9419007,53.4906237],[16.7481421,53.3967393],[16.6681051,53.4557963],[16.2827681,53.6528796],[16.245346,53.7506902],[15.9083746,53.6741378],[15.8299252,53.8166664],[15.8909511,53.8321437],[15.8650302,53.8845623],[15.7326793,53.8982193],[16.0681908,54.1105408],[16.1750506,53.9734046],[16.369028,53.9856195],[16.7889975,53.8100785]]],[[[8.4802007,52.837073],[8.1218147,52.9275845],[8.1244325,52.9991087],[8.258028,53.0147962],[8.4768962,52.9061588],[8.4802007,52.837073]]]]}},{"type":"Feature","properties":{"name":"Duchy of Modena and Reggio","historical_entity":"Duchy of Modena and Reggio","ohm_relation_id":2852273,"start_date":"1648-10-24","end_date":"1796-05-07","admin_level":"2","boundary":"administrative","source":null,"_historical_overlay":true},"geometry":{"type":"MultiPolygon","coordinates":[[[[10.5436992,44.1504965],[10.1991943,44.3207492],[10.3026007,44.4702964],[10.2680107,44.5078307],[10.479635,44.4941176],[10.3420829,44.5518242],[10.446453,44.5646062],[10.4296143,44.7655899],[10.5840792,44.8425333],[10.4656812,44.8548811],[10.5003976,44.9105568],[10.6305384,44.9240801],[10.6421052,44.8528815],[10.8765936,44.866622],[10.9972065,44.9549511],[11.2462057,44.9514386],[11.2356626,44.9067027],[11.3688523,44.8411958],[11.1337037,44.7869496],[11.0780713,44.6469815],[10.9848889,44.6583215],[11.0655331,44.5004432],[10.989825,44.4403382],[11.0488572,44.4159561],[11.0403222,44.3317288],[10.9532666,44.2968911],[10.9572821,44.2265709],[10.8502107,44.2277707],[10.8158691,44.1135129],[10.5436992,44.1504965]]]]}},{"type":"Feature","properties":{"name":"Republic of Noli","historical_entity":"Republic of Noli","ohm_relation_id":2852274,"start_date":"1648","end_date":"1797-12-02","admin_level":"2","boundary":"administrative","source":"https://commons.wikimedia.org/wiki/File:Repubblica_di_Noli.jpg","_historical_overlay":true},"geometry":{"type":"MultiPolygon","coordinates":[[[[8.3997496,44.1452305],[8.4003353,44.22755],[8.4741275,44.1886791],[8.3997496,44.1452305]]]]}},{"type":"Feature","properties":{"name":"Republic of Genoa","historical_entity":"Republic of Genoa","ohm_relation_id":2852275,"start_date":"1648","end_date":"1742","admin_level":"2","boundary":"administrative","source":null,"_historical_overlay":true},"geometry":{"type":"MultiPolygon","coordinates":[[[[8.7582955,36.9612201],[8.7580034,36.9618869],[8.757475,36.9622758],[8.7568491,36.9625536],[8.7562372,36.9627203],[8.7561121,36.9641982],[8.7562094,36.9650649],[8.7563207,36.9656094],[8.7565015,36.9658316],[8.7567101,36.9657761],[8.7567379,36.9655427],[8.7567935,36.9653205],[8.7570438,36.9652871],[8.7574471,36.9653538],[8.7580173,36.9656205],[8.7585319,36.9660316],[8.75881,36.9662427],[8.759116,36.966465],[8.7597974,36.9669983],[8.7600339,36.967065],[8.7602007,36.9670761],[8.7602285,36.9668205],[8.7602703,36.9665205],[8.7601729,36.9663539],[8.7604232,36.9661872],[8.7606458,36.9659983],[8.7609517,36.9659205],[8.7610769,36.9656872],[8.7611464,36.9651094],[8.7612994,36.9649205],[8.7615775,36.9646093],[8.761814,36.9643982],[8.7618696,36.9641537],[8.7615775,36.963787],[8.7608961,36.9629092],[8.7609239,36.9627647],[8.7611325,36.9623869],[8.7612994,36.9619202],[8.7612159,36.9615091],[8.7610769,36.9611201],[8.7605901,36.9604867],[8.7603815,36.9601978],[8.7600895,36.95972],[8.7599087,36.9592755],[8.7598809,36.9588532],[8.7598531,36.9584309],[8.759561,36.9584087],[8.7592829,36.958731],[8.7591577,36.9590088],[8.7589074,36.9594533],[8.7586292,36.9601867],[8.7584067,36.9604978],[8.7582955,36.9612201]]],[[[8.0907312,44.1731387],[8.1875609,44.1840506],[8.0631577,44.2533655],[8.2539961,44.2989796],[8.2886498,44.3669212],[8.3164786,44.3266727],[8.247814,44.2726153],[8.3130453,44.2624126],[8.4593842,44.5181164],[8.6136242,44.5442395],[8.6177079,44.6508366],[8.7856969,44.4875444],[8.8197762,44.6401709],[8.7219276,44.7930005],[8.8302712,44.8042],[8.8455464,44.6948941],[9.0291057,44.7497234],[9.3663319,44.6904299],[9.4086742,44.5600197],[9.5052032,44.5293351],[9.4382862,44.4183944],[9.6553788,44.4123145],[9.7838044,44.2968149],[9.7627687,44.2061426],[9.9090453,44.2100803],[9.9841901,44.0987287],[10.0710194,44.0936658],[9.9901115,43.9984488],[9.8247984,43.9983487],[9.2745917,44.2892086],[8.7517133,44.3844129],[8.4755256,44.208432],[8.4003353,44.22755],[8.3959615,44.1402745],[8.238759,44.1484795],[8.2774845,44.0345616],[8.1028068,43.8596],[8.0162429,43.9774989],[8.1048846,44.0446455],[8.0066054,43.9993538],[7.8003358,44.0376582],[7.8798151,43.92768],[7.9891634,43.925671],[8.0632968,43.8456696],[7.6724704,43.7379046],[7.5090694,43.7898396],[7.538308,43.8933119],[7.7137753,43.8389846],[7.7587507,43.9425297],[7.6614967,44.0226822],[7.7593576,44.0842632],[7.7257948,44.1261825],[8.0065788,44.1023228],[7.9796334,44.1384563],[8.0907312,44.1731387]],[[8.1377792,44.1517897],[8.1412982,44.1472324],[8.1417274,44.1461854],[8.1477355,44.1440913],[8.1489371,44.1429211],[8.1505679,44.143229],[8.153057,44.1423667],[8.1547736,44.139595],[8.1528854,44.1390406],[8.152027,44.1373159],[8.1486796,44.1371927],[8.1473922,44.1358375],[8.1443881,44.1349751],[8.1457614,44.1329422],[8.1446456,44.1314022],[8.1448173,44.1288763],[8.1430148,44.1286915],[8.142929,44.1255494],[8.1435298,44.1240708],[8.142414,44.1194497],[8.1442165,44.1155677],[8.1481647,44.113226],[8.1556319,44.1118087],[8.1587218,44.1104529],[8.1630992,44.1113157],[8.1655883,44.1106994],[8.1679916,44.1087273],[8.1775188,44.1083576],[8.1816386,44.1098983],[8.1853294,44.1104529],[8.1901359,44.1103913],[8.1929683,44.1171698],[8.1950282,44.11908],[8.1945132,44.1216678],[8.1968307,44.1226537],[8.1958007,44.1246869],[8.1937408,44.1255494],[8.192625,44.1268432],[8.1946849,44.1278906],[8.1921958,44.1287531],[8.19108,44.1300468],[8.1909083,44.131895],[8.1916808,44.1334967],[8.1847285,44.1360223],[8.174858,44.1382399],[8.1693648,44.138671],[8.1697082,44.1408269],[8.1713389,44.1408269],[8.1723689,44.1414428],[8.1745147,44.1407037],[8.1773471,44.1407653],[8.1790637,44.1413196],[8.169794,44.148033],[8.1674766,44.1524671],[8.1643008,44.1544378],[8.1646442,44.1554846],[8.1592368,44.1591793],[8.1566619,44.1599182],[8.1558036,44.1594871],[8.1515979,44.1602876],[8.1491946,44.1577014],[8.1467914,44.1557925],[8.1445598,44.1552383],[8.1431007,44.1552999],[8.1422423,44.1564083],[8.1410407,44.1567778],[8.1399249,44.1544993],[8.1377792,44.1517897]],[[8.1185531,44.0896812],[8.1164931,44.0909758],[8.111515,44.0905442],[8.1081676,44.0922703],[8.1055068,44.095784],[8.1013011,44.0948594],[8.0983829,44.0928251],[8.0940055,44.0915922],[8.0892848,44.0920237],[8.0857658,44.0925785],[8.0823325,44.0923936],[8.0831908,44.0893113],[8.0865382,44.0875234],[8.0878257,44.0840709],[8.0896281,44.083701],[8.0892848,44.0792617],[8.0916881,44.076117],[8.0978679,44.0735888],[8.0989837,44.0719855],[8.1035327,44.0740205],[8.1123733,44.0706289],[8.1122874,44.0719239],[8.1139182,44.0727255],[8.114519,44.0740822],[8.1199264,44.0748221],[8.1212997,44.0700738],[8.1249045,44.0689021],[8.1300544,44.0703205],[8.1337451,44.0679771],[8.1364917,44.0682854],[8.136835,44.0667436],[8.1391524,44.0664353],[8.1411265,44.0650785],[8.142929,44.0651402],[8.1457614,44.0671753],[8.1504821,44.0677304],[8.1510829,44.0704438],[8.1507396,44.0726022],[8.1534862,44.0742671],[8.1515979,44.0751921],[8.1509112,44.0771653],[8.1487655,44.0783368],[8.1463622,44.0792001],[8.143959,44.0823446],[8.1410407,44.0837627],[8.1427573,44.0864137],[8.1445598,44.0874001],[8.1433581,44.087955],[8.1428432,44.089188],[8.1399249,44.0888797],[8.1393241,44.0897428],[8.1400966,44.0907908],[8.1410407,44.0929484],[8.1442165,44.0947977],[8.1454181,44.0960922],[8.1473064,44.097325],[8.1483363,44.0997906],[8.1507396,44.1019478],[8.1467914,44.1044132],[8.1443023,44.104783],[8.1391524,44.1042283],[8.1382083,44.1000988],[8.1367492,44.0983113],[8.1370925,44.0964004],[8.1353759,44.0939347],[8.1356334,44.0925785],[8.1347751,44.0915306],[8.1331443,44.0920237],[8.1303977,44.0915922],[8.1290244,44.0924553],[8.1215571,44.0911607],[8.1185531,44.0896812]]],[[[9.2346079,41.2986783],[8.8076268,41.4885729],[8.723568,41.5797217],[8.7603541,41.663729],[8.6093628,41.7254144],[8.7072524,41.8674799],[8.5333561,41.865845],[8.5415444,41.9769457],[8.6620947,42.0616989],[8.5061417,42.1365933],[8.4887218,42.2487562],[8.5621416,42.2819132],[8.4839733,42.3794921],[8.6950431,42.6168762],[8.9934324,42.6814533],[9.1019637,42.7671759],[9.2870021,42.7500073],[9.2880938,43.0023752],[9.4309761,43.0621913],[9.5156431,42.9943159],[9.4995134,42.6762002],[9.5853385,42.5537973],[9.60966,42.1394329],[9.465787,41.9450881],[9.4316787,41.5002763],[9.340528,41.4870884],[9.3284458,41.3424326],[9.2346079,41.2986783]]]]}},{"type":"Feature","properties":{"name":"County of Novellara and Bagnolo","historical_entity":"County of Novellara and Bagnolo","ohm_relation_id":2852300,"start_date":"1648-10-24","end_date":"1737","admin_level":"2","boundary":"administrative","source":null,"_historical_overlay":true},"geometry":{"type":"MultiPolygon","coordinates":[[[[10.7006833,44.7698933],[10.6783673,44.7438074],[10.6553646,44.7486841],[10.6478115,44.7618494],[10.6591412,44.7786673],[10.7006833,44.7698933]]],[[[10.6759996,44.8671202],[10.7432143,44.8976417],[10.7286642,44.8234909],[10.6759996,44.8671202]]]]}},{"type":"Feature","properties":{"name":"Shilluk Kingdom","historical_entity":"Shilluk Kingdom","ohm_relation_id":2856878,"start_date":"1490","end_date":"1861","admin_level":"2","boundary":"administrative","source":null,"_historical_overlay":true},"geometry":{"type":"MultiPolygon","coordinates":[[[[31.7532321,10.2230341],[32.0526068,10.6012257],[32.5085394,10.9951254],[32.4700873,12.9938583],[32.8655951,13.031323],[33.0056735,12.2219204],[32.90405,11.4800273],[32.7667209,10.9762489],[32.384946,10.4202898],[32.3080417,9.9526222],[32.0059177,9.7550797],[31.7312595,9.9418011],[31.7532321,10.2230341]]]]}},{"type":"Feature","properties":{"name":"Captaincy General of Guatemala","historical_entity":"Captaincy General of Guatemala","ohm_relation_id":2859425,"start_date":"1568","end_date":"1782-03-16","admin_level":"2","boundary":"administrative","source":null,"_historical_overlay":true},"geometry":{"type":"MultiPolygon","coordinates":[[[[-87.063341,16.0730678],[-86.8943025,16.1732148],[-86.8264825,16.1392311],[-86.8444337,16.055945],[-86.9943213,15.9908538],[-87.063341,16.0730678]]],[[[-86.6546633,16.2666727],[-86.5922935,16.3770493],[-86.3644044,16.4703573],[-86.1041023,16.4925416],[-86.0949322,16.400602],[-86.5895831,16.2169538],[-86.6546633,16.2666727]]],[[[-86.0025596,16.4093638],[-85.8498289,16.5667706],[-85.7680185,16.5215001],[-85.7854189,16.4331391],[-85.8836462,16.3539093],[-86.0025596,16.4093638]]],[[[-83.8199499,8.6988417],[-83.891869,8.639644],[-83.9428432,8.7225583],[-83.8666163,8.7674534],[-83.8199499,8.6988417]]],[[[-86.4176632,16.0076979],[-86.4836887,15.8860555],[-86.5831744,15.9371812],[-86.5003237,16.0251904],[-86.4176632,16.0076979]]],[[[-87.7582676,17.2713872],[-87.8748512,17.1222627],[-87.9625853,17.1523262],[-87.9747459,17.3903805],[-87.8752615,17.5325038],[-87.8030073,17.6511363],[-87.7236083,17.6322257],[-87.7582676,17.2713872]]],[[[-87.4436129,17.4241062],[-87.5379516,17.3961775],[-87.5605264,17.4681679],[-87.4636128,17.5098375],[-87.4436129,17.4241062]]],[[[-87.5957886,17.1414773],[-87.6572933,17.1950458],[-87.6011265,17.2709594],[-87.4773086,17.2016712],[-87.5957886,17.1414773]]],[[[-87.8142605,16.6759727],[-87.9012443,16.6956108],[-87.8477282,16.7771019],[-87.7213907,16.7770437],[-87.8142605,16.6759727]]],[[[-85.0002089,14.7244658],[-85.0503224,14.6539115],[-84.9635509,14.4938701],[-84.9951573,14.4000768],[-84.9410387,14.3343819],[-84.8281307,14.3343748],[-84.8731155,13.9806069],[-85.0674999,13.7373565],[-85.1649369,13.7889983],[-85.3754781,13.7005609],[-85.4347099,13.6283407],[-85.3939011,13.5289175],[-85.5101279,13.361166],[-85.2716913,13.1474792],[-85.0730133,13.1745968],[-85.0948806,13.0619311],[-85.2031998,12.9789152],[-85.188037,12.8145624],[-85.007104,12.7338686],[-84.8384348,12.4808581],[-84.874214,12.412354],[-84.7751887,12.2775775],[-84.7264976,12.00191],[-84.5250725,11.8730944],[-84.6068531,11.8664953],[-84.5238144,11.6127794],[-84.5628914,11.485314],[-84.4369401,11.4007452],[-84.5318688,11.0480151],[-84.4505958,10.9609837],[-84.3588061,10.99574],[-84.2022512,10.7816028],[-84.0239578,10.7924203],[-83.9313228,10.7074555],[-83.6693376,10.7983056],[-83.6944056,10.9730549],[-83.6474994,10.9792799],[-83.4016803,10.4641802],[-83.1064228,10.084474],[-82.9941562,10.0415428],[-82.7596668,9.7158254],[-82.5303694,9.6111657],[-82.8781142,8.6706346],[-82.9256693,7.9873676],[-82.9867197,8.1701578],[-83.1868827,8.3441367],[-83.1620411,8.4689768],[-83.2300569,8.5837905],[-83.2830846,8.5921745],[-83.2249732,8.4270285],[-83.298864,8.3277892],[-83.5815818,8.393838],[-83.7570548,8.5438122],[-83.6963737,9.0303668],[-83.9571769,9.2575795],[-84.6524405,9.5453643],[-84.783381,9.9276082],[-84.8661333,9.8956489],[-84.7788017,9.7966562],[-85.1068016,9.5040241],[-85.3372578,9.7674938],[-85.7078147,9.874293],[-85.9232826,10.3546143],[-85.7149675,10.7584605],[-86.0365791,10.8580985],[-85.901954,10.9996217],[-85.7928838,10.9897022],[-85.7866722,11.0605381],[-85.9732004,11.2810351],[-86.5523886,11.7424703],[-86.8129678,12.1624452],[-87.7165933,12.8676277],[-87.7214534,12.9881665],[-87.5904153,13.1207275],[-87.4210102,12.9768465],[-87.3706457,13.0044878],[-87.4742075,13.0737183],[-87.563037,13.2631085],[-87.6923853,13.1108615],[-87.8185042,13.1851767],[-87.9010035,13.1033278],[-88.4741421,13.1175683],[-88.8171801,13.1959975],[-89.2901619,13.423926],[-89.8206325,13.475245],[-89.9993872,13.6302227],[-90.4795711,13.8334195],[-91.186311,13.8733419],[-91.5528775,13.991347],[-92.260952,14.4872286],[-93.3552366,15.542792],[-93.9696106,15.9363581],[-93.9368822,16.0486182],[-94.1028791,16.1431366],[-94.032961,16.275945],[-94.139156,16.4617864],[-93.8606647,17.1657226],[-93.7985233,17.2398425],[-93.6611942,17.2562366],[-93.5092638,17.4948646],[-93.3562778,17.6480374],[-93.3905478,17.7733997],[-93.2783227,17.9852878],[-93.0913759,17.8975613],[-93.1156408,17.8222126],[-93.0254363,17.8254184],[-93.0405253,17.6098282],[-92.9481198,17.482743],[-92.8315525,17.4808572],[-92.8542645,17.4111976],[-92.7857947,17.4175273],[-92.7550063,17.343407],[-92.5714109,17.5496086],[-92.4020786,17.5780401],[-92.349897,17.7027847],[-92.2746229,17.6922581],[-92.1719502,17.7865679],[-91.8347182,17.6688867],[-91.8209853,17.3912701],[-91.3327796,17.3938904],[-91.0176093,17.2332847],[-90.1689162,17.3231108],[-89.7713477,16.9845626],[-89.270611,17.0246163],[-89.2441751,16.9617405],[-89.1446115,17.0359415],[-89.1310503,17.1745791],[-88.7877515,17.2624222],[-88.7771307,17.3228852],[-88.6424482,17.3687199],[-88.4846798,17.6481342],[-88.4000275,17.6501564],[-88.4040374,17.5744462],[-88.2493221,17.540405],[-88.1125833,17.3585032],[-87.9964968,17.3283911],[-88.0327608,17.174251],[-87.9711784,17.0016684],[-88.1156732,16.6728667],[-88.0016489,16.5943231],[-87.9568004,16.4388721],[-88.0921556,16.3298593],[-88.2524999,16.055591],[-88.4480097,16.1627455],[-88.6031056,16.1393316],[-88.7509061,16.0797952],[-88.8615421,15.9187437],[-88.6267093,15.8094321],[-88.6751178,15.9837741],[-88.5686878,16.0121563],[-88.1683735,15.7456672],[-87.966264,15.9148842],[-87.6151515,15.9801343],[-87.511018,15.8442169],[-87.3534329,15.8960641],[-86.9229062,15.8141593],[-86.3766797,15.8412444],[-86.0199673,15.9541699],[-86.06917,16.0290179],[-86.0034878,16.0802278],[-85.4758008,15.9158747],[-84.9977875,16.0345856],[-85.0002089,14.7244658]]]]}},{"type":"Feature","properties":{"name":"Republic of Lucca","historical_entity":"Republic of Lucca","ohm_relation_id":2860166,"start_date":"1648-10-24","end_date":"1805","admin_level":"2","boundary":"administrative","source":"https://en.wikipedia.org/wiki/Republic_of_Lucca","_historical_overlay":true},"geometry":{"type":"MultiPolygon","coordinates":[[[[10.5327227,43.7595694],[10.4537066,43.7652751],[10.4252828,43.8345606],[10.2060543,43.8064443],[10.1636969,43.8915071],[10.4642391,43.997982],[10.446664,44.0347836],[10.4089966,44.0521593],[10.6246375,44.1205588],[10.7435989,44.019731],[10.6750531,43.9850717],[10.6714152,43.8154545],[10.5327227,43.7595694]]]]}},{"type":"Feature","properties":{"name":"Principality of Piombino","historical_entity":"Principality of Piombino","ohm_relation_id":2860167,"start_date":"1648-10-24","end_date":"1803","admin_level":"2","boundary":"administrative","source":null,"_historical_overlay":true},"geometry":{"type":"MultiPolygon","coordinates":[[[[10.0783751,42.8256069],[10.4362577,42.9080125],[10.4948464,42.8561079],[10.4821962,42.7001943],[10.1383613,42.6897463],[10.0575109,42.7456353],[10.0783751,42.8256069]]],[[[10.870949,42.9681311],[10.9966276,42.8322968],[10.8917746,42.7196546],[10.7448668,42.752401],[10.6822077,42.7942292],[10.721167,42.8798098],[10.870949,42.9681311]]],[[[10.7215564,43.0843731],[10.7909545,43.0147646],[10.6883104,42.9078555],[10.5456124,42.8843857],[10.4542016,42.9129665],[10.4399774,43.0064711],[10.6931303,43.0205882],[10.6565664,43.0776656],[10.7215564,43.0843731]]]]}},{"type":"Feature","properties":{"name":"Spain","historical_entity":"Spain","ohm_relation_id":2860342,"start_date":"1540-10-01","end_date":"1659-11-07","admin_level":"2","boundary":"administrative","source":null,"_historical_overlay":true},"geometry":{"type":"MultiPolygon","coordinates":[[[[8.2326774,39.8612326],[8.3150056,39.9063211],[8.2992846,39.8473318],[8.2326774,39.8612326]]],[[[12.0099259,38.0319318],[12.1012803,38.0171099],[12.1329567,37.9212367],[12.007265,37.9286748],[12.0099259,38.0319318]]],[[[13.1561039,38.7580082],[13.2534569,38.7135574],[13.184148,38.6501594],[13.1022028,38.6834064],[13.1561039,38.7580082]]],[[[14.4000322,38.5841761],[14.405781,38.51101],[14.3296914,38.4917753],[14.2907256,38.5639331],[14.4000322,38.5841761]]],[[[14.4910354,38.595977],[14.5928501,38.6206405],[14.646967,38.5544723],[14.5302549,38.52118],[14.4910354,38.595977]]],[[[14.8638264,38.447517],[14.7520025,38.5384129],[14.7598298,38.6031317],[14.8865031,38.6218283],[14.9511708,38.5647672],[15.0320043,38.4935601],[15.04897,38.3508684],[14.9402253,38.3390862],[14.8638264,38.447517]]],[[[15.0037777,38.6118942],[15.0260727,38.67503],[15.1062453,38.6789094],[15.1050237,38.5957061],[15.0037777,38.6118942]]],[[[15.2463996,38.8494609],[15.2889933,38.7802518],[15.1896945,38.7345571],[15.1381987,38.8073961],[15.2463996,38.8494609]]],[[[-15.8190983,28.0696825],[-15.7262314,28.220744],[-15.3746877,28.2277699],[-15.2991012,27.9356644],[-15.3365708,27.8363059],[-15.5511595,27.6891783],[-15.713189,27.710692],[-15.889464,27.8985736],[-15.8190983,28.0696825]]],[[[-16.401558,28.097083],[-16.5139222,27.9838992],[-16.7218713,27.9638878],[-16.9812304,28.337032],[-16.8605698,28.4389345],[-16.544011,28.4694631],[-16.3373459,28.6289554],[-16.1410076,28.6558415],[-16.0690792,28.5821005],[-16.087761,28.5087864],[-16.3097113,28.3521359],[-16.401558,28.097083]]],[[[-17.2117254,27.9791146],[-17.4078856,28.0918829],[-17.3635496,28.2375958],[-17.2740435,28.2693538],[-17.0438675,28.1350623],[-17.0566178,28.0649748],[-17.2117254,27.9791146]]],[[[-18.0758069,27.6419329],[-18.2072002,27.6821897],[-18.2148682,27.7649487],[-17.9627139,27.9010415],[-17.8688765,27.8849093],[-17.8278425,27.7899117],[-17.9490113,27.5999992],[-18.0758069,27.6419329]]],[[[-18.0144191,28.6544282],[-18.0617463,28.7917058],[-17.9392899,28.905228],[-17.7480269,28.8798539],[-17.6740339,28.7213303],[-17.7104278,28.5435202],[-17.8177763,28.4121131],[-17.901643,28.4305353],[-18.0144191,28.6544282]]],[[[-2.9767801,35.9282588],[-3.0487062,35.8941957],[-3.0907633,35.9524417],[-3.0188371,35.9864797],[-2.9767801,35.9282588]]],[[[2.8674774,39.1566056],[2.9780142,39.2463449],[3.0264225,39.1757361],[2.9650556,39.0860561],[2.8674774,39.1566056]]],[[[1.2802683,38.8228363],[1.1399014,38.849751],[1.165267,39.0148103],[1.5414666,39.1591584],[1.7035665,39.033989],[1.5238968,38.8945707],[1.4564377,38.8453151],[1.5263054,38.8213286],[1.5288519,38.7243197],[1.6333541,38.6880274],[1.5924063,38.6126575],[1.3547275,38.6072269],[1.364735,38.7917754],[1.2802683,38.8228363]]],[[[2.2534873,39.5873381],[2.7556701,39.8925817],[3.1757783,40.0028525],[3.2671657,39.9683359],[3.1902126,39.7996014],[3.4932845,39.780644],[3.5052707,39.6411428],[3.2724221,39.3345942],[3.0595608,39.2231104],[2.9317727,39.3145416],[2.7554698,39.330056],[2.6634353,39.5126811],[2.5013577,39.4177863],[2.2534873,39.5873381]]],[[[4.2193941,39.7755702],[4.0114839,39.879611],[3.7842043,39.8947184],[3.7376247,40.0166157],[3.8000498,40.0881224],[4.0766582,40.1351299],[4.3109992,40.0216625],[4.3782086,39.8664947],[4.3247763,39.7656014],[4.2193941,39.7755702]]],[[[8.7879203,40.9761963],[9.1018293,41.1925564],[9.1175327,41.2813548],[9.409734,41.3412802],[9.6571869,41.1004624],[9.7172332,41.0029111],[9.6791251,40.9496448],[9.7609646,40.9637104],[9.8241455,40.8906336],[9.7367721,40.7896158],[9.881179,40.5327334],[9.6768872,40.2460572],[9.7886813,40.0767119],[9.6518808,39.3516755],[9.6862,39.293705],[9.6212887,39.2216201],[9.6506732,39.116878],[9.5180656,39.0427715],[9.2724655,39.1725184],[9.0851925,39.1517613],[9.0981292,39.0484219],[9.0173308,38.9365],[8.8719114,38.8371012],[8.7330015,38.8828005],[8.6281021,38.8246853],[8.5137073,39.0133449],[8.4924247,38.9142425],[8.4262267,38.9002449],[8.1683718,39.1392301],[8.3778372,39.2959814],[8.3284037,39.464272],[8.4509754,39.813415],[8.342159,39.9602745],[8.2477399,39.9778849],[8.433026,40.0925385],[8.4257931,40.2680578],[8.3365175,40.3185504],[8.2686234,40.5342956],[8.1013577,40.5631832],[8.137845,40.6664325],[8.0820101,40.7398961],[8.1642461,40.878608],[8.1242637,40.9446933],[8.3049004,41.1595064],[8.4033486,41.0931431],[8.2903783,40.9564977],[8.3275431,40.8867495],[8.5294389,40.8658408],[8.7879203,40.9761963]]],[[[15.6920384,38.2921963],[15.2632162,37.7395134],[15.1395022,37.4597851],[15.1457363,37.3504364],[15.307418,37.2565434],[15.267817,37.1912966],[15.3895318,37.002998],[15.1957217,36.8854229],[15.1508704,36.7840818],[15.1895569,36.667808],[15.1028722,36.6101799],[14.4710127,36.7481063],[14.2307814,37.0217587],[13.7325971,37.1094359],[13.1439132,37.4520033],[12.8472553,37.5390923],[12.6507099,37.5220431],[12.4630619,37.6447218],[12.3848497,37.8670477],[12.2284737,37.9110226],[12.2867812,38.040953],[12.4428747,38.035383],[12.7265568,38.2314456],[12.9161774,38.0684056],[13.0774023,38.2262706],[13.3270096,38.2656481],[13.4293163,38.1406871],[13.563751,38.1492094],[13.6006697,38.0722645],[13.7615731,38.0140729],[14.0153033,38.0832825],[14.5073842,38.082379],[14.9135257,38.2334863],[15.1021733,38.1721643],[15.2155242,38.3112762],[15.3053036,38.2527832],[15.5418041,38.3433905],[15.6920384,38.2921963]]],[[[-0.6661044,37.914219],[-0.7126413,37.8483576],[-0.6521176,37.606105],[-0.9150899,37.5151483],[-1.2182913,37.5327121],[-1.4181465,37.4617533],[-1.7586336,37.2012736],[-1.8564901,36.9239219],[-2.1017004,36.6975015],[-2.2157712,36.6861704],[-2.3599463,36.8008089],[-2.5370705,36.7787376],[-2.6992849,36.6437039],[-2.9348325,36.7101064],[-3.413497,36.6547018],[-3.8294182,36.7126582],[-4.3790714,36.6802254],[-4.6190448,36.4706322],[-4.8984724,36.4665702],[-5.1544332,36.3740247],[-5.3056725,36.0848755],[-5.5889762,35.9638205],[-5.928114,36.1421889],[-6.0627766,36.1484453],[-6.3586569,36.5053295],[-6.318637,36.5768308],[-6.4410313,36.6211591],[-6.4926209,36.7403286],[-6.4416302,36.7908612],[-6.5341658,36.930923],[-7.0488841,37.1661762],[-7.3953517,37.1294354],[-7.5230471,37.5535571],[-7.2624418,37.9798598],[-7.0020206,38.0223973],[-6.9315141,38.2083059],[-7.0853933,38.1692702],[-7.335668,38.4360623],[-7.2475023,38.6099436],[-7.0661,38.5728954],[-6.9665592,38.4658806],[-6.9565267,38.5865998],[-7.1587185,38.7848791],[-7.0391638,38.8646624],[-6.959428,39.0544699],[-7.1440362,39.1086285],[-7.1345675,39.1712083],[-7.241471,39.208254],[-7.3228271,39.3812924],[-7.2954762,39.4587399],[-7.5413318,39.6637497],[-7.0153571,39.670625],[-6.8636245,40.0119646],[-7.0299059,40.1863736],[-6.7809693,40.3645539],[-6.8496983,40.4515144],[-6.7952733,40.5113646],[-6.8453631,40.5659516],[-6.801883,40.8607155],[-6.9311988,41.0294262],[-6.808931,41.0364965],[-6.6483486,41.2477378],[-6.4963055,41.2662259],[-6.3176604,41.3857421],[-6.1891702,41.5748269],[-6.3022914,41.6618092],[-6.5482692,41.6855933],[-6.5155141,41.8716584],[-6.5882967,41.9675656],[-6.699995,41.9333153],[-6.8113367,41.9925231],[-6.8932435,41.9398575],[-7.1414489,41.9907597],[-7.1967303,41.8799815],[-7.428244,41.8072331],[-7.4524915,41.865086],[-7.6114315,41.8291889],[-7.5858607,41.8818635],[-7.7008444,41.9076711],[-7.872804,41.8448632],[-7.9063382,41.9271019],[-8.0140524,41.8290006],[-8.1650088,41.818121],[-8.216833,41.9134526],[-8.0844505,42.047345],[-8.1821972,42.0650839],[-8.1986736,42.154295],[-8.633912,42.048471],[-8.9313101,41.8645222],[-8.9144981,42.155643],[-8.9669392,42.2444571],[-8.9070564,42.3135287],[-8.9913513,42.3416198],[-8.9643687,42.4256962],[-9.1005983,42.4918316],[-9.1421819,42.577692],[-9.0823712,42.7023818],[-9.2294725,42.8600078],[-9.3166013,42.8628036],[-9.3509867,43.0512846],[-9.2471408,43.1918139],[-9.0803675,43.2266264],[-8.8793839,43.3907236],[-8.7353777,43.3314953],[-8.5579956,43.3506666],[-8.3728575,43.431677],[-8.3497183,43.5948587],[-7.9203751,43.801803],[-7.8111205,43.7687547],[-7.6823258,43.825652],[-7.1478069,43.5920533],[-6.1027551,43.598276],[-5.8430997,43.6944843],[-5.6414254,43.5893702],[-4.6088347,43.4335158],[-4.2053816,43.437121],[-3.5907768,43.5491068],[-3.1454822,43.3892533],[-2.7513052,43.4931419],[-2.2901171,43.3316223],[-1.771886,43.428436],[-1.7301585,43.2957671],[-1.3825433,43.2531019],[-1.4732142,43.0867297],[-1.4412485,43.0462722],[-1.353893,43.0282972],[-1.2700511,43.1182964],[-1.3098491,43.0692747],[-1.2636038,43.0440161],[-0.9450456,42.953406],[-0.7528684,42.9679],[-0.5675315,42.7807402],[-0.470535,42.8079021],[-0.3132524,42.8494025],[-0.016061,42.6850466],[0.1757896,42.7370723],[0.2952017,42.6732252],[0.3602058,42.7241752],[0.6687632,42.6891606],[0.6591704,42.8384591],[0.7234559,42.8589309],[1.0788701,42.7883263],[1.1704707,42.7079267],[1.3573776,42.719699],[1.468366,42.5100159],[1.4189729,42.4827991],[1.5171908,42.428731],[1.9969366,42.6616103],[2.2453306,42.680164],[2.2882458,42.7717154],[2.2350308,42.7729755],[2.2456738,42.8417377],[2.2971722,42.8638865],[2.8646847,42.9184695],[3.0963354,42.833569],[3.0998158,42.5690574],[3.1915856,42.5297721],[3.2188009,42.3897435],[3.375424,42.3166401],[3.293295,42.2048185],[3.1655771,42.202926],[3.2786609,42.0528057],[3.2474492,41.8697086],[2.9629549,41.6812945],[2.3002388,41.4277396],[2.1334311,41.251987],[1.0568423,41.0208685],[0.8046029,40.8220969],[0.9257456,40.7487277],[0.921187,40.679278],[0.7021443,40.5272411],[0.5744683,40.5285567],[0.4554077,40.3380155],[0.0937683,40.0105905],[-0.2684758,39.5007335],[-0.137548,39.0547548],[0.0100774,38.9088177],[0.2296686,38.8373098],[0.283452,38.7235415],[0.0088089,38.5879074],[-0.0995662,38.4665873],[-0.3381309,38.4097772],[-0.3663232,38.3223097],[-0.4665842,38.2922765],[-0.4164919,38.148211],[-0.5720713,38.1445877],[-0.6661044,37.914219]]],[[[-13.7623188,28.791399],[-13.7948612,28.3956056],[-13.880882,28.215134],[-14.1849974,28.1223362],[-14.313824,27.9973069],[-14.5473156,28.0268335],[-14.5274981,28.1505062],[-14.2745163,28.2420894],[-14.069658,28.6767486],[-14.0421472,28.7567174],[-13.8472404,28.8079447],[-13.9447886,28.8782608],[-13.8732067,29.054963],[-13.5914577,29.1873506],[-13.5865322,29.419258],[-13.4668428,29.4550372],[-13.4162547,29.2656518],[-13.3270765,29.3302745],[-13.2764124,29.2636661],[-13.3736334,29.2311262],[-13.4414288,28.9618532],[-13.7623188,28.791399]]]]}},{"type":"Feature","properties":{"name":"Ottoman Empire","historical_entity":"Ottoman Empire","ohm_relation_id":2860343,"start_date":"1540-10-01","end_date":"1699-01-26","admin_level":"2","boundary":"administrative","source":null,"_historical_overlay":true},"geometry":{"type":"MultiPolygon","coordinates":[[[[25.1872883,35.5034764],[25.2991387,35.4647414],[25.2211589,35.3829653],[25.130914,35.436659],[25.1872883,35.5034764]]],[[[25.5429551,35.5559015],[25.5208107,35.6256985],[25.6066414,35.6436963],[25.6287857,35.573915],[25.5429551,35.5559015]]],[[[25.6784279,34.9231626],[25.7940837,34.8957523],[25.7473288,34.8310246],[25.6385648,34.844844],[25.6784279,34.9231626]]],[[[23.9884968,34.9834675],[24.1691166,34.8793922],[24.142917,34.7638041],[24.0005718,34.8214519],[23.9369394,34.930183],[23.9884968,34.9834675]]],[[[23.4967804,36.8713148],[23.3986918,36.9416685],[23.4956867,36.9603633],[23.4967804,36.8713148]]],[[[23.5688494,36.7264337],[23.5467051,36.7951962],[23.6325358,36.8129269],[23.6546801,36.7441803],[23.5688494,36.7264337]]],[[[23.9502867,36.8402818],[23.8852651,36.7946825],[23.8217106,36.8449493],[23.8761084,36.889483],[23.9502867,36.8402818]]],[[[24.2947889,37.7148999],[24.4599964,37.6675067],[24.3684102,37.5268307],[24.2791047,37.4801595],[24.2203086,37.5174642],[24.2947889,37.7148999]]],[[[23.9871108,37.4861921],[23.9509556,37.4186566],[23.8466292,37.4753589],[23.893479,37.5328358],[23.9871108,37.4861921]]],[[[24.4093337,37.0794815],[24.3599932,37.1137251],[24.3822282,37.1928504],[24.5312275,37.2457035],[24.4691594,37.306413],[24.3169187,37.2809173],[24.3141652,37.4346191],[24.4040197,37.518255],[24.5320999,37.4248632],[24.4981897,37.3435647],[24.6657346,37.2574117],[24.5817084,37.2085753],[24.5973135,37.108214],[24.4093337,37.0794815]]],[[[24.2046159,36.7374823],[24.1671933,36.8011985],[24.2270501,36.8476924],[24.3050132,36.7739563],[24.4673611,36.802054],[24.5505208,36.8886277],[24.6817142,36.815628],[24.6987321,36.7193856],[24.3231521,36.5882501],[24.2657127,36.6168587],[24.2786214,36.7364554],[24.2046159,36.7374823]]],[[[24.1948843,36.5294908],[24.0913883,36.5534094],[24.1542935,36.5962147],[24.1948843,36.5294908]]],[[[24.6412494,36.9016113],[24.5940055,37.066681],[24.7647975,37.0289972],[24.8182734,36.9473561],[24.7766686,36.8792591],[24.6412494,36.9016113]]],[[[25.0285721,37.151475],[25.0064277,37.2198547],[25.0922584,37.2374866],[25.1144027,37.1691229],[25.0285721,37.151475]]],[[[24.8680693,37.3210891],[24.8019988,37.3949426],[24.8255668,37.5198028],[24.9699165,37.5299946],[25.0481034,37.3841574],[24.8680693,37.3210891]]],[[[24.677403,37.5576078],[24.6007521,37.6222967],[24.7492571,37.6754971],[24.8043218,37.5665935],[24.677403,37.5576078]]],[[[25.8958908,37.1952625],[25.8737465,37.2636025],[25.9595772,37.2812242],[25.9817215,37.2129001],[25.8958908,37.1952625]]],[[[24.9543178,36.6731792],[25.3191884,36.8343224],[25.4560069,36.7167606],[25.4161594,36.6168482],[25.3099093,36.6214392],[25.226667,36.6818551],[24.9418315,36.549938],[24.7840303,36.6552741],[24.8482208,36.7091923],[24.9543178,36.6731792]]],[[[25.713265,36.5833106],[25.6231512,36.6120029],[25.6491391,36.6685949],[25.7374,36.6486026],[25.713265,36.5833106]]],[[[25.2977339,36.4860963],[25.4492581,36.5100717],[25.5361702,36.3455262],[25.4486418,36.2892082],[25.3333327,36.3163418],[25.2977339,36.4860963]]],[[[25.1585138,36.2822721],[25.2492064,36.2824427],[25.2463454,36.1977334],[25.1605226,36.2132546],[25.1585138,36.2822721]]],[[[25.8060302,36.2272434],[25.6742467,36.3692341],[25.7456928,36.4444386],[25.8188502,36.4268938],[25.9498267,36.2769249],[25.8060302,36.2272434]]],[[[25.3365844,38.1293217],[25.2390745,38.1317789],[25.2528813,38.2014661],[25.3503913,38.1990112],[25.3365844,38.1293217]]],[[[24.5296143,38.7304124],[24.2897596,38.8443285],[24.4004049,38.9161526],[24.4254232,39.0479755],[24.5377789,39.021665],[24.738067,38.787909],[24.6434907,38.7085236],[24.5296143,38.7304124]]],[[[24.0783691,39.1402734],[24.171955,39.1075924],[24.1257109,39.0175743],[24.0092767,39.0207848],[24.0783691,39.1402734]]],[[[24.384904,39.3737438],[24.3431696,39.2926252],[24.2592808,39.3322969],[24.3047482,39.4071018],[24.384904,39.3737438]]],[[[25.0201516,39.601722],[25.1097776,39.5231121],[24.9866485,39.4206702],[24.9193052,39.5199514],[25.0201516,39.601722]]],[[[25.0893881,39.7865505],[24.9951119,39.8227774],[24.9930981,40.0113576],[25.135726,40.0669128],[25.311999,40.0172031],[25.4393429,40.0767491],[25.4967264,39.9788124],[25.3974324,39.7579964],[25.0893881,39.7865505]]],[[[25.80556,40.2530266],[25.9615486,40.2793941],[26.0615871,40.1814062],[26.0451186,40.114158],[25.8833871,40.0695093],[25.7214885,40.0521808],[25.6164076,40.1080293],[25.6316362,40.1810851],[25.80556,40.2530266]]],[[[25.4870912,40.5363936],[25.7417581,40.4894733],[25.7385892,40.397466],[25.6379555,40.3626969],[25.4159591,40.4353838],[25.3992686,40.4902189],[25.4870912,40.5363936]]],[[[25.4590488,38.5671717],[25.5650706,38.6517669],[25.6688486,38.5566634],[25.5049649,38.4792145],[25.4590488,38.5671717]]],[[[26.8779733,37.4557579],[26.9850707,37.528708],[27.0595618,37.4535426],[26.9718628,37.3833113],[26.8779733,37.4557579]]],[[[27.0313669,37.3119512],[27.1379269,37.3315248],[27.1325152,37.2438826],[27.0502969,37.24327],[27.0313669,37.3119512]]],[[[26.4174829,37.0523433],[26.5493213,36.9889042],[26.3731082,36.9506821],[26.2623225,36.930072],[26.2185851,36.999479],[26.4174829,37.0523433]]],[[[26.3991416,36.4753203],[26.0957197,36.5077837],[26.096845,36.587187],[26.2818182,36.6405829],[26.3908341,36.6878185],[26.5098319,36.6177294],[26.5221511,36.5090313],[26.3991416,36.4753203]]],[[[26.6268645,36.3033061],[26.5462045,36.4365546],[26.6434725,36.4629625],[26.6917998,36.4022662],[26.810713,36.2796621],[26.7368647,36.2398306],[26.6268645,36.3033061]]],[[[26.3484144,36.1085806],[26.4418869,36.109103],[26.4611651,36.02917],[26.3769067,36.0110477],[26.3484144,36.1085806]]],[[[26.1865658,35.8222641],[26.2365054,35.9089121],[26.2888551,35.8497774],[26.1865658,35.8222641]]],[[[26.5218315,35.8349445],[26.4732672,35.7784461],[26.3977372,35.8169325],[26.4530552,35.8711709],[26.5218315,35.8349445]]],[[[26.4764498,35.8810532],[26.4543055,35.9505657],[26.5401362,35.96849],[26.5622805,35.8989932],[26.4764498,35.8810532]]],[[[26.791388,35.9310404],[26.8745319,35.9100775],[26.857984,35.8395774],[26.773015,35.8570757],[26.791388,35.9310404]]],[[[26.9642981,36.4539539],[26.9068852,36.497509],[26.9639711,36.5496639],[27.0353651,36.5049619],[26.9642981,36.4539539]]],[[[27.3717662,36.335687],[27.257263,36.3927716],[27.2296058,36.4810074],[27.3693407,36.5234853],[27.5239971,36.376655],[27.4663173,36.3166694],[27.3717662,36.335687]]],[[[27.6313731,36.1602105],[27.4929079,36.1696511],[27.4711698,36.2573632],[27.8093049,36.3168015],[28.208692,36.4999642],[28.2920281,36.4479729],[28.134619,36.0348826],[27.9819644,36.0062535],[27.8244962,35.8527888],[27.7048811,35.8531521],[27.665224,35.940101],[27.7068367,36.0696997],[27.6313731,36.1602105]]],[[[26.8424488,35.4847149],[27.0521616,35.4845466],[27.0060212,35.6160507],[27.2127163,35.9471193],[27.2890943,35.9194052],[27.26876,35.7474886],[27.2133194,35.6367775],[27.2951616,35.4887709],[27.1712963,35.3618318],[27.0571329,35.4048687],[26.8229109,35.3094784],[26.7700504,35.3641657],[26.8424488,35.4847149]]],[[[35.704756,23.7546518],[35.7586428,23.6834694],[35.6603702,23.6620377],[35.6064834,23.7332319],[35.704756,23.7546518]]],[[[36.2541955,23.6039479],[36.1879342,23.5564349],[36.1360925,23.6171604],[36.2023537,23.6646514],[36.2541955,23.6039479]]],[[[34.8199104,26.2653669],[34.7994189,26.3484274],[34.8875689,26.3500716],[34.9080605,26.2670123],[34.8199104,26.2653669]]],[[[34.9646752,27.926778],[34.8984139,27.8809637],[34.8465722,27.9395176],[34.9128335,27.9853071],[34.9646752,27.926778]]],[[[35.0645975,27.8602122],[35.0072472,27.9188908],[35.0735085,27.9646891],[35.1474848,27.8508471],[35.2251472,27.8099579],[35.1988547,27.7392478],[35.0982213,27.7451226],[35.0645975,27.8602122]]],[[[35.2115073,27.6458799],[35.2474289,27.7221155],[35.3308192,27.6813315],[35.2999024,27.5980824],[35.2115073,27.6458799]]],[[[38.9028786,22.511833],[38.9777016,22.4626016],[38.9223012,22.4037456],[38.8535653,22.4533888],[38.9028786,22.511833]]],[[[40.0949539,19.9277812],[40.0839076,20.0183979],[40.1854827,20.0019031],[40.1835776,19.9082754],[40.0949539,19.9277812]]],[[[40.4712292,18.7920806],[40.4058262,18.753236],[40.3647992,18.8151555],[40.4302021,18.8539858],[40.4712292,18.7920806]]],[[[40.7939526,18.883062],[40.7285496,18.8442384],[40.6875225,18.9061244],[40.7529255,18.9449336],[40.7939526,18.883062]]],[[[40.9371182,18.880788],[40.8717152,18.841964],[40.8306881,18.9038508],[40.8960911,18.9426605],[40.9371182,18.880788]]],[[[41.0229398,18.5328298],[40.9290103,18.7783035],[41.013209,18.7838427],[41.0741231,18.6537588],[41.1420083,18.4810809],[41.1000242,18.4018654],[41.0247668,18.4182196],[41.0229398,18.5328298]]],[[[40.8797833,18.6483599],[40.8278029,18.540945],[40.7551571,18.6008598],[40.8071375,18.7082369],[40.8797833,18.6483599]]],[[[40.7173916,18.5022385],[40.6519886,18.4633276],[40.6109616,18.5253529],[40.6763646,18.5642496],[40.7173916,18.5022385]]],[[[40.7937641,18.4210739],[41.0286839,18.3814065],[40.9160036,18.1935744],[40.8407462,18.2099483],[40.8657475,18.285094],[40.7870835,18.3088515],[40.7617335,18.1808777],[40.6780112,18.1910319],[40.6861163,18.2962062],[40.7937641,18.4210739]]],[[[41.220862,18.3620915],[41.1695144,18.4480402],[41.2696036,18.4467009],[41.319269,18.3639572],[41.220862,18.3620915]]],[[[41.3762276,18.2210364],[41.3108247,18.1820622],[41.2697976,18.2441885],[41.3352006,18.2831489],[41.3762276,18.2210364]]],[[[42.5047377,16.7080527],[42.5739091,16.7687142],[42.6121896,16.6850357],[42.5385468,16.6292844],[42.5047377,16.7080527]]],[[[41.5748658,16.6320249],[41.5327499,16.7049499],[41.6126054,16.7325512],[41.6502322,16.6601858],[41.5748658,16.6320249]]],[[[41.8512657,16.4298562],[41.8494983,16.5192816],[41.9325311,16.4693145],[41.9342985,16.3798661],[41.8512657,16.4298562]]],[[[42.0176491,16.3416455],[42.0009031,16.2572952],[41.9098884,16.2856738],[41.9305225,16.3632009],[42.0176491,16.3416455]]],[[[42.7220528,16.1594484],[42.6566499,16.1200384],[42.6156228,16.1828599],[42.6810258,16.2222574],[42.7220528,16.1594484]]],[[[42.6918404,16.4151746],[42.6264375,16.3758158],[42.5854104,16.4385555],[42.6508134,16.4779016],[42.6918404,16.4151746]]],[[[41.9021599,15.5264156],[41.8115419,15.4755403],[41.7679808,15.5572482],[41.863079,15.6035078],[41.9021599,15.5264156]]],[[[42.2178046,14.989523],[42.1118588,14.987577],[42.0620658,15.1909033],[42.1587697,15.2043512],[42.2434776,15.0772272],[42.2178046,14.989523]]],[[[42.6889323,14.0866312],[42.7623933,14.1419031],[42.8715271,14.0841979],[42.8652184,13.7105363],[42.7666795,13.5718032],[42.6867314,13.5690997],[42.6165239,13.6550986],[42.7356933,13.8179303],[42.6227037,14.0084671],[42.6889323,14.0866312]]],[[[48.5417172,29.0516682],[48.4679028,29.0297566],[48.4428402,29.0942774],[48.5166546,29.1161752],[48.5417172,29.0516682]]],[[[48.7013623,28.6571526],[48.6275479,28.6351578],[48.6024853,28.6999238],[48.6762997,28.7219051],[48.7013623,28.6571526]]],[[[49.7823375,27.752524],[49.8733638,27.7567329],[49.873538,27.6456745],[49.7770948,27.6166633],[49.7823375,27.752524]]],[[[50.225372,27.7564692],[50.1515576,27.7342882],[50.126495,27.7996028],[50.2003094,27.8217705],[50.225372,27.7564692]]],[[[50.2219387,27.9728758],[50.1481244,27.950739],[50.1230618,28.0159233],[50.1968762,28.0380467],[50.2219387,27.9728758]]],[[[49.9483105,27.3492038],[49.8700329,27.3217552],[49.8449704,27.3873156],[49.9242779,27.4165766],[49.9483105,27.3492038]]],[[[50.0049588,27.1770803],[49.9311444,27.1547824],[49.9060818,27.2204414],[49.9798962,27.2427262],[50.0049588,27.1770803]]],[[[50.4423058,26.4363401],[50.529463,26.4614702],[50.5347059,26.3837197],[50.4386687,26.3559185],[50.4423058,26.4363401]]],[[[50.446764,26.3112022],[50.6424919,26.3593897],[50.7301871,26.2987298],[50.6487511,25.8227528],[50.5317872,25.7572283],[50.4051418,25.9422193],[50.3852225,26.2333637],[50.446764,26.3112022]]],[[[51.6549676,24.7282788],[51.5809815,24.7056683],[51.5560906,24.772864],[51.6300767,24.7954623],[51.6549676,24.7282788]]],[[[10.1802056,37.344642],[10.1082795,37.3111992],[10.0662225,37.3683842],[10.1381486,37.4018016],[10.1802056,37.344642]]],[[[9.009736,37.5070427],[8.8582417,37.4506048],[8.8486891,37.5413243],[8.9705082,37.6055285],[9.009736,37.5070427]]],[[[11.1003106,35.7873237],[11.0013378,35.719397],[10.951884,35.7880336],[11.0379217,35.8554706],[11.1003106,35.7873237]]],[[[11.3528336,34.7064457],[11.0514629,34.5751942],[10.9135393,34.6492137],[11.0167676,34.7184791],[11.3002203,34.8823539],[11.4134866,34.7703999],[11.3528336,34.7064457]]],[[[20.0462721,39.5924614],[19.9335128,39.6832154],[19.9776074,39.7908637],[19.8288129,40.0039149],[19.4082123,40.205522],[19.2112015,40.4981165],[19.2441303,40.5498264],[19.325627,40.5297094],[19.2624709,40.6693572],[19.4060951,40.9668277],[19.3869786,41.1600259],[19.4664204,41.255924],[19.3748095,41.3067275],[19.3387014,41.4193667],[19.4588543,41.5004925],[19.4032852,41.6038193],[19.5255874,41.6108171],[19.531381,41.7869282],[19.1292131,41.9095396],[19.0173274,42.0948595],[18.5455288,42.354427],[18.3664009,42.6161396],[18.2440651,42.6026981],[17.8912695,42.8097697],[17.8292016,42.9096573],[17.4941825,42.9446747],[17.0760735,43.1792885],[16.8877624,43.3616907],[16.4967583,43.4632272],[16.1145612,43.3776081],[15.8453557,43.5145266],[15.8499042,43.6114344],[15.5508041,43.5900275],[15.5123519,43.6368206],[15.6368063,43.7462971],[14.9646279,44.3164859],[15.0048277,44.3599233],[15.2440238,44.2927279],[15.2776945,44.3463544],[14.9736853,44.5774729],[15.0495527,44.6454526],[15.3362271,44.5831321],[15.5243676,44.7516103],[15.5923434,45.2033302],[16.1032077,45.3849503],[16.236419,45.3260827],[16.614072,45.3540773],[17.0837375,45.7713566],[17.0260593,45.9033905],[17.2636407,46.0270056],[16.9056415,46.2673589],[16.8845272,46.3517561],[17.019453,46.4505134],[17.1701288,46.4458267],[17.2770308,46.723153],[17.8987881,46.8838965],[18.1961032,47.0252079],[18.0783459,47.2813255],[18.5030358,47.5167374],[18.3155809,47.8620109],[19.6406364,48.6233781],[19.8244854,48.5186513],[19.8262017,48.3799702],[19.9607835,48.1303519],[20.4379288,47.7694617],[20.9701524,47.5700412],[21.0237115,47.2326251],[21.2358849,47.3523155],[21.3134738,47.563556],[22.2998425,47.5978295],[22.3545169,47.488238],[22.6254522,47.6205813],[22.8098432,47.548236],[22.8004932,47.4954585],[22.6429938,47.4592014],[22.6737211,47.3764997],[23.0454783,47.4871358],[23.147747,47.6274193],[23.3622551,47.5638437],[23.3765459,47.6251696],[23.510047,47.6737867],[23.4871392,47.619033],[23.5824698,47.5787078],[23.7580311,47.5828414],[23.8635063,47.6935301],[23.6908148,47.7339551],[23.6846351,47.8415055],[23.2877594,48.0469812],[23.354187,48.12064],[23.1979751,48.1904096],[23.283634,48.2863914],[23.1849287,48.3366256],[23.1542013,48.5399094],[23.2414053,48.6373897],[23.3275793,48.5699059],[23.2284449,48.6450461],[23.3610533,48.7707292],[23.7793922,48.6438552],[23.8046264,48.5802982],[23.9289024,48.5520637],[23.92524,48.4651818],[24.1236377,48.5340557],[24.1775906,48.3659712],[24.349544,48.3816942],[24.545315,48.2161023],[24.5002594,48.1601979],[24.6270954,48.0474604],[24.5629238,47.9685897],[24.8863506,47.7293077],[24.998467,47.8560999],[24.9109411,48.0258255],[25.301578,48.3637841],[25.6195188,48.3838594],[25.5852484,48.6341849],[25.6406092,48.6696098],[25.7382202,48.6330221],[25.7828307,48.6754194],[25.9086799,48.5868846],[26.0465884,48.6490014],[26.093645,48.5384887],[26.1199948,48.6195202],[26.1697766,48.5288837],[26.4867485,48.5457164],[26.6027916,48.4510766],[26.6120613,48.5059255],[26.7138565,48.4944372],[26.6203011,48.5523073],[26.7785729,48.5469665],[26.8044937,48.6099979],[26.8752182,48.542307],[26.9784401,48.5988077],[27.1078194,48.5579885],[27.4037636,48.6216869],[27.5195948,48.4705262],[27.7863071,48.4469513],[28.0705484,48.3192639],[28.0902615,48.2340647],[28.3529692,48.2464422],[28.3095012,48.1375596],[28.4103553,48.177172],[28.4635142,48.0741633],[28.5133442,48.1208894],[28.6324276,48.0863231],[28.5371465,47.999584],[28.6949296,48.0248182],[28.8262093,47.9013072],[29.0054527,47.8673322],[28.9668954,47.7204628],[29.0285218,47.5677997],[29.443358,47.8380498],[29.7427354,47.9218651],[30.5454269,47.8930382],[30.7936638,47.9338923],[30.8489913,48.0495762],[30.9554385,48.0320104],[31.1874701,47.7430505],[31.8442745,47.5507227],[32.3218234,47.5017968],[33.2900966,46.9437366],[33.5994657,46.8629366],[33.3406211,46.7575791],[32.9185607,46.731945],[32.3016284,46.4947255],[31.9345065,46.5985078],[31.1724744,46.5903314],[30.7914435,46.5198223],[30.7970918,46.3578722],[30.5238392,46.0569578],[29.709686,45.5186672],[29.8368818,45.4558797],[29.8127584,45.2228767],[29.7052128,45.0871925],[29.6564556,44.832213],[29.5250974,44.7366337],[29.4112521,44.7754244],[29.1186311,44.7195672],[28.6771414,44.2843279],[28.7605683,44.1018167],[28.6296986,43.7581275],[28.6309933,43.4701564],[28.4767914,43.3227649],[28.314245,43.3785763],[28.1300962,43.3466448],[27.9429246,43.0270588],[27.9481843,42.6851512],[27.7932779,42.6638221],[27.685006,42.5971182],[27.674955,42.5204237],[27.5417206,42.514016],[27.7727108,42.4328111],[27.8196152,42.2656985],[28.0418043,42.0762456],[28.1075647,41.8813587],[28.0279462,41.8449555],[28.1469921,41.6473383],[28.3102554,41.5228767],[29.0117355,41.2836933],[29.8410127,41.1782713],[30.1479224,41.1793283],[30.2785559,41.2501399],[31.0021522,41.1102894],[31.2825837,41.1533865],[31.3718438,41.346548],[32.5743178,41.8639738],[33.3277487,42.0562095],[34.7126693,41.9807651],[34.9498451,42.134723],[35.2385938,42.0554057],[35.2532783,41.9978383],[35.1400522,41.928822],[35.3139596,41.7437109],[35.5665002,41.6684516],[35.9410309,41.77079],[36.0843614,41.7178493],[36.1611217,41.6399162],[36.1745194,41.4815909],[36.4252074,41.2838387],[36.6596789,41.4203625],[36.9028299,41.3681096],[37.0477863,41.2996576],[37.0799195,41.2062491],[37.3064252,41.1816904],[37.5296251,41.0629366],[37.6487318,41.1599901],[37.8004296,41.1529389],[37.9180746,41.022795],[38.3499051,40.9521513],[39.4141435,41.1447149],[39.6651815,41.035225],[40.1484492,40.9504096],[41.3785381,41.4158373],[41.6725279,41.7225156],[41.718671,41.9080424],[42.241057,41.7856501],[42.4127184,41.8460367],[42.5019823,41.7969129],[42.600855,41.584932],[42.835158,41.585068],[42.802074,41.495427],[42.900763,41.500596],[43.018686,41.375555],[43.213501,41.305794],[43.127942,41.253207],[43.194404,41.253886],[43.231033,41.173085],[43.448302,41.176102],[43.4683864,41.0312334],[43.6714575,40.9370094],[43.7487173,40.6808171],[43.5421497,40.4764071],[43.6197206,40.4215067],[43.590814,40.3451289],[43.7156749,40.1621881],[43.3462141,40.1179902],[43.3578872,40.0438463],[43.284416,40.0022406],[43.3781432,39.9819871],[43.4241485,39.7874999],[43.5511776,39.840441],[44.4812391,39.6713886],[44.4215008,39.4112638],[44.0335461,39.3770376],[44.0984462,39.2039872],[44.2240918,39.1027197],[44.1722729,38.9895773],[44.2117295,38.8915259],[44.3144535,38.8071428],[44.2555594,38.718645],[44.320967,38.6251114],[44.2998388,38.3943548],[44.5165988,38.3050274],[44.3765231,38.2252374],[44.2419406,37.9506973],[44.2968723,37.8553408],[44.6017429,37.7012095],[44.5852634,37.4901169],[44.8200975,37.2937216],[44.749666,37.112879],[44.905552,37.009779],[44.903699,36.86141],[44.836814,36.797129],[45.057093,36.702536],[45.001556,36.538382],[45.081587,36.42549],[45.272404,36.393518],[45.265754,36.253206],[45.381363,36.08418],[45.348407,35.978799],[45.550761,36.001505],[45.763701,35.799014],[46.078562,35.85843],[46.167906,35.799993],[46.340244,35.819902],[46.277041,35.728866],[46.009149,35.678707],[45.985425,35.496023],[46.145457,35.312972],[46.108403,35.241129],[46.201247,35.201229],[46.154758,35.159001],[46.191291,35.110888],[46.059426,35.037953],[45.921987,35.095489],[45.86504,34.896328],[45.788196,34.912122],[45.653259,34.72311],[45.743326,34.538156],[45.531959,34.601883],[45.521255,34.480982],[45.439814,34.458932],[45.585698,34.291206],[45.581594,34.14613],[45.407661,33.977255],[45.453987,33.945455],[45.511585,33.945574],[45.77167,33.636936],[45.753165,33.592917],[45.907062,33.638097],[45.961002,33.56133],[45.863003,33.493148],[46.007252,33.50781],[46.189827,33.26397],[46.212346,33.197072],[46.04037,33.094539],[46.164625,33.069428],[46.096511,32.98168],[46.447421,32.933275],[47.168401,32.457281],[47.391536,32.465697],[47.56696,32.225089],[47.529201,32.141752],[47.650965,32.083276],[47.855645,31.81369],[47.682971,31.394609],[47.682833,30.99776],[48.03218,30.996343],[48.024445,30.477412],[48.40635,30.202487],[48.381591,30.121636],[48.456747,29.996398],[48.6898152,29.899189],[48.4332272,29.8379639],[48.3982986,29.6763106],[48.2612225,29.5483722],[48.4497067,29.4395979],[48.4757422,29.3410498],[48.2471463,29.3803804],[48.1949612,29.4820457],[48.0981442,29.5089401],[47.8370061,29.4411762],[48.1493115,29.3744828],[48.2278207,28.9882705],[48.3305859,28.9048883],[48.3359047,28.8119859],[48.4397625,28.7647363],[48.4508678,28.5913641],[48.5455059,28.5170564],[48.5792562,28.319482],[48.6804288,28.2214103],[48.6677121,28.1114622],[48.8393902,28.0247996],[48.8216772,27.9583973],[48.935861,27.846854],[48.9447244,27.6693307],[49.304821,27.5666819],[49.3977435,27.2833652],[49.4958218,27.4020014],[49.7274605,27.3477958],[49.7364348,27.2654029],[49.5938224,27.2476414],[49.6346184,27.1169042],[50.2099346,26.6714794],[50.2178185,26.6054123],[50.1242835,26.5278228],[50.2202218,26.5252654],[50.3538462,26.4126307],[50.2834678,26.3370356],[50.1659821,25.89218],[50.317866,25.6268016],[50.5402111,25.4229006],[50.6121602,25.1110944],[50.7940643,24.8449402],[50.7166057,25.1095495],[50.7185954,25.7849702],[50.8531066,25.760197],[50.9946269,26.0819882],[51.2453946,26.2069457],[51.3901634,26.1430706],[51.4542451,25.9980419],[51.6360973,25.9420808],[51.6402337,25.6955114],[51.5615958,25.5734101],[51.6951971,25.3070878],[51.6979119,25.011716],[51.4917634,24.6435233],[51.3961027,24.6282933],[51.3027189,24.5055815],[50.6304877,24.4721554],[50.2185004,24.7568133],[49.8339789,25.2099162],[49.5758002,25.388703],[49.3890326,25.9827419],[49.4274847,26.3032692],[49.3835394,26.4656606],[48.5705511,27.1618128],[48.2409558,27.6738087],[47.4169812,28.6423988],[46.1974988,29.1425758],[45.9118542,29.3821846],[44.8681531,29.7929937],[44.6154675,29.9549441],[44.1430554,30.3728847],[43.3080945,31.2691703],[43.1103406,31.3817882],[43.0554089,31.6253306],[41.6271863,32.9164946],[41.1877332,33.4589519],[40.3747449,33.8795461],[40.078114,33.9889276],[39.0234265,34.0435656],[38.067616,33.6237771],[37.3754773,33.0915508],[37.0019421,32.4078008],[36.661366,31.2785602],[36.5075574,30.1451367],[36.496571,29.6498782],[36.5734753,29.343885],[37.0239148,28.2560153],[37.9907117,26.7358088],[39.6386609,24.8266349],[39.8803601,24.4671607],[40.3527722,23.2413562],[40.715321,22.5633034],[41.9567761,20.7150254],[43.0554089,18.8751131],[43.7036023,18.1145396],[44.1100964,17.8323848],[44.8885052,17.4349821],[44.8461804,17.1617964],[44.4287,17.014778],[44.1210828,16.6467286],[44.296864,16.4150198],[44.296864,16.1091638],[44.0661511,15.5383865],[44.0551648,15.3053901],[43.8683972,14.7430216],[43.7585339,13.7634065],[43.7695203,13.0045684],[43.6178248,12.6880722],[43.4232899,12.5850574],[43.3362576,12.6669699],[43.4346994,12.8178062],[43.1733934,13.2918446],[43.2279229,13.6996444],[42.8524989,14.6090361],[42.9097624,14.688425],[42.8188532,14.88328],[42.8163787,15.1034775],[42.7041209,15.1628996],[42.5383945,15.1391154],[42.4826281,15.308463],[42.5313614,15.4416654],[42.3862639,15.4245795],[42.3110185,15.507776],[42.3602969,15.5861267],[42.4379524,15.524589],[42.5364717,15.6602793],[42.3600633,15.6647264],[42.3040574,15.6084889],[42.2333757,15.6902484],[42.2745299,15.7652367],[42.4106592,15.7959633],[42.4055146,15.8828591],[42.5299404,15.8897262],[42.5828024,16.0724063],[42.6849559,15.9895241],[42.6061444,15.8244803],[42.5047757,15.8152604],[42.5471991,15.7591476],[42.6099947,15.8190279],[42.6933384,15.7941575],[42.7635939,15.8911167],[42.7682132,16.1806371],[42.6228789,16.7529905],[42.5184354,16.8144297],[42.442325,16.7161455],[42.3978647,16.830025],[42.2673893,16.8328394],[42.2959174,16.9143116],[42.4243118,16.9382255],[42.474766,16.8726374],[42.4818025,16.9288448],[42.4305339,17.0103437],[42.3715928,16.9632856],[42.3076322,16.9982839],[42.2592547,17.3970317],[41.7373988,17.8022637],[41.4880466,18.1158696],[41.3524472,18.4985407],[41.216793,18.5681729],[41.150358,18.6956105],[41.1731697,18.8059752],[40.988555,19.0273141],[40.9828452,19.1981007],[40.8522886,19.2333017],[40.6809581,19.5669506],[40.549374,19.6037993],[40.5959318,19.6873844],[40.4846329,19.9334578],[39.6444515,20.4005433],[39.2969637,20.8708272],[39.1169993,20.8902483],[39.1209198,21.0057136],[39.1991083,21.0203404],[39.1075506,21.17537],[39.0736533,21.0565763],[38.9844767,21.0672002],[38.9736214,21.2048389],[39.0478509,21.2770117],[39.083573,21.4755094],[38.8678078,22.0235523],[38.972318,22.1805055],[38.9302085,22.2775949],[39.0135051,22.3041823],[39.0185589,22.5536082],[38.7376835,23.0013133],[38.7421625,23.1238295],[38.5774906,23.4758549],[38.488032,23.5192922],[38.3947323,23.7650522],[38.2583047,23.8815982],[37.7140959,24.2110434],[37.4999705,24.222289],[37.3844984,24.3345431],[37.3682394,24.4635059],[37.0992638,24.8046907],[37.1467382,24.8942831],[36.9905215,24.9654263],[37.0798475,25.0369592],[37.2202308,24.9783757],[37.2027403,25.1212719],[37.0981747,25.1383972],[37.0263094,25.3669759],[36.9348618,25.2841831],[36.6224501,25.5342419],[36.6698286,25.6221898],[36.6207941,25.6599554],[36.5344806,25.5639503],[36.4410549,25.5944215],[36.4825681,25.8182602],[36.6362313,25.9352615],[36.6427742,26.0089252],[36.4580724,26.0178928],[36.4399366,26.1011962],[36.3078457,26.1597027],[36.3810248,26.2351714],[36.2397244,26.4993047],[36.1658308,26.6110999],[36.0662672,26.5638193],[36.1211247,26.6503403],[35.9919888,26.7173511],[35.9853307,26.8523682],[35.7104641,27.0731399],[35.7448532,27.2148642],[35.540176,27.4113462],[35.3789225,27.7410281],[35.1012715,28.0013086],[34.9675512,28.0444374],[34.7555323,28.0007976],[34.7929206,27.9076788],[34.7224108,27.8616495],[34.5588824,27.8604082],[34.4506441,27.9355802],[34.2513729,27.6854577],[33.8349721,27.8965607],[33.1745762,28.5506441],[33.1083917,28.9822829],[32.6719516,29.4197561],[32.6282234,29.7257521],[32.5540137,29.8218663],[32.4136773,29.5927581],[32.6455608,29.3626061],[32.7192942,29.113293],[32.6787927,29.0019017],[33.302418,28.1765116],[33.8343855,27.7220901],[33.8702718,27.6200165],[34.0727955,27.5205929],[34.084855,27.4291784],[34.0184762,27.3998317],[33.6089118,27.5997938],[33.7561604,27.3649796],[34.0353313,27.2206223],[34.0215196,27.1313217],[33.9116955,27.1228738],[34.0486391,26.8970962],[34.0316152,26.6741186],[34.6076924,25.7450026],[35.0665056,24.8262785],[35.2273479,24.6746591],[35.2053395,24.5288056],[35.3068667,24.4157229],[35.4212233,24.4155357],[35.4874826,24.1985027],[35.8467022,23.9255715],[35.8524602,23.7938924],[35.6358165,23.8713496],[35.6521237,23.7920526],[35.5596396,23.7116972],[35.5424285,23.4959319],[35.7301748,22.9705874],[35.9391454,22.7596444],[36.2085392,22.7108737],[36.4893695,22.3936849],[36.6726631,22.3316501],[36.9359276,22.0892581],[36.9329407,21.888884],[36.4526257,22.0449235],[35.8044324,21.8513123],[32.8710828,21.8105185],[32.4316296,21.6268028],[31.9042859,21.7288961],[31.5417371,22.0449235],[29.8388562,21.9838116],[29.3884167,22.3195996],[29.2565808,22.7660616],[28.95995,23.0393079],[28.9160046,23.4632564],[28.6523328,23.905937],[27.1801538,25.2248401],[26.0595483,25.9975697],[24.8949976,26.4902601],[24.675271,26.9024965],[23.7963647,27.3717868],[23.4667749,28.0913857],[22.8735132,28.4976801],[21.7748804,27.9556104],[21.3573999,27.2351141],[20.6103296,27.0591454],[19.1821069,27.0591454],[18.6108179,26.6671154],[17.8637476,26.3328266],[17.0727319,26.3525175],[16.5014429,26.7652502],[15.8202905,26.9024965],[14.2602319,26.6474783],[13.3154077,26.2540294],[12.3925562,25.5622848],[12.1069116,25.0059926],[11.5136499,24.3671336],[11.3378687,25.0856188],[11.381814,26.2343217],[11.3378687,26.9416791],[11.1181421,27.3717868],[10.5029077,27.7419041],[9.9359101,27.8668703],[9.7769532,28.267578],[9.8512639,28.785996],[9.8261491,29.1285332],[9.6677092,29.6083231],[9.2865438,30.1171292],[9.556425,30.228034],[9.0450082,32.0718419],[8.3312533,32.5276281],[8.2828842,32.8363689],[8.0868238,33.094286],[7.7249854,33.2314094],[7.6931527,33.454109],[7.4848967,33.8550148],[7.5174528,34.0950259],[7.765293,34.2447067],[7.8315422,34.4143863],[8.2288306,34.6364399],[8.3004541,35.0676797],[8.4312989,35.241726],[8.2943563,35.3250801],[8.3370411,35.5379353],[8.2414397,35.8277367],[8.3577116,36.4303873],[8.1699195,36.5258336],[8.4303687,36.6626212],[8.461788,36.7327978],[8.4131088,36.7839057],[8.673311,36.8308615],[8.6294171,36.9907623],[8.807775,37.0189122],[9.1836699,37.2811941],[9.7419534,37.3947107],[10.3529138,37.2249502],[10.3801307,37.1622189],[10.2732844,37.1273308],[10.2414244,37.0479297],[10.4027444,36.8988577],[10.3862295,36.7736688],[10.8387482,37.0166158],[10.8576576,37.0654697],[10.7308916,37.1156132],[10.7929211,37.1843939],[10.9294622,37.1032072],[11.0809864,37.1282205],[11.1862069,36.8988577],[10.8506179,36.4285444],[10.5894696,36.3517638],[10.5143425,36.118367],[10.7033458,35.8359486],[10.8569116,35.8312657],[10.8811771,35.7322882],[11.0859387,35.6530065],[11.1337148,35.5042047],[11.0951053,35.3525721],[11.2239068,35.1941524],[11.0862667,35.1106271],[10.9185958,34.7732849],[10.6285359,34.5070117],[10.4852272,34.466616],[10.299895,34.277606],[10.132814,34.2569313],[10.0844255,34.0580511],[10.2306559,33.8513216],[10.5074641,33.6978533],[10.6503386,33.7423485],[10.714465,33.9315095],[10.9235162,33.9656656],[11.108616,33.8442024],[11.0437502,33.6902935],[11.1587231,33.5764766],[11.1504539,33.438494],[11.2282397,33.3635743],[12.3128108,32.890578],[12.8259473,32.8539665],[13.2994645,32.9597064],[14.2664852,32.7429882],[14.4961972,32.5642108],[14.749291,32.4910039],[15.2405163,32.4219563],[15.4141416,32.1850337],[15.4146782,31.9884859],[15.5252876,31.7206034],[15.7483759,31.4564237],[16.0936489,31.3092378],[16.9240945,31.2315923],[17.8672543,30.9783745],[18.2370372,30.8193727],[18.7279122,30.4545935],[19.0065734,30.3254164],[19.2211228,30.3275295],[19.640542,30.5014827],[20.0022785,30.8883115],[20.1090315,31.1553775],[19.9014087,31.5754882],[19.8667138,31.8451913],[19.9021203,32.0101793],[20.1580761,32.3158678],[20.6453364,32.642463],[21.0805588,32.8152512],[21.4009982,32.8427804],[21.6798153,32.9944956],[22.1876278,32.980617],[23.134193,32.677203],[23.2014162,32.4145259],[23.2906523,32.3858825],[23.2475244,32.323744],[23.3861919,32.2496472],[23.7209072,32.2304023],[24.1504284,32.0659553],[24.7628396,32.0686113],[25.0231548,32.0030896],[25.2655407,31.5723559],[25.9047311,31.678512],[26.9807046,31.4977753],[27.3707958,31.4218877],[27.4796047,31.2710977],[27.7047389,31.246469],[27.8692239,31.3073024],[27.9859536,31.1464192],[28.5658779,31.1054496],[29.073309,30.8758851],[29.5380824,31.0348973],[30.0352137,31.4054236],[30.2000087,31.3397628],[30.3428309,31.5289993],[30.5650082,31.5220085],[31.0916653,31.6571204],[31.5531156,31.5006312],[31.9448605,31.5675959],[32.0642299,31.4372861],[32.6290423,31.1164197],[33.1193295,31.2793707],[33.5433712,31.1736237],[33.8245144,31.2007015],[34.158288,31.3484983],[34.5723463,31.8114219],[34.7723909,32.2784429],[34.9012985,32.843295],[35.0092263,32.8867683],[35.047623,33.1099587],[35.3237908,33.5891699],[35.4175622,33.9260484],[35.5309272,33.9598521],[35.6016769,34.3066203],[35.7509419,34.4401632],[35.7332561,34.5249503],[35.8634338,34.5128153],[35.9283825,34.5699067],[35.797991,34.8546767],[35.8877887,35.2167435],[35.8535942,35.4018822],[35.7102103,35.4822634],[35.6581872,35.5894817],[35.7816952,35.7537513],[35.7519586,35.8732569],[35.9082559,36.0227251],[35.7300796,36.3356364],[36.1451568,36.6491823],[36.1370488,36.7725655],[36.0148755,36.8799607],[35.6433464,36.555852],[35.3437409,36.4958853],[34.8085722,36.7524501],[34.671947,36.7630664],[34.3027756,36.5448386],[33.9924195,36.1963374],[33.8887834,36.2663493],[33.702631,36.0930503],[33.1609347,36.0920893],[32.8073194,35.9725054],[32.3632014,36.1256123],[32.0172286,36.4900866],[31.3157464,36.767714],[30.9989613,36.8153219],[30.6544243,36.8149418],[30.6432218,36.5793721],[30.5379814,36.4032527],[30.5824664,36.3309636],[30.437097,36.1749409],[30.2060989,36.2720211],[29.6385717,36.0640579],[29.0619327,36.3585188],[29.0550878,36.4972231],[28.9552451,36.542114],[28.9914951,36.6645009],[28.841252,36.5457934],[28.7406018,36.6571469],[28.5876906,36.668422],[28.5574911,36.7473883],[28.3484896,36.7551131],[28.1189425,36.5466335],[27.9281893,36.5420576],[27.8780038,36.4716806],[27.6987715,36.5601244],[27.8021818,36.7131437],[27.6880798,36.6156826],[27.4705952,36.6047971],[27.3110449,36.675309],[27.4502386,36.8032228],[27.9504109,36.8401309],[27.9724386,36.9425607],[28.0596284,36.9815194],[27.4816039,36.917489],[27.3653544,36.9573731],[27.3987624,36.836334],[27.1434503,36.7240409],[27.2304103,36.6989981],[27.2466817,36.5426124],[27.0279057,36.5338151],[26.9793522,36.6060156],[27.0978431,36.7139353],[26.9624744,36.6299277],[26.8649888,36.7545142],[27.0761196,36.8947371],[26.8871646,36.8512184],[26.8447422,37.0409145],[26.6594431,37.3001115],[26.5185893,37.2372395],[26.4345131,37.4133548],[26.5041577,37.4532351],[26.6457929,37.3766993],[26.7444144,37.4493415],[26.9621133,37.1060277],[27.1422726,37.09075],[27.1052603,36.998625],[27.2026219,36.9875251],[27.1722458,37.062027],[27.234871,37.1701793],[27.4734332,37.1961625],[27.3430397,37.3016898],[27.1475105,37.3308648],[27.1673031,37.4339562],[27.0903829,37.5913257],[26.9382757,37.6461369],[26.7803606,37.5839184],[26.6809738,37.6659937],[26.6095121,37.6356552],[26.5903002,37.490062],[26.4950499,37.4611981],[26.3680419,37.5068306],[26.3468315,37.5931572],[26.0616365,37.4727505],[25.9212809,37.5294767],[26.0623195,37.6747284],[26.361923,37.7334985],[26.4189025,37.6912721],[26.3824437,37.6312325],[26.4445105,37.6457377],[26.5639344,37.7953021],[26.7319349,37.8543554],[27.08631,37.8184725],[27.120748,37.7317929],[27.1855254,37.7496513],[27.2128414,37.9452083],[26.9639785,38.0329905],[26.832617,37.9949905],[26.7184496,38.1658466],[26.5708144,38.0640401],[26.1776093,38.2659619],[26.1391465,38.1823406],[25.9826808,38.1112379],[25.8156761,38.226734],[25.933117,38.3669868],[25.7777438,38.5432861],[25.8259319,38.6141029],[26.0110144,38.6462261],[26.3110771,38.5517218],[26.3113773,38.6752087],[26.4119931,38.7219982],[26.5590928,38.6809699],[26.6408165,38.5671211],[26.7233703,38.5835009],[26.664522,38.7252881],[26.954258,38.8860717],[26.7713971,38.8856718],[26.7488509,39.0457811],[26.8200713,39.0873414],[26.6830707,39.2250508],[26.5247996,39.2725017],[26.5376321,39.4187415],[26.7247126,39.3956782],[26.8850664,39.5273251],[26.2483482,39.423317],[26.4854213,39.3434213],[26.4808647,39.2724403],[26.6600772,39.0632747],[26.64938,38.9833784],[26.5354882,38.9320935],[26.1535638,38.9652133],[25.7784624,39.1841062],[25.8700507,39.3277856],[26.0534171,39.3383245],[26.156249,39.4142379],[26.0094128,39.4788039],[26.1098583,39.664208],[26.0878665,39.7535317],[25.9091858,39.8391986],[26.102208,39.8916563],[26.0048664,39.9445474],[26.114391,39.9685038],[26.2180856,40.2054084],[26.1717464,40.3391384],[26.7773509,40.6130098],[26.542311,40.5514203],[26.109846,40.5551378],[26.027854,40.5990902],[25.9321109,40.8028564],[25.5309705,40.8214836],[25.0722973,40.9528491],[24.767884,40.8120095],[24.8379769,40.7411934],[24.826004,40.5952961],[24.625658,40.5172838],[24.4594744,40.6315377],[24.5144643,40.7800453],[24.5981381,40.8256334],[24.5163942,40.9147125],[24.4525357,40.9014197],[24.3713899,40.7927867],[24.1547087,40.6979025],[23.8392902,40.7409201],[23.7547355,40.6958975],[23.9773429,40.5503717],[23.8758559,40.4783772],[23.9096298,40.4366716],[24.0318417,40.4876089],[24.2796256,40.3418836],[24.4364096,40.1940351],[24.4333014,40.108142],[24.2917188,40.0737521],[24.1258977,40.2455104],[23.7594057,40.3015472],[24.047042,40.1195311],[24.0415112,39.9338447],[23.9264534,39.8967535],[23.6713316,40.0382038],[23.7122131,40.104401],[23.6282935,40.1857281],[23.3911264,40.2142361],[23.5244332,40.0678953],[23.7842603,39.9618319],[23.7990785,39.9023649],[23.7135578,39.8673814],[23.3268406,39.9193329],[23.2675563,40.1947151],[22.8543496,40.3421161],[22.7620861,40.4717625],[22.6633279,40.4258939],[22.7156938,40.3622544],[22.6017932,40.149059],[22.6413484,40.034304],[22.8923413,39.8267835],[22.9720594,39.6082957],[23.1398563,39.5221551],[23.392949,39.2141614],[23.6136223,39.25148],[23.7692068,39.1710693],[23.9189374,39.3248773],[24.1020059,39.4035756],[24.1438273,39.5340684],[24.2293311,39.5280149],[24.231735,39.3732789],[24.0454735,39.2568103],[24.0118404,39.071207],[23.9222968,39.1241323],[23.7052585,39.0314675],[23.5739069,39.1381614],[23.5156837,39.0752641],[23.3508387,39.11528],[23.2424661,39.0677562],[23.3754831,39.0802245],[23.5007306,38.8718504],[23.7999453,38.7398217],[24.2908214,38.7022934],[24.2957954,38.6331929],[24.1795019,38.6089424],[24.2795389,38.5417075],[24.2432519,38.4466506],[24.309447,38.2353204],[24.6447565,38.1585005],[24.629507,38.0054198],[24.5347488,37.8906618],[24.2115845,37.9405233],[24.1149577,38.1309717],[24.0481416,38.0826321],[24.1123496,37.8328558],[24.2070922,37.7395956],[24.1211666,37.6046564],[23.913558,37.6089022],[23.8295981,37.766464],[23.7133649,37.7390327],[23.659157,37.8875505],[23.5044292,37.848106],[23.6180393,37.7589142],[23.4650993,37.5999689],[23.5792156,37.5361954],[23.6335976,37.3668881],[23.4771024,37.2156291],[23.2220647,37.2521341],[23.224143,37.1919055],[23.152845,37.1749057],[23.0485086,37.2506489],[23.0098507,37.3937353],[22.787816,37.4949713],[23.1627288,36.781758],[23.0820625,36.6494219],[23.2490144,36.4691165],[23.2119842,36.3936],[23.0638675,36.4024114],[23.018638,36.5080311],[22.7754671,36.6299416],[22.7411608,36.7627239],[22.6479512,36.7640937],[22.5344338,36.5647668],[22.551534,36.3873489],[22.4595599,36.3471092],[22.3028037,36.4871987],[22.3094481,36.6693858],[22.1949726,36.8467413],[22.0771497,36.8981871],[22.0777205,36.985507],[21.9874042,36.9628561],[22.0194344,36.7849254],[21.9158045,36.6539818],[21.6514152,36.7117898],[21.6022824,36.9665036],[21.4859658,37.0601912],[21.5300068,37.2119699],[21.6434103,37.3153791],[21.6111634,37.4032701],[21.3783244,37.6080264],[21.2700874,37.6060836],[21.2502669,37.7454785],[21.0527503,37.8416849],[21.0812173,37.9611363],[21.2596866,38.049911],[21.3456726,38.2601557],[21.0812338,38.245781],[20.9491054,38.3431125],[20.963228,38.5537571],[20.8719486,38.5078803],[20.6619529,39.0281315],[20.4235199,39.2358127],[20.2502878,39.3017361],[20.0462721,39.5924614]]],[[[25.5544531,34.9456051],[24.7153049,34.8808447],[24.6986602,35.0507879],[24.6267155,35.0533767],[24.6569128,34.9898976],[24.5727682,34.9599345],[24.5182574,35.0075775],[24.5853007,35.0541962],[24.4817708,35.1075727],[23.5740734,35.1897645],[23.4706663,35.2568838],[23.5228571,35.5602914],[23.421755,35.5934061],[23.5210687,35.6135734],[23.5445265,35.6830905],[23.6528113,35.6348937],[23.7384589,35.7377702],[23.8673667,35.5681161],[24.0002947,35.5605838],[24.1158021,35.6448437],[24.2291363,35.5961195],[24.3162175,35.3967999],[24.9714835,35.475524],[25.100836,35.3823808],[25.4564061,35.3374635],[25.7884853,35.3829663],[25.7934936,35.163923],[25.8452127,35.2374509],[26.1586444,35.2642082],[26.1012604,35.3276628],[26.1539475,35.4244729],[26.4015452,35.288795],[26.3229377,35.0750361],[26.1575242,34.879732],[25.9655216,34.9885227],[25.5544531,34.9456051]]],[[[25.7431054,36.8574614],[25.994097,36.9801804],[26.2220195,36.9114636],[25.7861995,36.7249542],[25.5909766,36.8390343],[25.3930009,36.7878948],[25.4056013,36.884991],[25.3111173,37.0169736],[25.1227106,36.9257716],[24.9507022,36.9004964],[24.9011373,36.9550965],[25.1935801,37.1894878],[25.3515491,37.1494259],[25.5422822,37.2454597],[25.6508329,37.1228352],[25.8853698,37.1444569],[25.8555429,37.05114],[25.6357095,37.0480817],[25.7431054,36.8574614]]],[[[24.9163047,37.651548],[24.6603029,37.8551086],[24.6530957,37.993909],[24.8045221,38.0397694],[24.9925393,37.9292078],[25.033166,37.7201108],[25.2730156,37.6524388],[25.2946918,37.5552508],[25.5136211,37.4998696],[25.6235946,37.3986349],[25.1970851,37.3291709],[25.1491822,37.4458714],[25.2600053,37.5002698],[25.0813569,37.5172513],[24.9163047,37.651548]]],[[[42.2273357,16.3692693],[42.2012819,16.540483],[42.1248187,16.5596184],[42.0554646,16.4759435],[41.841287,16.605883],[41.7318905,16.5476525],[41.6773882,16.7986771],[41.4833248,16.7601357],[41.4098913,16.8921357],[41.6047741,16.9382655],[41.6208454,17.0635806],[41.7468716,17.120104],[41.8592403,17.0695837],[41.9137265,17.1555365],[42.0242839,17.0550116],[42.0306203,16.913986],[42.2143175,16.8504226],[42.312675,16.7468845],[42.30887,16.6363664],[42.4047209,16.6087228],[42.3172818,16.426465],[42.4597738,16.4864928],[42.630729,16.3071249],[42.5159206,16.2105212],[42.4300531,16.2347245],[42.4734872,16.0967844],[42.4012177,16.0448243],[42.236045,16.124789],[42.3139488,16.2318181],[42.1488055,16.2540667],[42.1443725,16.345876],[42.2273357,16.3692693]]],[[[33.06724,34.617178],[33.0674912,34.523932],[32.9162249,34.5178943],[32.8519062,34.6136155],[32.6866032,34.5993768],[32.3672886,34.7202506],[32.2648747,34.8890539],[32.2345492,35.1236724],[32.4128077,35.0880294],[32.606899,35.2340996],[32.8539492,35.2009549],[32.9078837,35.4452143],[33.4766182,35.3775725],[33.9053989,35.4771436],[34.5835176,35.7479121],[34.6589507,35.7149631],[34.5995815,35.6099161],[33.9830302,35.2755102],[33.9553111,35.1995933],[34.1153969,35.0247582],[34.1177516,34.9215156],[33.7053626,34.9339165],[33.6317041,34.7789983],[33.06724,34.617178]]]]}},{"type":"Feature","properties":{"name":"Province of Caracas","historical_entity":"Province of Caracas","ohm_relation_id":2860507,"start_date":"1634-08","end_date":"1777-09-08","admin_level":"2","boundary":"administrative","source":null,"_historical_overlay":true},"geometry":{"type":"MultiPolygon","coordinates":[[[[-63.0796245,11.4563612],[-62.9889193,11.4032248],[-63.1020282,11.2985768],[-63.1775074,11.3078359],[-63.1934384,11.3991633],[-63.0796245,11.4563612]]],[[[-67.6003268,11.9299783],[-67.7272696,11.9566413],[-67.7216915,12.1061882],[-67.6413483,12.0933529],[-67.6003268,11.9299783]]],[[[-67.4046639,11.9955146],[-67.3709335,11.9073746],[-67.4959081,11.8937465],[-67.5237959,12.0025045],[-67.4046639,11.9955146]]],[[[-66.7120693,12.0094006],[-66.5792795,11.9842272],[-66.5330416,11.7589664],[-66.7950443,11.6882731],[-66.9889051,11.7871669],[-66.9926424,11.8921976],[-66.7120693,12.0094006]]],[[[-66.0742034,11.7396914],[-66.1494845,11.7148761],[-66.2487436,11.78349],[-66.1818177,11.8690905],[-66.0519358,11.901598],[-66.0742034,11.7396914]]],[[[-65.2437133,10.8450446],[-65.4628778,10.8870653],[-65.4834281,10.9856433],[-65.3988598,11.0506884],[-65.1792093,10.9913915],[-65.1533761,10.8840034],[-65.2437133,10.8450446]]],[[[-63.6970445,11.2579248],[-63.6995816,11.1401307],[-63.8183019,11.1923505],[-63.7793229,11.3106471],[-63.6970445,11.2579248]]],[[[-64.5604575,11.7588723],[-64.6930884,11.8014616],[-64.6467496,11.9438127],[-64.5147451,11.8859331],[-64.5604575,11.7588723]]],[[[-64.3703465,11.6693581],[-64.4565391,11.6848221],[-64.4699384,11.8725946],[-64.3403371,11.767649],[-64.3703465,11.6693581]]],[[[-70.9546296,12.5363224],[-70.8662986,12.5105521],[-70.8946464,12.4335291],[-70.9726916,12.4671826],[-70.9546296,12.5363224]]],[[[-70.8511466,12.3334961],[-70.9509088,12.32994],[-70.9082033,12.4166099],[-70.8087732,12.4173819],[-70.8511466,12.3334961]]],[[[-58.6594772,4.6535012],[-58.4594917,4.4635599],[-58.4663582,4.3180761],[-58.6717994,4.2553453],[-58.9450843,3.9950962],[-59.1112525,4.1827581],[-59.4765479,4.1724858],[-59.4944007,4.520298],[-59.6562769,4.3741401],[-59.7950268,4.4655405],[-60.1611406,4.5177256],[-60.0252349,4.706496],[-59.9703392,5.0634393],[-60.1341927,5.2458691],[-60.2193261,5.2689139],[-60.4432154,5.1789095],[-60.6987119,5.2287639],[-60.7378715,5.2017164],[-60.6742931,5.1895303],[-60.5897927,4.930135],[-60.7498241,4.754543],[-60.9031499,4.7152704],[-60.9978426,4.5161689],[-61.1455652,4.4801521],[-61.3235378,4.5339446],[-61.2775111,4.4675668],[-61.5137708,4.4065743],[-61.5577698,4.2524558],[-61.7286372,4.2673919],[-61.9329572,4.1176544],[-61.9820523,4.1806816],[-62.1449268,4.0748808],[-62.4637342,4.178167],[-62.5526548,4.1091148],[-62.556442,4.0165543],[-62.7688623,4.0076926],[-62.737062,3.6876989],[-62.8398228,3.7355562],[-62.9743409,3.6097727],[-63.0802345,3.6933948],[-63.093431,3.78355],[-63.2288504,3.8320551],[-63.2078648,3.944213],[-63.2539022,3.965748],[-63.429265,3.9758732],[-63.4165406,3.9024258],[-63.498981,3.8407473],[-63.6791182,4.0200326],[-63.6818004,3.9084842],[-63.8474536,3.9518017],[-63.9662004,3.8714694],[-64.1369176,4.1079163],[-64.2961121,4.1626407],[-64.6302939,4.1148614],[-64.7897673,4.2917533],[-64.8261917,4.2059874],[-64.7728694,4.0537446],[-64.2431116,3.6594222],[-64.1178632,3.4690326],[-64.1173267,3.2783154],[-64.2174912,3.0902615],[-63.9819181,2.7258336],[-64.0615046,2.5043747],[-64.0232778,2.4646939],[-63.8454795,2.4960249],[-63.4653998,2.4018581],[-63.4147275,2.4541571],[-63.360461,2.2691133],[-63.4354448,2.1240053],[-63.5644806,2.1355415],[-63.6648059,2.0184704],[-63.9727074,1.9920829],[-64.0579534,1.9288627],[-64.0735102,1.6488267],[-64.3136001,1.4561433],[-64.337579,1.3614684],[-64.4101596,1.4030413],[-64.3477285,1.4950385],[-64.3938732,1.5290531],[-64.7431827,1.2270597],[-64.8004049,1.3153631],[-64.9616915,1.2154752],[-65.0136888,1.1088418],[-65.1061392,1.1557606],[-65.1974845,0.9132857],[-65.33005,0.9345153],[-65.4118359,0.8241179],[-65.3921914,0.7567365],[-65.5453992,0.6473964],[-65.6062424,0.7069158],[-65.4960787,0.8740444],[-65.5584777,0.9921532],[-65.7433248,1.0009173],[-66.077528,0.7610276],[-66.3103513,0.7449223],[-66.8958862,1.2652986],[-66.9808939,1.6659459],[-67.1326159,1.9908098],[-67.1146325,2.1029994],[-67.2172619,2.2660644],[-67.1897184,2.3943769],[-67.5755863,2.691103],[-67.6265909,2.8134211],[-67.7510278,2.8421015],[-67.8559309,2.7897533],[-67.8386193,2.8861299],[-67.3094527,3.3839289],[-67.4998287,3.7179137],[-67.6317586,3.7618645],[-67.7862194,4.1729764],[-67.7930924,4.4289814],[-67.8750512,4.5326443],[-67.7930924,5.0633355],[-67.8345886,5.3393135],[-67.6170308,5.5416009],[-67.625144,5.7845059],[-67.422469,5.9782409],[-67.4911987,6.1144858],[-67.4499609,6.1979432],[-67.8271989,6.3134142],[-67.9779907,6.2178386],[-68.6353149,6.1358798],[-69.0611287,6.2178386],[-69.2461045,6.0806636],[-69.3313964,6.1563695],[-69.4436377,6.1222372],[-70.129203,6.9725471],[-70.3190623,6.9382856],[-70.7033024,7.0999295],[-71.1840482,6.9625735],[-71.292517,7.0257738],[-71.620404,7.0521288],[-71.8481937,6.9838642],[-71.9938179,7.0128547],[-72.098256,7.086752],[-72.206208,7.3818761],[-72.4146191,7.4138122],[-72.4786979,7.4844538],[-72.4912036,7.9375011],[-72.3357609,8.1038992],[-72.3935351,8.3553826],[-72.6754301,8.6515144],[-72.7910302,9.1139409],[-72.9553096,9.1039932],[-73.0097249,9.2953769],[-73.2122448,9.1734464],[-73.3911486,9.1727746],[-72.9855403,9.8121671],[-72.9148986,10.4329044],[-72.6829748,10.8556176],[-72.4991398,11.1206057],[-72.2670829,11.1549016],[-71.990614,11.6490575],[-71.2655061,11.8460004],[-71.4164646,11.6734417],[-71.9160726,11.5125322],[-71.8483753,11.2779102],[-71.6938517,11.1019617],[-71.501316,11.0078405],[-71.2719107,11.0328808],[-70.8619373,11.2436537],[-70.2268747,11.4075489],[-70.1777643,11.5164871],[-70.2882285,11.6110985],[-70.3469918,11.9058037],[-70.2479069,12.1380653],[-69.9940478,12.2513642],[-69.8817216,12.2001841],[-69.7799246,12.0415423],[-69.7331824,11.7740963],[-69.6026219,11.5180757],[-69.2692105,11.5888819],[-69.0321524,11.4944387],[-68.8435733,11.5014771],[-68.3680115,11.2313539],[-68.1582062,10.9035712],[-68.145473,10.7608554],[-68.2337302,10.6773148],[-68.1532207,10.5699626],[-67.8944221,10.5286802],[-67.0153496,10.6692174],[-66.233914,10.7031685],[-66.0100709,10.6171585],[-66.0405072,10.500923],[-65.7892614,10.3204033],[-65.0642217,10.1177159],[-64.9739272,10.2216505],[-64.768444,10.1577633],[-64.8187789,10.2499236],[-64.7833359,10.3587674],[-64.6005136,10.3495619],[-64.2689802,10.4657299],[-64.3491133,10.618969],[-64.2872907,10.7110808],[-64.0190041,10.6974479],[-64.0487098,10.8091444],[-64.2482861,10.7563135],[-64.2791055,10.8294133],[-64.2200389,10.8823392],[-64.4282206,10.9225784],[-64.4596932,10.9902183],[-64.4112302,11.0876537],[-64.2210204,11.1406475],[-64.0721005,11.0386524],[-63.8961361,11.2322516],[-63.7266577,11.0026059],[-63.8729645,10.8337448],[-63.8365261,10.7595784],[-63.6733628,10.6959984],[-63.1625817,10.783233],[-62.9121473,10.7513795],[-62.7142022,10.8186432],[-62.1740625,10.747066],[-61.8345748,10.7997594],[-61.7897156,10.747595],[-61.8437039,10.587143],[-62.2230298,10.5785223],[-62.347774,10.4795329],[-62.712631,10.5053895],[-62.6080119,10.376452],[-62.6163421,10.2853914],[-62.4852565,10.2433034],[-62.3631093,10.0559686],[-62.222708,10.1053497],[-61.8518419,9.8780657],[-61.7217286,9.8708465],[-61.6731489,9.954072],[-61.5254407,9.9220872],[-61.1790053,9.6498126],[-60.8864319,9.5465216],[-60.6325532,9.1534582],[-60.6421178,8.8902655],[-60.5612949,8.873064],[-60.6007148,8.733079],[-60.5216261,8.671864],[-60.5604295,8.5969411],[-60.2925874,8.6903089],[-59.9893401,8.6201219],[-59.8364395,8.4462797],[-59.7359679,8.4500222],[-59.1407345,8.1078594],[-58.7561039,7.7128971],[-59.1091933,7.468689],[-59.2602553,6.7791724],[-59.0061964,6.6468765],[-58.8070692,6.4149322],[-58.6795955,6.3762068],[-58.6075305,6.4243447],[-58.5749819,5.9106047],[-58.6257077,5.5249652],[-58.6830426,5.4344004],[-58.8635874,5.4024859],[-58.9073611,5.3363017],[-58.821745,5.1468109],[-58.8854313,4.9880463],[-58.8211822,4.7970356],[-58.6594772,4.6535012]]]]}},{"type":"Feature","properties":{"name":"Confederate States of Lanao","historical_entity":"Confederate States of Lanao","ohm_relation_id":2860735,"start_date":"1616","end_date":"1903-07-01","admin_level":"2","boundary":"administrative","source":null,"_historical_overlay":true},"geometry":{"type":"MultiPolygon","coordinates":[[[[124.3659207,8.0762262],[124.4328686,7.8490979],[124.3532177,7.8229089],[124.2958828,7.6347763],[124.1884228,7.622526],[124.1362378,7.720518],[124.06311,7.6756078],[123.9841458,7.7990993],[123.9583966,7.7433115],[123.8529965,7.7480742],[123.856773,7.8086233],[123.7750622,7.8487578],[123.8732525,7.9626778],[123.967323,7.8953498],[123.9419171,8.0418931],[124.0191647,8.0905025],[124.105682,8.0255753],[124.0878292,7.839915],[124.2158886,7.948057],[124.191856,8.1486222],[124.2467877,8.0745266],[124.3659207,8.0762262]]]]}},{"type":"Feature","properties":{"name":"Spanish Philippines","historical_entity":"Spanish Philippines","ohm_relation_id":2860737,"start_date":"1570","end_date":"1705","admin_level":"2","boundary":"administrative","source":null,"_historical_overlay":true},"geometry":{"type":"MultiPolygon","coordinates":[[[[123.2628243,8.7144138],[123.1914132,8.7083053],[123.1852334,8.7788865],[123.2566445,8.7849939],[123.2628243,8.7144138]]],[[[123.4537118,8.822993],[123.3823006,8.8168862],[123.3761208,8.8874468],[123.447532,8.8935523],[123.4537118,8.822993]]],[[[123.7359019,9.2278143],[123.7495713,9.1276824],[123.6899786,9.0675961],[123.5561849,9.0523446],[123.4220817,9.1423133],[123.4221261,9.2454654],[123.5827404,9.3500801],[123.6700051,9.3342362],[123.7359019,9.2278143]]],[[[120.3119189,10.7348007],[120.364618,10.6615772],[120.2189248,10.5975088],[120.2043808,10.7325094],[120.3119189,10.7348007]]],[[[120.3100775,11.2073662],[120.2386664,11.2013042],[120.2324866,11.2713465],[120.3038977,11.277407],[120.3100775,11.2073662]]],[[[120.1347234,11.4940646],[120.2443575,11.4472958],[120.1488869,11.3410356],[120.0817587,11.3108213],[120.0321304,11.3889231],[120.1347234,11.4940646]]],[[[120.3760606,12.3485716],[120.4525087,12.1759018],[120.3685691,12.1436041],[120.3145143,12.2337102],[120.2139939,12.378613],[120.3760606,12.3485716]]],[[[120.1509469,12.3530824],[120.0795358,12.3470456],[120.0733559,12.4167957],[120.1447671,12.4228309],[120.1509469,12.3530824]]],[[[120.8063456,11.2171182],[120.6624537,11.1681757],[120.620017,11.3165318],[120.7368978,11.483127],[120.842787,11.5063891],[120.9060384,11.346041],[120.7821012,11.3717002],[120.7345959,11.2649493],[120.8015486,11.2366789],[120.9416917,11.3042523],[121.0163711,11.2100891],[121.0497055,11.2746359],[121.1143377,11.2311848],[120.9559457,11.0827063],[120.9029835,11.1906562],[120.8063456,11.2171182]]],[[[121.1771057,10.9324694],[121.1626938,10.9899095],[121.1011339,10.9472616],[121.1036679,10.7203217],[120.9489768,10.7651743],[121.0073186,10.6824947],[120.8818092,10.6448396],[120.743607,10.7393888],[120.7974961,10.7738632],[120.8424139,10.7276483],[120.9893111,10.936056],[120.8899384,10.9982113],[120.8340661,10.9620641],[120.7187309,10.9045372],[120.6687688,10.9753063],[120.8699372,11.0903925],[121.0646197,10.9606997],[121.1487153,11.1732609],[121.1911994,11.0265826],[121.2908056,10.963347],[121.2163385,10.838105],[121.1572222,10.8629642],[121.1771057,10.9324694]]],[[[125.9792483,10.8179594],[126.0134415,10.735999],[125.9484579,10.7021889],[125.8948213,10.7828989],[125.9792483,10.8179594]]],[[[125.7739061,10.7991956],[125.8542285,10.7571035],[125.8514779,10.6751164],[125.7494389,10.6380915],[125.6729056,10.6898385],[125.6026482,10.7728814],[125.6393044,10.853201],[125.7153591,10.8794169],[125.7739061,10.7991956]]],[[[123.9625161,9.4636248],[123.891105,9.457529],[123.8849252,9.5279623],[123.9563363,9.5340568],[123.9625161,9.4636248]]],[[[123.3774941,11.1746976],[123.306083,11.1686349],[123.2999032,11.2386851],[123.3713143,11.2447464],[123.3774941,11.1746976]]],[[[123.7647627,11.4556308],[123.6933516,11.4495741],[123.6871718,11.5195554],[123.7585829,11.5256107],[123.7647627,11.4556308]]],[[[123.6328892,11.843022],[123.5056328,11.9381757],[123.4970551,12.0562856],[123.5599726,12.1058472],[123.5073836,12.1685933],[123.1678253,11.8051135],[123.0650436,11.8456031],[123.2128187,12.2169679],[123.1598006,12.2807229],[123.1955331,12.637994],[123.6160241,12.4550755],[123.676266,12.4070287],[123.532412,12.6379347],[123.5856411,12.7672991],[123.7723193,12.6282932],[123.8649221,12.3104604],[124.1479372,11.8763316],[124.0695394,11.674066],[123.9473885,11.785135],[123.8711922,11.7722514],[123.8206526,11.8651641],[123.6328892,11.843022]]],[[[124.1189331,11.5655724],[124.1417309,11.475651],[123.996461,11.4028445],[123.9820858,11.4783427],[124.1189331,11.5655724]]],[[[124.2625802,12.0168236],[124.1355063,11.993195],[124.1225045,12.1007603],[124.2482051,12.1284075],[124.2625802,12.0168236]]],[[[122.7429635,12.3885925],[122.6245152,12.2230139],[122.385974,12.3976688],[122.407506,12.5080529],[122.5525617,12.556151],[122.6887887,12.5200452],[122.7429635,12.3885925]]],[[[123.3925069,12.6473477],[122.9036333,12.9977692],[122.8874002,13.0907412],[122.7924453,13.1380858],[122.8886025,13.2088639],[123.0555018,13.1822443],[123.2123888,12.9593777],[123.3178314,12.9236908],[123.4368097,12.7104039],[123.3925069,12.6473477]]],[[[121.98208,12.8374194],[122.0304468,12.8684067],[121.9822036,12.9447636],[122.0168911,13.008242],[122.119604,13.0056832],[122.1510543,12.9382448],[122.0725393,12.7317741],[121.9807817,12.7601425],[121.98208,12.8374194]]],[[[121.9091267,13.0736823],[121.9745865,13.0212134],[121.9056455,12.9809181],[121.8401857,13.0333955],[121.9091267,13.0736823]]],[[[121.7837337,12.9109807],[121.7023503,12.8503868],[121.6396206,12.9141307],[121.7148542,13.0014592],[121.7837337,12.9109807]]],[[[121.6234321,12.0675861],[121.5365975,12.057788],[121.5316666,12.1296719],[121.6210549,12.1410406],[121.6234321,12.0675861]]],[[[121.6183122,11.9785687],[121.5424489,11.7910685],[121.3566695,11.828802],[121.40509,11.9167408],[121.4898764,11.9125687],[121.5273129,12.0295876],[121.6183122,11.9785687]]],[[[121.3312905,11.8307268],[121.2598794,11.8246782],[121.2536996,11.894565],[121.3251107,11.900612],[121.3312905,11.8307268]]],[[[121.7357247,11.5617718],[121.6573717,11.5626816],[121.6542559,11.6472672],[121.732367,11.6335058],[121.7357247,11.5617718]]],[[[121.7094611,11.2868342],[121.63805,11.2807739],[121.6318702,11.3507968],[121.7032813,11.3568557],[121.7094611,11.2868342]]],[[[121.9292434,11.4228323],[121.8418907,11.4540576],[121.902673,11.5187412],[121.9811212,11.4898418],[121.9292434,11.4228323]]],[[[120.4413538,12.619405],[120.3650884,12.6468117],[120.412089,12.7098368],[120.4883544,12.682437],[120.4413538,12.619405]]],[[[120.5306618,14.0250189],[120.4592507,14.0190233],[120.4530709,14.088297],[120.524482,14.0942908],[120.5306618,14.0250189]]],[[[121.3847965,18.8084755],[121.1991905,18.8422318],[121.229909,18.9242216],[121.3403103,18.9410626],[121.534115,18.8904286],[121.495757,18.8234387],[121.3847965,18.8084755]]],[[[121.2832253,18.9864936],[121.1651183,18.9562848],[121.1610933,19.1685874],[121.2187741,19.216208],[121.2784229,19.176316],[121.2832253,18.9864936]]],[[[121.4491224,19.4364005],[121.5277156,19.4929275],[121.5773736,19.3808478],[121.5900712,19.2630138],[121.5059696,19.2033002],[121.3015007,19.3476953],[121.4491224,19.4364005]]],[[[121.7991875,18.9448092],[121.9463619,19.0506807],[122.0353662,18.9709674],[121.999521,18.8929278],[121.8313314,18.7650196],[121.7991875,18.9448092]]],[[[122.2362893,19.0462174],[122.1648782,19.0403758],[122.1586983,19.1078662],[122.2301095,19.1137055],[122.2362893,19.0462174]]],[[[122.0186227,19.4597951],[121.9481693,19.4288016],[121.8647386,19.483976],[121.8937466,19.5957217],[122.0235046,19.5987028],[122.0186227,19.4597951]]],[[[122.1601733,19.913024],[122.0930972,19.9537527],[122.1438345,20.0052643],[122.2109106,19.9645489],[122.1601733,19.913024]]],[[[121.9925301,20.3282095],[121.8606008,20.2173974],[121.7013884,20.3117757],[121.7230069,20.3758531],[121.8607386,20.3997802],[121.9302874,20.5091044],[122.0529994,20.5271566],[122.0837693,20.4551544],[121.9925301,20.3282095]]],[[[121.8116826,20.8658371],[121.9506448,20.9700963],[121.9189815,20.7524246],[121.9822573,20.7107537],[121.7673104,20.6517405],[121.7323824,20.725359],[121.8116826,20.8658371]]],[[[121.9712441,21.0374036],[121.8874693,21.0460413],[121.9108193,21.1456726],[121.9945941,21.1370407],[121.9712441,21.0374036]]],[[[121.9767632,14.4533819],[122.0424923,14.5000888],[122.0885758,14.411231],[122.0208456,14.3679234],[121.9767632,14.4533819]]],[[[122.2568695,14.6723307],[122.0762253,14.7753992],[122.0007699,14.60518],[121.8881593,14.5938846],[121.7514907,14.9286214],[121.8320906,15.088337],[121.9690212,15.1041967],[122.1074283,14.9707567],[122.1958216,14.994988],[122.3104155,14.757752],[122.3994398,14.7824305],[122.485119,14.7221521],[122.4121313,14.6341588],[122.2568695,14.6723307]]],[[[126.0505444,10.1154925],[126.2195467,9.8202825],[126.2141511,9.7201811],[126.1297266,9.6624973],[126.2037715,9.6858296],[126.2283554,9.6176047],[126.1305271,9.5537835],[126.0472073,9.6527161],[125.9816908,9.5214102],[126.1030542,9.4074642],[126.0644455,9.3018105],[126.1749813,9.3600087],[126.248363,9.3284916],[126.2301389,9.1674779],[126.3781618,8.8724293],[126.2785714,8.6648641],[126.1477009,8.6285192],[126.3999447,8.5907829],[126.4619098,8.4975155],[126.4927139,7.9830069],[126.417656,7.890806],[126.6054187,7.751151],[126.6445803,7.5070603],[126.645842,7.2737519],[126.4859383,6.9676646],[126.3574447,6.9413516],[126.0255418,7.4128582],[125.7440172,7.6021092],[125.0134264,7.762703],[124.46411,8.048353],[124.2467877,8.0745266],[124.2069622,8.148962],[124.2158886,7.948057],[124.0953823,7.839915],[124.105682,8.0255753],[124.0469738,8.092202],[123.5920702,8.114976],[123.2679321,8.5675934],[123.3409775,8.7409268],[123.4315762,8.7747312],[123.7723153,8.6404262],[123.8872491,8.4422096],[123.917938,8.2049313],[124.1736447,8.2539681],[124.2713822,8.564431],[124.3741452,8.6458609],[124.4876369,8.6736047],[124.691248,8.5329637],[124.7639502,9.0339712],[124.5928526,9.1481837],[124.6323239,9.2868082],[124.7624581,9.2949358],[124.842373,9.199437],[124.8186669,9.0570899],[124.9080714,9.0598428],[125.10405,8.890433],[125.1885067,9.1370167],[125.3020549,9.0400438],[125.4614257,9.0461041],[125.3433334,9.6506006],[125.4281018,9.87059],[125.3968321,9.9325073],[125.4511568,9.9669799],[125.4155492,10.1774867],[125.4800707,10.3571402],[125.4247281,10.4864619],[125.5028427,10.5039327],[125.5572505,10.4350876],[125.6545913,10.5194605],[125.7281457,10.4065031],[125.7003932,10.237649],[125.7827224,9.7692173],[125.7140055,9.6525605],[125.8523839,9.5953326],[125.9176727,9.8107524],[125.7568055,9.9473873],[125.9745236,10.0157574],[126.0505444,10.1154925]]],[[[118.3692726,9.7209393],[118.7625497,10.2145851],[118.8881766,10.2556662],[118.9553727,10.4841428],[119.0804665,10.6197808],[119.2621019,10.5998485],[119.2564528,10.724264],[119.1594039,10.8586876],[119.251785,11.0664399],[119.1868697,11.1310002],[119.2164223,11.2528278],[119.3579813,11.3268999],[119.4779736,11.4920597],[119.610656,11.3369397],[119.581122,11.4316425],[119.6345895,11.5469718],[119.7597167,11.5368661],[119.8797929,11.6533498],[119.7320663,12.0525073],[119.8598092,12.4167957],[119.9868386,12.383935],[120.0170877,12.30676],[120.118719,12.3122851],[120.1394542,12.2467212],[120.2642878,12.2545855],[120.3844332,12.097312],[120.4062943,12.0210126],[120.3199948,11.9053395],[120.3473275,11.7991382],[120.1334523,11.6081812],[120.0248239,11.6272591],[119.8625558,11.3497876],[119.7657443,11.3479313],[119.7316608,11.1954463],[119.802395,11.1309681],[119.7883134,10.9983138],[119.7406911,10.8950047],[119.654603,10.9297927],[119.7520327,10.7310247],[119.7011425,10.6206266],[119.8541531,10.700673],[120.1118525,10.5949314],[120.1262276,10.5192066],[119.8356832,10.4010141],[119.7157769,10.4559882],[119.5923757,10.330791],[119.4799908,10.3220829],[119.521051,10.2259986],[119.2967492,10.189729],[119.2141204,10.0076607],[118.8247612,9.8267377],[118.8132767,9.6662382],[118.6996882,9.5211239],[118.3692726,9.7209393]]],[[[120.3852822,17.8693626],[120.3577119,17.9338345],[120.4229551,17.978717],[120.4222566,18.1075223],[120.5464659,18.3462568],[120.5154313,18.5190473],[120.6150585,18.5967175],[120.7319704,18.5825096],[120.7428353,18.6595827],[120.8327251,18.6962598],[120.930905,18.6223703],[121.1697659,18.6796684],[121.5745906,18.439516],[121.9247014,18.3216797],[122.0629243,18.4082986],[122.0605927,18.5845981],[122.1591138,18.636075],[122.3695026,18.406018],[122.38658,18.2676553],[122.2259415,18.0813419],[122.1894753,17.7784339],[122.2545223,17.4727148],[122.4492249,17.3605665],[122.4674782,17.1743939],[122.5542816,17.1743483],[122.5678544,17.0618643],[122.2808762,16.4621181],[122.2391603,16.2096875],[122.0272207,15.996642],[121.8983016,16.0811216],[121.6057694,15.8902884],[121.6824304,15.7523347],[121.660109,15.6314602],[121.4274292,15.3004187],[121.7758142,14.7181675],[121.6610305,14.620635],[121.7106783,14.4239374],[122.0965313,14.1620741],[122.2318112,14.2946648],[122.3130732,14.2743039],[122.4635082,14.3880513],[122.7644461,14.3771528],[122.7904122,14.5108069],[122.9151105,14.5532583],[123.0745988,14.411231],[122.9527317,14.3273505],[122.8524994,14.4356476],[122.8325991,14.3340192],[123.1357949,14.1329141],[123.1618058,14.0493592],[123.2982587,14.1774344],[123.4568035,14.0230143],[123.6484479,14.0369216],[123.7551019,13.9773066],[123.860043,14.0269353],[123.9181482,13.9691122],[123.9077399,13.8568937],[124.0181344,13.8244125],[124.0436777,13.7412499],[124.0890939,13.9334672],[123.9796822,13.9763829],[123.9651383,14.0443803],[124.2481606,14.1342458],[124.4619714,13.8898043],[124.4595628,13.653152],[124.3735748,13.5180988],[124.2688062,13.5462858],[124.1714193,13.4755228],[123.9412351,13.680376],[123.5887328,13.6438029],[123.7502441,13.4537777],[124.2625842,13.225924],[124.2096151,13.1225887],[123.9281975,13.1861724],[124.0703427,13.0912054],[124.1407728,13.1265386],[124.2449914,13.0745218],[124.1610067,12.5249508],[124.2208216,12.5049558],[124.3394238,12.7474396],[124.4528254,12.7546702],[124.4883411,12.6500053],[124.6204774,12.5687582],[124.7474605,12.5709778],[124.8133633,12.6688387],[124.9239086,12.6218584],[125.0644192,12.7316954],[125.3248963,12.5043912],[125.3628677,12.362149],[125.5637775,12.221933],[125.6062608,11.995491],[125.5131606,11.9804753],[125.4865763,11.9110459],[125.5287759,11.5545285],[125.6777606,11.3864902],[125.6396153,11.2700085],[125.8953323,10.9134796],[125.8097555,10.876886],[125.7083548,10.9775965],[125.617974,10.9306206],[125.5962373,11.0528972],[125.2007009,11.0508069],[125.1187211,11.2203991],[125.0782443,11.2030338],[125.054306,10.7948364],[125.2232013,10.6194581],[125.3099786,10.3740846],[125.2925484,10.2260729],[125.1836069,10.2025693],[125.3234515,10.0236399],[125.3255074,9.8772027],[125.2266305,9.8765262],[125.0754965,10.0859786],[125.1256027,9.9119679],[125.0487449,9.856109],[125.0095491,9.9617509],[124.7239305,10.1316937],[124.7376037,10.3085168],[124.6664186,10.4007738],[124.7457174,10.691925],[124.6419834,10.910123],[124.5962577,10.9412632],[124.6181717,10.794792],[124.5461648,10.6285542],[124.2723562,10.5402174],[124.2248994,10.6229951],[124.2735665,10.760799],[124.3347826,10.7732298],[124.4843276,10.8228661],[124.3337273,10.9246154],[124.3305425,11.2551985],[124.206935,11.57599],[124.3196228,11.613973],[124.2317658,11.9333731],[124.3078381,12.0137238],[124.4734558,12.0159153],[124.4987862,11.8555919],[124.326653,11.8670006],[124.3882404,11.8330936],[124.3841397,11.748029],[124.5688995,11.7094925],[124.6677279,11.542171],[124.5996601,11.3685122],[124.6734792,11.3511102],[124.7814794,11.4780209],[124.5658135,11.909287],[124.6147507,12.0017381],[124.4775002,12.0430147],[124.2209176,12.3506434],[124.1261834,12.3637294],[124.1576478,12.2416712],[124.05384,12.2175563],[123.9564272,12.3970832],[124.0836757,12.474537],[123.8450243,12.6214793],[123.7951758,12.7775623],[123.4126607,12.990917],[123.2738107,12.9814756],[123.2270919,13.0544875],[123.2663056,13.2090421],[123.1458766,13.3962472],[122.8783028,13.5228455],[122.740283,13.6453057],[122.770778,13.7151604],[122.583404,13.8497877],[122.5487143,13.6617101],[122.7773928,13.356462],[122.7445314,13.1941136],[122.6146917,13.1236951],[122.4696733,13.2104364],[122.352815,13.4962769],[122.227491,13.5461591],[122.1849153,13.3411435],[122.0595794,13.1680097],[121.7769234,13.1841289],[121.8085091,13.5982734],[122.1681407,13.5776506],[122.0726566,13.729532],[121.832644,13.8498143],[121.6760138,13.8737355],[121.5144667,13.8056707],[121.5029519,13.6476556],[121.3025121,13.5512943],[121.1445485,13.5857478],[121.1393981,13.5186275],[121.2171362,13.5248478],[121.6066622,13.1218551],[121.5303476,12.8893492],[121.6051712,12.6047559],[121.4705228,12.4375435],[121.5125918,12.3851851],[121.4343114,12.2529343],[121.479515,12.0157456],[121.3909353,11.9388806],[121.2953209,12.0691438],[121.3127511,12.1672195],[121.3791342,12.1838431],[121.3260285,12.242463],[121.2558202,12.1716599],[121.1672245,12.2021963],[121.1361898,12.109462],[120.9659196,12.176853],[121.0070575,12.3304446],[120.8856535,12.4747802],[120.8646352,12.6163764],[120.7455778,12.7213819],[120.6380457,13.1225088],[120.4867165,13.186803],[120.4171205,13.3384085],[120.2584862,13.4112696],[120.2827828,13.5141664],[120.3984924,13.58054],[120.2333443,13.6376465],[119.9731017,13.8733994],[120.0260708,13.9517539],[120.2374364,13.8617595],[120.3686579,13.9131948],[120.3376876,13.739183],[120.453833,13.6814482],[120.4391743,13.5803118],[120.4907843,13.5562435],[120.7536473,13.5194512],[121.002088,13.5985713],[120.7963896,13.6352965],[120.8601823,13.8535586],[120.7675424,13.8764577],[120.6666784,13.7234543],[120.597191,13.7572956],[120.5162154,14.1489848],[120.5915329,14.3053061],[120.3603738,14.4210486],[120.3335998,14.5766565],[120.0294066,14.7735409],[119.9580748,15.2584804],[119.8439895,15.4289512],[119.8674393,15.6661767],[119.7313796,15.7814418],[119.7522478,15.8494717],[119.8495681,15.8571589],[119.7327798,15.8850652],[119.7011672,15.9683513],[119.7314912,16.3321744],[119.9105602,16.4880312],[120.0596271,16.3339925],[120.1596182,16.0858476],[120.3700226,16.1819302],[120.2873253,16.2868006],[120.2230178,16.6267422],[120.3953707,17.0083567],[120.3549715,17.2215485],[120.4018972,17.4090808],[120.2855026,17.5724468],[120.3852822,17.8693626]]],[[[123.915982,11.2514586],[124.0977245,11.3924559],[124.1687738,11.3478275],[124.0602366,11.1008286],[124.1067385,10.8908713],[124.0528169,10.41826],[124.1205355,10.2940483],[124.1764783,10.3381361],[124.2370942,10.2543713],[124.4552564,10.3009815],[124.5328523,10.2417402],[124.6044694,10.3128148],[124.6635857,10.287911],[124.6079185,10.2164149],[124.6943893,10.1222592],[124.5997286,10.0368312],[124.642322,9.7756249],[124.5960479,9.6964621],[124.2729406,9.5547878],[123.8944531,9.5708098],[123.6548545,9.4763705],[123.6671341,9.6133192],[123.787321,9.6852733],[123.7117661,9.9164793],[123.9959571,10.1823855],[123.8042677,10.1876178],[123.6801427,10.0361164],[123.4936616,9.5197923],[123.3489284,9.3752543],[123.2762927,9.1245559],[123.3127309,9.0511997],[122.9931356,8.9933457],[122.8879118,9.0661469],[122.8199926,9.2909698],[122.5754922,9.391146],[122.3342156,9.6897082],[122.3276978,9.8662185],[122.4212389,10.0118665],[122.6434132,10.0266561],[122.8034514,10.1280633],[122.7713696,10.4382753],[122.5513662,10.3503578],[122.4670022,10.3686215],[122.4234795,10.4705354],[122.4771098,10.64209],[122.2248822,10.5910305],[121.9905309,10.3859225],[121.8652367,10.4252929],[121.9245306,10.6481448],[121.8724581,10.7720001],[121.9987211,11.0391401],[121.9740816,11.3104724],[122.0531423,11.6823429],[121.7928072,11.7753469],[121.9192573,12.1489165],[121.8717714,12.3226321],[121.9531171,12.4654455],[121.9486695,12.6090229],[122.0737963,12.7258237],[122.2685616,12.7143636],[122.3770785,12.5085583],[122.2554709,12.4414847],[122.1797743,12.5918304],[122.115355,12.1667076],[121.9834737,11.9946774],[122.0718294,11.9088657],[122.4059352,11.7804395],[122.599868,11.6064957],[122.8554806,11.6941819],[122.9749531,11.5379875],[123.1336742,11.6440894],[123.3877938,11.672075],[123.3982179,11.5462555],[123.2841106,11.5328881],[123.327971,11.4401442],[123.2110844,11.3580278],[123.2661667,11.2369307],[123.2045701,11.0930085],[123.3265792,11.0073496],[123.5542655,11.0179359],[123.7067257,11.3444057],[123.840349,11.2678752],[123.8442887,11.3720464],[123.9206751,11.3997232],[123.915982,11.2514586]]]]}},{"type":"Feature","properties":{"name":"Sultanate of Maguindanao","historical_entity":"Sultanate of Maguindanao","ohm_relation_id":2860765,"start_date":"1616","end_date":"1703","admin_level":"2","boundary":"administrative","source":null,"_historical_overlay":true},"geometry":{"type":"MultiPolygon","coordinates":[[[[123.2679321,8.5675934],[123.5920702,8.114976],[123.9580532,8.0605897],[123.967323,7.8953498],[123.8732525,7.9626778],[123.7747189,7.8644024],[123.8529965,7.7480742],[123.9583966,7.7433115],[123.9841458,7.7990993],[124.06311,7.6756078],[124.1362378,7.720518],[124.1884228,7.622526],[124.2958828,7.6347763],[124.3532177,7.8229089],[124.4328686,7.8490979],[124.3659207,8.0762262],[124.46411,8.048353],[125.0134264,7.762703],[125.8950792,7.528597],[126.3980746,6.861916],[126.284709,6.6740711],[126.2510209,6.2680268],[126.1840855,6.2310966],[126.0434746,6.4813955],[126.0301137,6.8071664],[125.9366179,6.9005099],[125.9339056,7.0045683],[125.8479406,7.0929465],[125.836287,6.928975],[125.7607473,6.8490291],[125.6379271,6.8909664],[125.6719831,7.0239002],[125.5367421,6.9620473],[125.4339732,6.68308],[125.6420551,6.5247921],[125.7662429,6.098837],[125.4633429,5.5565799],[125.52883,5.5450147],[125.5487916,5.4317507],[125.4181112,5.3141841],[125.2754732,5.4034983],[125.4437908,5.5352979],[125.2637093,5.5438887],[125.2551666,5.6518153],[125.1167158,5.8254571],[124.8058797,5.8439227],[124.2893149,6.0793261],[124.1485216,6.1786849],[123.9746117,6.4465992],[123.9996702,6.617672],[123.8997673,6.8162705],[123.9097353,6.9714849],[124.009208,7.1782233],[124.1202076,7.2164261],[124.1568598,7.3541357],[124.050765,7.2545144],[123.985862,7.266779],[123.975438,7.366257],[124.0791867,7.4397729],[123.994843,7.5958197],[123.7454917,7.6703812],[123.572461,7.7985746],[123.5097522,7.7802051],[123.5092454,7.6005686],[123.4236995,7.5308907],[123.4938012,7.4486639],[123.475356,7.3260294],[123.3685233,7.3231858],[123.2386881,7.4661902],[123.1593038,7.4234954],[123.0594721,7.5047636],[123.0211251,7.3382919],[122.8240134,7.2319166],[122.7359032,7.3375507],[122.7349889,7.7030241],[122.6313926,7.7134315],[122.4421886,7.4479043],[122.4767396,7.3688928],[122.3354693,7.2563194],[122.2682855,7.0527958],[122.3968734,6.9638443],[122.3214333,6.8538279],[122.2321915,6.8859698],[122.0400716,6.8109605],[121.8755364,6.9723753],[121.8600922,7.1732928],[121.9955027,7.3227195],[122.0719,7.5800061],[122.0475465,7.7669631],[122.1930306,7.9997378],[122.6509624,8.2148105],[122.7343372,8.1635918],[122.8989096,8.2035234],[122.8928071,8.3244679],[122.9936593,8.5243246],[123.2679321,8.5675934]]]]}},{"type":"Feature","properties":{"name":"Sultanate of Sulu","historical_entity":"Sultanate of Sulu","ohm_relation_id":2860770,"start_date":"1457","end_date":"1703","admin_level":"2","boundary":"administrative","source":null,"_historical_overlay":true},"geometry":{"type":"MultiPolygon","coordinates":[[[[119.2462918,4.6352861],[119.1031223,4.700286],[119.1247408,4.768393],[119.1931242,4.7547478],[119.2188112,4.8248429],[119.2871514,4.8033007],[119.2462918,4.6352861]]],[[[119.3870808,4.9551927],[119.4958871,4.9462761],[119.5449029,4.8430313],[119.4753484,4.5539172],[119.3328881,4.6191423],[119.3870808,4.9551927]]],[[[119.7449198,4.8376901],[119.7631947,4.9688366],[119.6997453,4.984141],[119.6923524,5.0767617],[119.8476916,5.2534343],[120.3639004,5.457113],[120.4492151,5.4236526],[120.4050665,5.3522337],[120.3438148,5.324421],[120.4368554,5.2841881],[120.3918748,5.1174382],[120.2591949,4.9899811],[120.1285587,4.9532075],[120.0746001,4.9958081],[119.8934101,4.8581915],[119.8839025,4.7469137],[119.7449198,4.8376901]]],[[[120.2441873,5.7404955],[120.309399,5.7809076],[120.3865418,5.7062825],[120.3252109,5.6265983],[120.2595998,5.5842942],[120.1858903,5.6623516],[120.2441873,5.7404955]]],[[[120.1360655,6.0244808],[120.113626,5.8348833],[119.9126365,5.8314192],[119.8866731,5.8976368],[119.9603014,5.9805121],[120.1360655,6.0244808]]],[[[119.7530054,5.7560696],[119.642658,5.7352183],[119.6197258,5.8748214],[119.7690009,5.8887485],[119.7530054,5.7560696]]],[[[120.3543374,5.967755],[120.3600155,6.0535074],[120.4537576,6.0227758],[120.4445028,5.939457],[120.3543374,5.967755]]],[[[120.5463872,6.2113122],[120.4879981,6.2078987],[120.591002,6.1205773],[120.4724599,6.0119342],[120.3741976,6.1556465],[120.5525738,6.4298641],[120.7765744,6.4903518],[120.8437991,6.4363321],[120.8074407,6.3836214],[120.6549574,6.3907929],[120.6928346,6.242566],[120.5463872,6.2113122]]],[[[120.332575,5.9150513],[120.2888692,5.8492763],[120.2357372,5.9126476],[120.279443,5.9784151],[120.332575,5.9150513]]],[[[121.0085671,6.1504546],[120.9277059,6.126644],[120.8108092,6.1958369],[120.80738,6.3490808],[120.87646,6.3824287],[120.92139,6.336704],[120.8675007,6.2678487],[120.9049608,6.2078566],[120.9557888,6.2665264],[121.0875354,6.2299972],[121.0085671,6.1504546]]],[[[120.9697712,5.7867417],[120.9813722,5.858687],[120.8979728,5.8525947],[120.8184572,5.9535333],[120.9999691,6.1409008],[121.2221192,6.0902027],[121.277461,6.1319312],[121.3531064,6.0773705],[121.4601087,6.1271522],[121.6173993,6.0194026],[121.6279214,6.1142706],[121.7121995,6.1230628],[121.860052,6.2884643],[121.887564,6.0898114],[121.9671687,6.0986911],[121.9871614,6.0302429],[121.8571676,5.944898],[121.7280477,6.0193594],[121.6945867,5.9542233],[121.5657078,5.8890102],[121.4713919,6.0007366],[121.2396383,5.7584433],[121.1530338,5.7291603],[121.0306949,5.7864355],[121.1053882,5.7232773],[121.0930245,5.6368283],[120.9031951,5.6398337],[120.9920876,5.4652886],[120.7098319,5.3927068],[120.6701418,5.4903085],[120.7819104,5.6188498],[120.7598771,5.7256979],[120.881477,5.8106294],[120.9697712,5.7867417]]],[[[120.4901498,5.4707568],[120.4187386,5.4646051],[120.4125588,5.5356874],[120.48397,5.5418384],[120.4901498,5.4707568]]],[[[120.5283562,5.4608356],[120.614477,5.5146241],[120.6534957,5.4059977],[120.566323,5.3612601],[120.5283562,5.4608356]]],[[[120.4896796,5.2467232],[120.5531135,5.2521357],[120.5218202,5.3147323],[120.5854305,5.3476267],[120.7243713,5.2462805],[120.7088613,5.1589889],[120.4463674,5.1043658],[120.4133302,5.1677208],[120.4896796,5.2467232]]],[[[121.5778343,6.2995183],[121.6564215,6.2852838],[121.6237642,6.2133417],[121.5451769,6.2275781],[121.5778343,6.2995183]]],[[[122.0503505,6.2667258],[121.949227,6.2424865],[121.8770493,6.3423006],[122.0054098,6.3596134],[121.5008879,6.5902492],[121.5698849,6.7304214],[121.7792254,6.714808],[122.0684766,6.8060136],[122.176971,6.7249675],[122.2768458,6.7782725],[122.3598895,6.6632591],[122.3447793,6.558545],[122.2516005,6.5482905],[122.2582619,6.420049],[122.0974628,6.3789017],[122.0503505,6.2667258]]],[[[121.420684,6.7178511],[121.3978951,6.7979221],[121.4794764,6.7920773],[121.5022652,6.7120053],[121.420684,6.7178511]]],[[[121.6272347,6.8647356],[121.5536702,6.7658489],[121.5002053,6.8586001],[121.5854428,6.9581491],[121.6272347,6.8647356]]],[[[118.2897946,8.8569171],[118.2183834,8.8508109],[118.2122036,8.9213649],[118.2836148,8.9274699],[118.2897946,8.8569171]]],[[[117.2505563,7.9895383],[117.1791451,7.9834184],[117.1729653,8.0541313],[117.2443764,8.0602501],[117.2505563,7.9895383]]],[[[117.2615426,7.8895689],[117.227271,7.7763877],[117.1743386,7.8569206],[117.2086102,7.9700798],[117.2615426,7.8895689]]],[[[117.2489444,7.5414138],[117.3004106,7.6122272],[117.3610272,7.52287],[117.3067894,7.4589061],[117.2489444,7.5414138]]],[[[118.7017819,7.9252747],[118.6303708,7.9191539],[118.6241909,7.9898779],[118.6956021,7.9959977],[118.7017819,7.9252747]]],[[[118.5586163,7.7382086],[118.4872052,7.732085],[118.4810254,7.8028409],[118.5524365,7.8089635],[118.5586163,7.7382086]]],[[[118.3736081,7.0612778],[118.4138272,7.2198052],[118.4644505,7.0909371],[118.5709796,7.0661565],[118.5276235,6.9124272],[118.3979409,6.9553961],[118.3736081,7.0612778]]],[[[118.4391396,6.8449652],[118.3677285,6.8388294],[118.3615487,6.9097272],[118.4329598,6.9158621],[118.4391396,6.8449652]]],[[[118.5414502,6.5012406],[118.470039,6.4951005],[118.4638592,6.5660483],[118.5352703,6.5721875],[118.5414502,6.5012406]]],[[[118.351249,6.0459924],[118.2798379,6.0398469],[118.2736581,6.1108569],[118.3450692,6.1170016],[118.351249,6.0459924]]],[[[118.4872048,6.0719391],[118.4157937,6.0657939],[118.4096139,6.1368006],[118.481025,6.1429449],[118.4872048,6.0719391]]],[[[118.3692726,9.7209393],[118.6996882,9.5211239],[118.676156,9.4154899],[118.4773498,9.1755783],[118.2109372,9.1076644],[118.0477517,8.862345],[117.7955108,8.6654683],[117.593146,8.6131787],[117.4652343,8.4013204],[117.3415331,8.4042347],[117.3900697,8.1852813],[117.141046,8.049177],[117.1330552,7.8768074],[117.0617287,7.7786903],[116.9697182,7.7732477],[116.8812319,7.9471087],[116.9579209,8.2084767],[117.1280832,8.3374434],[117.2099198,8.6330026],[117.5968676,9.0896287],[117.7079255,9.1294754],[117.9161577,9.3559917],[118.0031193,9.3436932],[118.1342291,9.4464908],[118.3692726,9.7209393]]],[[[118.0208005,6.2126332],[118.0579906,6.3377417],[118.1187182,6.2495109],[118.2009005,6.214531],[118.1322698,6.1392689],[118.0208005,6.2126332]]]]}},{"type":"Feature","properties":{"name":"Portuguese Goa","historical_entity":"Portuguese Goa","ohm_relation_id":2860979,"start_date":"1517","end_date":"1763","admin_level":"2","boundary":"administrative","source":null,"_historical_overlay":true},"geometry":{"type":"MultiPolygon","coordinates":[[[[73.882887,15.1379512],[73.6876425,15.5549247],[73.773193,15.6531231],[73.901939,15.676263],[73.8888928,15.5833567],[73.9609906,15.5400301],[73.9177319,15.4119817],[74.0742871,15.2782241],[74.0097424,15.1573054],[73.882887,15.1379512]]]]}},{"type":"Feature","properties":{"name":"Portuguese Ceuta","historical_entity":"Portuguese Ceuta","ohm_relation_id":2860980,"start_date":"1415","end_date":"1668","admin_level":"2","boundary":"administrative","source":null,"_historical_overlay":true},"geometry":{"type":"MultiPolygon","coordinates":[[[[-5.2738667,35.8457173],[-5.3747303,35.8874479],[-5.391718,35.9747379],[-5.251792,35.9519763],[-5.2178199,35.8908586],[-5.2738667,35.8457173]]]]}},{"type":"Feature","properties":{"name":"Colony of French Guiana","historical_entity":"Colony of French Guiana","ohm_relation_id":2861194,"start_date":"1643","end_date":"1946-03-19","admin_level":"2","boundary":"administrative","source":null,"_historical_overlay":true},"geometry":{"type":"MultiPolygon","coordinates":[[[[-52.5294117,5.2860076],[-52.5816094,5.2277146],[-52.6430547,5.2896097],[-52.5802114,5.3480557],[-52.5294117,5.2860076]]],[[[-51.940404,4.7764361],[-52.0178279,4.8082571],[-51.9640818,4.867166],[-51.886658,4.8353478],[-51.940404,4.7764361]]],[[[-54.1709692,5.3483747],[-54.0077162,5.5512349],[-54.0205479,5.6587791],[-53.9248366,5.8262165],[-53.4969394,5.6262203],[-52.9503833,5.5109113],[-52.3595846,4.9898651],[-52.1740801,4.9749477],[-52.1203102,4.8260917],[-51.9551806,4.6967638],[-51.8115323,4.6970546],[-51.6394196,4.4158747],[-51.6510577,4.0674086],[-51.7778274,3.9740558],[-52.1896224,3.2987446],[-52.331107,3.171378],[-52.3770612,2.9173531],[-52.5553437,2.640249],[-52.5519097,2.520088],[-52.9033488,2.1861939],[-53.1799597,2.2132212],[-53.2812914,2.1865475],[-53.2255883,2.262282],[-53.3401358,2.3519798],[-53.4699226,2.251907],[-53.7349141,2.3017674],[-53.7678838,2.375263],[-53.9376724,2.2828917],[-53.9433902,2.215505],[-54.0651131,2.1964715],[-54.1064357,2.1110277],[-54.1875726,2.1795058],[-54.2674622,2.1434943],[-54.3640124,2.2267594],[-54.4769205,2.2124265],[-54.5364868,2.3251863],[-54.6023442,2.332932],[-54.3756168,2.4837772],[-54.170203,2.8530569],[-54.2111824,3.1274071],[-54.0030297,3.4553974],[-53.9948132,3.6236042],[-54.353861,4.0417182],[-54.4786596,4.7551889],[-54.4486356,5.0242939],[-54.1709692,5.3483747]]]]}},{"type":"Feature","properties":{"name":"Colony of Canada","historical_entity":"Colony of Canada","ohm_relation_id":2861310,"start_date":"1604","end_date":"1673","admin_level":"2","boundary":"administrative","source":null,"_historical_overlay":true},"geometry":{"type":"MultiPolygon","coordinates":[[[[-56.8383265,54.6993823],[-56.9536829,54.6966047],[-56.9584895,54.7632152],[-56.843133,54.7659882],[-56.8383265,54.6993823]]],[[[-56.4529044,53.9021136],[-56.627999,53.9037318],[-56.6231767,54.0083022],[-56.4872367,54.0362079],[-56.4529044,53.9021136]]],[[[-62.1689221,58.2592774],[-62.0151745,58.2296932],[-62.0796003,58.1494954],[-62.2017458,58.181915],[-62.1689221,58.2592774]]],[[[-67.4029378,58.5675913],[-67.455348,58.5035444],[-67.5843166,58.5528702],[-67.5171876,58.6106751],[-67.4029378,58.5675913]]],[[[-67.3534186,58.5433337],[-67.3789076,58.592553],[-67.3056455,58.6204188],[-67.2097931,58.5528925],[-67.3187608,58.4614581],[-67.4014984,58.4940422],[-67.3534186,58.5433337]]],[[[-67.0849235,58.580962],[-67.2109391,58.5846795],[-67.1944664,58.6615343],[-67.0735776,58.6451947],[-67.0849235,58.580962]]],[[[-61.7142585,47.3665299],[-61.8522383,47.2983518],[-61.6594521,47.3365864],[-61.6316758,47.2387622],[-61.8194371,47.1702736],[-62.0586784,47.1782794],[-62.0920316,47.2418546],[-62.024822,47.3987751],[-61.9110152,47.4723542],[-61.5632057,47.6766534],[-61.3185675,47.6348196],[-61.3440176,47.5648069],[-61.6048615,47.5041736],[-61.7142585,47.3665299]]],[[[-61.4208267,47.7446847],[-61.5741103,47.7525747],[-61.5246036,47.8388153],[-61.3560356,47.8250503],[-61.4208267,47.7446847]]],[[[-53.1908976,49.7102439],[-53.2609574,49.7653381],[-53.1778898,49.8047088],[-53.1069556,49.749515],[-53.1908976,49.7102439]]],[[[-55.637684,50.1790969],[-55.9020358,50.1510625],[-55.9657719,50.1939227],[-55.9258351,50.2472711],[-55.7183727,50.2795718],[-55.637684,50.1790969]]],[[[-55.2064707,51.981497],[-55.3361444,51.8433509],[-55.5104926,51.8961195],[-55.3222737,52.0588874],[-55.2298868,52.0534523],[-55.2064707,51.981497]]],[[[-61.8034535,49.3529033],[-61.6023599,49.151299],[-61.6475309,49.0524289],[-62.2733136,49.0163064],[-63.6479199,49.349842],[-63.70861,49.4989189],[-64.1492292,49.6792302],[-64.4519818,49.7623063],[-64.5911898,49.8929713],[-64.1434625,49.9998013],[-63.3140453,49.8653156],[-62.6735689,49.7026134],[-62.156785,49.4496564],[-61.8034535,49.3529033]]],[[[-75.4426864,43.2001865],[-75.7287653,43.2171907],[-76.8273953,43.0367779],[-77.9974393,42.9684842],[-79.129029,42.7717157],[-79.4943251,42.6703208],[-79.9269118,42.4133194],[-81.1656203,42.2884858],[-82.3150648,41.7754094],[-82.6734938,41.9022781],[-83.0676283,41.9124984],[-83.9492825,42.4599424],[-84.1552762,42.6723412],[-84.3035916,42.8940784],[-84.5809964,44.042195],[-84.7183255,44.2018991],[-85.707095,44.7369809],[-85.8492747,44.9984595],[-85.8416776,45.1374946],[-85.9433011,45.2613573],[-86.2042264,45.3019409],[-86.5063504,45.0948545],[-86.7233304,44.8169175],[-86.962283,44.2550379],[-88.1900052,44.4337818],[-88.2971219,44.5963367],[-88.2943753,44.7291763],[-87.7862604,46.0045971],[-87.7807672,46.2444549],[-87.90711,46.4151426],[-88.1048639,46.5248591],[-88.4069879,46.5626411],[-91.021734,46.4757032],[-91.3183649,46.5021773],[-91.455694,46.5701943],[-91.4611871,46.645669],[-91.299136,47.0252079],[-90.477908,47.3685962],[-89.2199734,47.4930826],[-88.7475613,47.596905],[-87.3852567,48.2155246],[-87.8219632,48.4565322],[-88.2193489,48.5293453],[-88.3575453,49.0279648],[-87.9400648,49.1251188],[-86.2207086,48.9657974],[-86.0119684,48.9008415],[-84.0014703,48.0670712],[-83.721319,47.9052997],[-83.3972223,47.5765294],[-83.0896051,47.4355229],[-81.9305475,47.1598437],[-78.5687311,46.7436288],[-77.6019342,46.7248041],[-75.7727106,46.9577651],[-74.7894342,47.3239343],[-72.2461047,49.2678117],[-71.619895,49.5394833],[-68.0053931,50.5972002],[-67.3242407,50.9030467],[-66.6211157,51.3168942],[-66.4233618,51.563426],[-66.4453345,51.8900675],[-67.434104,57.2790546],[-67.6318414,57.6659757],[-67.9888971,58.0953025],[-68.1564345,58.5403122],[-67.9663135,58.6206796],[-67.6150205,58.4698358],[-67.4406059,58.4805942],[-67.3780897,58.4240219],[-67.3998697,58.3438533],[-67.0311,58.5689773],[-66.8185114,58.5416304],[-66.8652968,58.5968467],[-66.6258366,58.7078506],[-66.4666774,58.9379733],[-66.1760381,58.9066746],[-66.2438826,59.0323899],[-66.0962769,59.1331452],[-66.0112056,59.0189583],[-65.9318186,59.1613634],[-65.9782528,59.2068941],[-65.9314589,59.3271961],[-65.5312841,59.5862829],[-65.641626,59.6826381],[-65.6087355,59.7656931],[-65.08901,60.1636049],[-64.933332,60.3394395],[-64.9447493,60.5031925],[-64.8445439,60.5395801],[-64.8973708,60.6240019],[-64.7479485,60.7279032],[-64.5118176,60.7088195],[-64.4358609,60.5598711],[-64.5649084,60.5116741],[-64.3675077,60.4694428],[-64.3515138,60.3362982],[-64.1417156,60.2643535],[-64.1843869,60.2100206],[-64.0762347,60.0092227],[-63.8480452,59.9701443],[-63.973152,59.8813239],[-63.8444577,59.6525961],[-63.4886014,59.4185758],[-63.4349784,59.3239967],[-63.3074413,59.2914998],[-63.3234343,59.1340044],[-63.0650555,59.0681078],[-63.0791516,58.9467214],[-62.8345564,58.8347245],[-62.7914807,58.6047507],[-62.6148612,58.6020743],[-62.4814068,58.5062632],[-62.4921458,58.4230253],[-62.343391,58.3765308],[-62.3594291,58.3186863],[-62.4845,58.306295],[-62.4617754,58.245977],[-62.2729118,58.2356458],[-62.3090191,58.1564444],[-61.841243,57.910937],[-61.6123588,57.9609571],[-61.5830054,57.6497152],[-61.3738267,57.6515171],[-61.2365185,57.5843631],[-61.3658973,57.5185319],[-61.290322,57.4000291],[-61.569715,57.3705265],[-61.2494504,57.3476868],[-61.2929543,57.0721686],[-61.2466538,56.9559603],[-60.9584062,56.9429691],[-60.7468259,56.8339925],[-60.8268418,56.7188866],[-60.7396481,56.6308099],[-60.861394,56.5301946],[-60.548482,56.4805151],[-60.5343154,56.4097417],[-60.4262768,56.3876961],[-60.5088379,56.3110715],[-60.3887404,56.1918517],[-60.6867605,56.1244132],[-60.5515376,56.0573648],[-60.396751,56.0701324],[-60.4515638,56.0066186],[-60.5507587,56.042619],[-60.5659023,55.9504731],[-60.2198417,55.8631754],[-60.184418,55.742877],[-59.9964168,55.8903404],[-59.84356,55.8643313],[-59.8270643,55.7993968],[-60.0174639,55.7621811],[-60.0221494,55.6914473],[-59.6870048,55.5618454],[-59.5882812,55.4515276],[-59.4463193,55.4621621],[-59.5395005,55.3234347],[-59.3472382,55.3601768],[-58.8623146,55.2112017],[-58.7117053,55.2472375],[-58.6913658,55.109221],[-58.521736,55.0885981],[-58.5196928,54.9276833],[-58.2170638,54.9383826],[-58.3667873,55.0087528],[-58.2379167,55.0609292],[-57.8337486,54.9407522],[-57.7471998,54.8465837],[-57.7811148,54.7839307],[-57.6247631,54.7500046],[-57.6465391,54.6904174],[-57.4225709,54.7485952],[-57.3657843,54.6676918],[-57.083245,54.6307297],[-57.056614,54.5395912],[-56.8955279,54.5296588],[-56.8084869,54.4425406],[-57.0092605,54.431399],[-57.0137939,54.3177703],[-57.092494,54.2774356],[-57.1858004,54.3036914],[-57.1561229,54.3659072],[-57.3385542,54.3399569],[-57.4316836,54.3968687],[-57.6813885,54.3237294],[-57.6217337,54.266703],[-57.249837,54.3299484],[-57.2116635,54.2819354],[-57.2956193,54.1171084],[-57.1824882,54.198945],[-57.0791251,54.1907673],[-57.0577392,54.1391557],[-57.1228893,54.1015413],[-57.040212,53.9541067],[-56.8488328,53.9951149],[-56.7953387,53.9520252],[-56.850895,53.9047017],[-56.7677553,53.8420151],[-56.3871094,53.87661],[-56.1074305,53.7066293],[-55.8751727,53.7355226],[-55.8122503,53.585673],[-55.5279616,53.4439122],[-55.6845122,53.352141],[-55.6129351,53.2405441],[-55.7320364,52.802878],[-55.4786284,52.2438518],[-55.6484533,52.0306727],[-56.1695186,51.7482128],[-56.6333892,51.5888671],[-56.9428247,51.3831204],[-57.199513,51.3338759],[-57.3645538,51.4356909],[-57.6562494,51.3089226],[-58.2328078,51.2035167],[-58.7252257,50.9455618],[-58.674854,50.8240162],[-58.7734338,50.7996081],[-58.8344885,50.6774651],[-59.0363806,50.6958747],[-59.1426937,50.5705132],[-59.5606746,50.3999861],[-59.6186823,50.2610162],[-59.8954349,50.2140522],[-60.0498267,50.1177835],[-61.3238426,50.141417],[-61.7354482,50.0402358],[-61.8637803,50.0791468],[-61.9242397,50.1732727],[-62.3940915,50.2198152],[-63.8784688,50.1459586],[-64.1480193,50.1546639],[-64.4392219,50.2677792],[-64.8493856,50.2167503],[-65.9456909,50.2376921],[-66.0436243,50.1555477],[-66.2276487,50.1683241],[-66.2207801,50.1163959],[-66.3505548,50.0498461],[-66.5688511,50.1055619],[-66.8912552,49.9575919],[-66.9431312,49.807638],[-67.0827143,49.7818973],[-67.1617925,49.4621789],[-67.3275081,49.2941525],[-68.011056,49.2393821],[-68.1720821,49.062089],[-68.5517883,49.0132063],[-68.5563695,48.9061087],[-69.011438,48.7008286],[-69.0236671,48.5827402],[-69.2023964,48.5088729],[-69.351197,48.2902752],[-69.6077982,48.1009193],[-69.4834925,48.0733911],[-69.2047474,48.1912432],[-68.9370301,48.3522409],[-68.935348,48.4598511],[-68.7192584,48.4325316],[-68.2266162,48.6788026],[-67.5672932,48.8979234],[-66.6794606,49.1568063],[-65.9648248,49.2800518],[-65.0618409,49.2742531],[-64.4804771,49.1161306],[-64.1467383,48.8945195],[-64.0953429,48.7458546],[-64.1731271,48.704018],[-64.1084273,48.6343784],[-64.1816018,48.5779462],[-64.0754302,48.485745],[-64.6230223,48.309771],[-64.7422878,48.1682933],[-65.3314107,47.9589686],[-65.9410355,48.1315306],[-66.101827,48.0439654],[-66.4794302,48.0836411],[-66.9204726,47.977973],[-66.960298,47.8960902],[-67.078401,47.929227],[-67.3764052,47.8500317],[-67.5988783,47.9264664],[-67.5961317,48.0009505],[-67.8041867,47.9993433],[-67.8068502,48.0754025],[-68.0627349,48.0455655],[-68.1018092,48.1458293],[-68.1492404,48.103375],[-68.2339848,48.1902705],[-68.3483698,48.0735843],[-68.130355,47.927078],[-68.4340142,47.9136564],[-68.4863445,47.9458356],[-68.4474487,48.0415963],[-68.5695252,48.1016755],[-68.923448,48.0162014],[-68.9992809,47.8120333],[-69.088548,47.7883461],[-69.1103069,47.6535694],[-69.1833805,47.7320006],[-69.2266961,47.6808079],[-69.2403897,47.8104628],[-69.2972619,47.7871694],[-69.3721654,47.5258518],[-69.5403313,47.4565346],[-69.4721907,47.3907681],[-69.5209409,47.3050792],[-69.7523941,47.1207983],[-69.9786629,47.0367061],[-70.1217496,46.8070922],[-70.2044939,46.8172478],[-70.3322249,46.4325539],[-70.2270824,46.3822876],[-70.3174565,46.1643864],[-70.2523373,46.1015067],[-70.3169363,45.9634656],[-70.2401633,45.9409546],[-70.4174454,45.7949006],[-70.4004054,45.7198446],[-70.6883885,45.5690186],[-70.7231675,45.5076165],[-70.6346614,45.3836175],[-70.7980295,45.4267155],[-70.8570435,45.2291695],[-71.0108095,45.3472605],[-71.1470676,45.2397715],[-71.2843976,45.3024445],[-71.4425897,45.2383975],[-71.3978117,45.2035625],[-71.5001667,45.0141064],[-71.8446136,44.9200876],[-71.8277907,44.8077583],[-71.8808505,44.7534295],[-71.9854528,44.7685342],[-72.1737038,44.6562086],[-72.1682097,44.5402961],[-72.26292,44.4429161],[-72.226296,44.3325459],[-72.3306624,44.3038808],[-72.3959287,44.0733645],[-72.7760873,44.0922777],[-72.9184843,44.019009],[-72.9775061,43.8685964],[-72.8368403,43.6755249],[-72.78995,43.3743938],[-73.0359329,43.2422572],[-73.301221,43.336312],[-73.4357685,43.3299338],[-73.5066181,43.2609893],[-73.5574351,43.3560946],[-73.7253511,43.3157704],[-73.7757485,43.4453982],[-73.6675636,43.6997152],[-73.5808432,43.7292426],[-73.6087206,44.0371484],[-73.5632536,44.0965304],[-73.7702958,44.0632842],[-74.0531941,44.156333],[-74.1943691,44.0352493],[-74.3103048,44.0620963],[-74.3839205,43.945109],[-74.3001651,43.928401],[-74.5113536,43.7857066],[-74.553344,43.6362383],[-74.8559026,43.5380661],[-74.8315059,43.4897555],[-74.9701241,43.3769226],[-75.175029,43.3416759],[-75.3405704,43.4509686],[-75.4087698,43.4327919],[-75.4698579,43.5210167],[-75.5296574,43.4098164],[-75.4630632,43.3565234],[-75.4426864,43.2001865]]],[[[-56.0521027,46.8363097],[-56.1564253,46.7068822],[-56.4221074,46.7627837],[-56.4724829,46.8288718],[-56.4070343,46.9250246],[-56.4640629,47.1505022],[-56.2914408,47.1809755],[-56.1751138,47.063705],[-56.241116,46.9426753],[-56.1624724,46.8880807],[-56.0475392,46.9174961],[-56.0417666,47.0178289],[-55.9329606,47.1064243],[-55.5501252,47.1917829],[-55.4028922,47.27889],[-55.3383256,47.4376786],[-55.1531992,47.5318451],[-55.2877828,47.5887464],[-55.3540691,47.4343385],[-55.7017078,47.3696936],[-55.7964262,47.3136493],[-55.7945646,47.2243959],[-55.965788,47.1925636],[-56.0342135,47.2881911],[-55.8382417,47.4119502],[-56.2586132,47.4527971],[-56.256696,47.5329663],[-56.1262617,47.5832741],[-56.5773798,47.5686815],[-56.8448506,47.4851873],[-57.2249265,47.5490836],[-57.4106465,47.4536243],[-57.5100377,47.4966632],[-57.4401852,47.5760571],[-57.697508,47.5293077],[-58.1088999,47.6313733],[-59.2053815,47.5158606],[-59.383267,47.6080617],[-59.3743201,47.7387842],[-59.4861701,47.8985357],[-58.5930599,48.4810228],[-59.2625295,48.4155245],[-59.3385413,48.4616823],[-59.2711001,48.6068288],[-58.7994466,48.8336058],[-58.6934981,48.794675],[-58.2871068,49.4444689],[-58.0262413,49.6082892],[-58.0379505,49.7000973],[-57.8963961,49.9583946],[-57.4041784,50.6488098],[-57.4886341,50.7069326],[-57.3378303,50.7795598],[-57.3898413,50.8329665],[-57.3477757,50.9220827],[-57.1199913,50.9763219],[-57.1616948,51.0444167],[-56.9502404,51.1171994],[-56.8149388,51.32718],[-56.6288882,51.4392615],[-55.8371594,51.6617262],[-55.4163545,51.6869848],[-55.2845346,51.6079027],[-55.4337503,51.3559177],[-55.617076,51.2570071],[-55.607481,51.1646028],[-55.7510023,50.9780087],[-55.7087914,50.9326482],[-55.6552248,51.0221967],[-55.5011118,51.0216499],[-55.4618067,50.9549301],[-55.5342527,50.8489822],[-55.4111612,50.8398891],[-55.3877544,50.768933],[-55.6265851,50.6408002],[-55.7281926,50.7037301],[-55.6351866,50.841484],[-55.6973178,50.8888021],[-55.8983978,50.8202497],[-56.6843509,50.0046177],[-56.6995774,49.8139227],[-56.1591485,50.2046001],[-56.0062719,50.0763657],[-55.8599855,50.0724564],[-55.7714328,49.9991774],[-55.5391076,50.0531773],[-55.2924441,50.026621],[-55.3149303,49.9553985],[-55.810093,49.7353156],[-55.5709078,49.6932866],[-55.4283497,49.5739171],[-55.0428892,49.5902411],[-54.880073,49.6442344],[-54.8233429,49.741372],[-54.3798952,49.7330933],[-54.1593567,49.8796205],[-53.9648439,49.841858],[-53.9341259,49.7855919],[-54.0272461,49.7573922],[-53.9345895,49.6788613],[-53.9704894,49.6060151],[-53.7151468,49.6290723],[-53.7054729,49.5629729],[-53.7979888,49.5005353],[-53.4179018,49.3035444],[-53.4096065,49.200329],[-53.2788431,49.1849708],[-53.6176157,48.9830274],[-53.4608375,48.9467164],[-53.5346663,48.8969209],[-53.5693431,48.748839],[-53.5151667,48.6795892],[-53.5602807,48.6359111],[-53.4312623,48.6741375],[-53.2698337,48.6150232],[-53.0742067,48.7552343],[-52.9238807,48.591455],[-53.032551,48.3995767],[-53.1787042,48.3096198],[-53.312819,48.3215589],[-53.3731272,48.1734126],[-53.545139,48.0387884],[-53.7069806,47.7467121],[-53.6077463,47.6826238],[-53.6338813,47.5519701],[-53.8137831,47.4280882],[-53.9905933,47.3739424],[-54.0668117,47.4138015],[-54.192339,47.3094941],[-54.4102284,47.3757886],[-54.7888879,47.1887097],[-54.9429271,47.1961519],[-55.0976194,46.9644874],[-55.3464441,46.831473],[-56.0521027,46.8363097]]]]}},{"type":"Feature","properties":{"name":"New France","historical_entity":"New France","ohm_relation_id":2861317,"start_date":"1603","end_date":"1673","admin_level":"2","boundary":"administrative","source":null,"_historical_overlay":true},"geometry":{"type":"MultiPolygon","coordinates":[[[[-68.1470697,43.9188391],[-68.1954797,43.9839791],[-68.1016997,44.0170791],[-68.0598297,43.9536791],[-68.1470697,43.9188391]]],[[[-56.8383265,54.6993823],[-56.9536829,54.6966047],[-56.9584895,54.7632152],[-56.843133,54.7659882],[-56.8383265,54.6993823]]],[[[-56.4529044,53.9021136],[-56.627999,53.9037318],[-56.6231767,54.0083022],[-56.4872367,54.0362079],[-56.4529044,53.9021136]]],[[[-62.1689221,58.2592774],[-62.0151745,58.2296932],[-62.0796003,58.1494954],[-62.2017458,58.181915],[-62.1689221,58.2592774]]],[[[-67.4029378,58.5675913],[-67.455348,58.5035444],[-67.5843166,58.5528702],[-67.5171876,58.6106751],[-67.4029378,58.5675913]]],[[[-67.3534186,58.5433337],[-67.3789076,58.592553],[-67.3056455,58.6204188],[-67.2097931,58.5528925],[-67.3187608,58.4614581],[-67.4014984,58.4940422],[-67.3534186,58.5433337]]],[[[-67.0849235,58.580962],[-67.2109391,58.5846795],[-67.1944664,58.6615343],[-67.0735776,58.6451947],[-67.0849235,58.580962]]],[[[-60.0775142,47.1812125],[-60.1985557,47.146299],[-60.2212502,47.2341746],[-60.1017387,47.2750368],[-60.0775142,47.1812125]]],[[[-62.0573704,46.3452724],[-62.2822653,46.2847384],[-62.3910495,46.1389936],[-62.4221126,45.9639528],[-62.8427062,45.9198468],[-63.084636,46.0174379],[-63.0853458,46.0891676],[-63.6495147,46.1700593],[-63.8856639,46.3447661],[-64.1743425,46.3691691],[-64.1764291,46.551128],[-64.46334,46.6145442],[-64.4810897,46.7082427],[-64.4073493,46.7866621],[-64.2487801,46.9608826],[-63.9731674,47.1063789],[-63.8990004,46.9044194],[-63.9549446,46.8054429],[-63.6707185,46.6187038],[-63.046455,46.464945],[-62.1793481,46.5344628],[-61.9126427,46.4862015],[-61.9113929,46.428156],[-62.0573704,46.3452724]]],[[[-61.7142585,47.3665299],[-61.8522383,47.2983518],[-61.6594521,47.3365864],[-61.6316758,47.2387622],[-61.8194371,47.1702736],[-62.0586784,47.1782794],[-62.0920316,47.2418546],[-62.024822,47.3987751],[-61.9110152,47.4723542],[-61.5632057,47.6766534],[-61.3185675,47.6348196],[-61.3440176,47.5648069],[-61.6048615,47.5041736],[-61.7142585,47.3665299]]],[[[-61.4208267,47.7446847],[-61.5741103,47.7525747],[-61.5246036,47.8388153],[-61.3560356,47.8250503],[-61.4208267,47.7446847]]],[[[-60.0930687,43.8843178],[-60.2384106,43.9528896],[-60.2419865,44.0110902],[-59.8930849,43.9914839],[-59.7408673,44.0563283],[-59.6431878,44.1078099],[-59.567176,44.0578315],[-59.8068933,43.8884171],[-60.0930687,43.8843178]]],[[[-53.1908976,49.7102439],[-53.2609574,49.7653381],[-53.1778898,49.8047088],[-53.1069556,49.749515],[-53.1908976,49.7102439]]],[[[-55.637684,50.1790969],[-55.9020358,50.1510625],[-55.9657719,50.1939227],[-55.9258351,50.2472711],[-55.7183727,50.2795718],[-55.637684,50.1790969]]],[[[-55.2064707,51.981497],[-55.3361444,51.8433509],[-55.5104926,51.8961195],[-55.3222737,52.0588874],[-55.2298868,52.0534523],[-55.2064707,51.981497]]],[[[-61.8034535,49.3529033],[-61.6023599,49.151299],[-61.6475309,49.0524289],[-62.2733136,49.0163064],[-63.6479199,49.349842],[-63.70861,49.4989189],[-64.1492292,49.6792302],[-64.4519818,49.7623063],[-64.5911898,49.8929713],[-64.1434625,49.9998013],[-63.3140453,49.8653156],[-62.6735689,49.7026134],[-62.156785,49.4496564],[-61.8034535,49.3529033]]],[[[-75.4426864,43.2001865],[-75.7287653,43.2171907],[-76.8273953,43.0367779],[-77.9974393,42.9684842],[-79.129029,42.7717157],[-79.4943251,42.6703208],[-79.9269118,42.4133194],[-81.1656203,42.2884858],[-82.3150648,41.7754094],[-82.6734938,41.9022781],[-83.0676283,41.9124984],[-83.9492825,42.4599424],[-84.1552762,42.6723412],[-84.3035916,42.8940784],[-84.5809964,44.042195],[-84.7183255,44.2018991],[-85.707095,44.7369809],[-85.8492747,44.9984595],[-85.8416776,45.1374946],[-85.9433011,45.2613573],[-86.2042264,45.3019409],[-86.5063504,45.0948545],[-86.7233304,44.8169175],[-86.962283,44.2550379],[-88.1900052,44.4337818],[-88.2971219,44.5963367],[-88.2943753,44.7291763],[-87.7862604,46.0045971],[-87.7807672,46.2444549],[-87.90711,46.4151426],[-88.1048639,46.5248591],[-88.4069879,46.5626411],[-91.021734,46.4757032],[-91.3183649,46.5021773],[-91.455694,46.5701943],[-91.4611871,46.645669],[-91.299136,47.0252079],[-90.477908,47.3685962],[-89.2199734,47.4930826],[-88.7475613,47.596905],[-87.3852567,48.2155246],[-87.8219632,48.4565322],[-88.2193489,48.5293453],[-88.3575453,49.0279648],[-87.9400648,49.1251188],[-86.2207086,48.9657974],[-86.0119684,48.9008415],[-84.0014703,48.0670712],[-83.721319,47.9052997],[-83.3972223,47.5765294],[-83.0896051,47.4355229],[-81.9305475,47.1598437],[-78.5687311,46.7436288],[-77.6019342,46.7248041],[-75.7727106,46.9577651],[-74.7894342,47.3239343],[-72.2461047,49.2678117],[-71.619895,49.5394833],[-68.0053931,50.5972002],[-67.3242407,50.9030467],[-66.6211157,51.3168942],[-66.4233618,51.563426],[-66.4453345,51.8900675],[-67.434104,57.2790546],[-67.6318414,57.6659757],[-67.9888971,58.0953025],[-68.1564345,58.5403122],[-67.9663135,58.6206796],[-67.6150205,58.4698358],[-67.4406059,58.4805942],[-67.3780897,58.4240219],[-67.3998697,58.3438533],[-67.0311,58.5689773],[-66.8185114,58.5416304],[-66.8652968,58.5968467],[-66.6258366,58.7078506],[-66.4666774,58.9379733],[-66.3046313,58.9399218],[-66.2299877,58.8727366],[-66.1760381,58.9066746],[-66.2487911,59.0161911],[-66.1855178,59.1061537],[-66.0535819,59.1225833],[-66.0112056,59.0189583],[-65.9318186,59.1613634],[-65.9782528,59.2068941],[-65.9314589,59.3271961],[-65.5312841,59.5862829],[-65.641626,59.6826381],[-65.6087355,59.7656931],[-65.2383752,60.0065769],[-64.933332,60.3394395],[-64.9700395,60.4349738],[-64.8445439,60.5395801],[-64.9022792,60.608559],[-64.8657851,60.6637229],[-64.6524473,60.7382883],[-64.519943,60.7155647],[-64.4344404,60.5859662],[-64.5649084,60.5116741],[-64.3675077,60.4694428],[-64.3515138,60.3362982],[-64.1417156,60.2643535],[-64.1843869,60.2100206],[-64.0762347,60.0092227],[-63.8533245,59.9777044],[-63.973152,59.8813239],[-63.8444577,59.6525961],[-63.4886014,59.4185758],[-63.4349784,59.3239967],[-63.3074413,59.2914998],[-63.3234343,59.1340044],[-63.0650555,59.0681078],[-63.0791516,58.9467214],[-62.8345564,58.8347245],[-62.7914807,58.6047507],[-62.6148612,58.6020743],[-62.4814068,58.5062632],[-62.4921458,58.4230253],[-62.343391,58.3765308],[-62.3594291,58.3186863],[-62.4845,58.306295],[-62.4617754,58.245977],[-62.2729118,58.2356458],[-62.3090191,58.1564444],[-61.841243,57.910937],[-61.6123588,57.9609571],[-61.5830054,57.6497152],[-61.3738267,57.6515171],[-61.2365185,57.5843631],[-61.3658973,57.5185319],[-61.290322,57.4000291],[-61.569715,57.3705265],[-61.2494504,57.3476868],[-61.2929543,57.0721686],[-61.2466538,56.9559603],[-60.9584062,56.9429691],[-60.7468259,56.8339925],[-60.8268418,56.7188866],[-60.7396481,56.6308099],[-60.861394,56.5301946],[-60.548482,56.4805151],[-60.5343154,56.4097417],[-60.4262768,56.3876961],[-60.5088379,56.3110715],[-60.3887404,56.1918517],[-60.6867605,56.1244132],[-60.5515376,56.0573648],[-60.396751,56.0701324],[-60.4515638,56.0066186],[-60.5507587,56.042619],[-60.5659023,55.9504731],[-60.2198417,55.8631754],[-60.184418,55.742877],[-59.9964168,55.8903404],[-59.84356,55.8643313],[-59.8270643,55.7993968],[-60.0174639,55.7621811],[-60.0221494,55.6914473],[-59.6870048,55.5618454],[-59.5882812,55.4515276],[-59.4463193,55.4621621],[-59.5395005,55.3234347],[-59.3472382,55.3601768],[-58.8623146,55.2112017],[-58.7117053,55.2472375],[-58.6913658,55.109221],[-58.521736,55.0885981],[-58.5196928,54.9276833],[-58.2170638,54.9383826],[-58.3667873,55.0087528],[-58.2379167,55.0609292],[-57.8337486,54.9407522],[-57.7471998,54.8465837],[-57.7811148,54.7839307],[-57.6247631,54.7500046],[-57.6465391,54.6904174],[-57.4225709,54.7485952],[-57.3657843,54.6676918],[-57.083245,54.6307297],[-57.056614,54.5395912],[-56.8955279,54.5296588],[-56.8084869,54.4425406],[-57.0092605,54.431399],[-57.0137939,54.3177703],[-57.092494,54.2774356],[-57.1858004,54.3036914],[-57.1561229,54.3659072],[-57.3385542,54.3399569],[-57.4316836,54.3968687],[-57.6813885,54.3237294],[-57.6217337,54.266703],[-57.249837,54.3299484],[-57.2116635,54.2819354],[-57.2956193,54.1171084],[-57.1824882,54.198945],[-57.0791251,54.1907673],[-57.0577392,54.1391557],[-57.1228893,54.1015413],[-57.040212,53.9541067],[-56.8488328,53.9951149],[-56.7953387,53.9520252],[-56.850895,53.9047017],[-56.7677553,53.8420151],[-56.3871094,53.87661],[-56.1074305,53.7066293],[-55.8751727,53.7355226],[-55.8122503,53.585673],[-55.6780088,53.5525938],[-55.6619344,53.468261],[-55.5413663,53.4611198],[-55.547219,53.3995031],[-55.6845122,53.352141],[-55.6129351,53.2405441],[-55.7320364,52.802878],[-55.6206587,52.578032],[-55.6431292,52.5140721],[-55.5513075,52.4593697],[-55.5607284,52.3378189],[-55.4779799,52.259853],[-55.7335974,51.9744514],[-56.6333892,51.5888671],[-56.8039791,51.4291067],[-57.1857351,51.3334707],[-57.3645538,51.4356909],[-57.6562494,51.3089226],[-58.2328078,51.2035167],[-58.7252257,50.9455618],[-58.674854,50.8240162],[-58.7734338,50.7996081],[-58.8344885,50.6774651],[-59.0363806,50.6958747],[-59.1426937,50.5705132],[-59.5606746,50.3999861],[-59.606866,50.2655648],[-59.8954349,50.2140522],[-60.0498267,50.1177835],[-61.3238426,50.141417],[-61.7492261,50.0406523],[-61.9242397,50.1732727],[-62.3754622,50.2186543],[-62.9534148,50.2313672],[-63.1877035,50.1490387],[-63.8784688,50.1459586],[-64.1480193,50.1546639],[-64.4513178,50.2680266],[-64.8493856,50.2167503],[-65.9456909,50.2376921],[-66.0436243,50.1555477],[-66.2276487,50.1683241],[-66.2207801,50.1163959],[-66.3635321,50.0468451],[-66.5688511,50.1055619],[-66.8912552,49.9575919],[-66.951325,49.8004768],[-67.0827143,49.7818973],[-67.1617925,49.4621789],[-67.3173071,49.3002069],[-68.011056,49.2393821],[-68.1720821,49.062089],[-68.5448077,49.0172361],[-68.5821081,48.8793215],[-69.011438,48.7008286],[-69.0236671,48.5827402],[-69.184559,48.5235202],[-69.351197,48.2902752],[-69.6143569,48.1140266],[-69.4834925,48.0733911],[-69.2047474,48.1912432],[-68.9370301,48.3522409],[-68.935348,48.4598511],[-68.7192584,48.4325316],[-68.2148,48.6835005],[-66.6794606,49.1568063],[-66.0924476,49.2688572],[-65.3680848,49.3020209],[-64.8060684,49.224572],[-64.2503415,48.9820502],[-64.0988062,48.7743395],[-64.1731271,48.704018],[-64.1123998,48.6164232],[-64.1816018,48.5779462],[-64.0787542,48.4768715],[-64.6230223,48.309771],[-64.7422878,48.1682933],[-65.2333136,47.9768931],[-65.4739318,47.9634679],[-65.9410355,48.1315306],[-66.1176985,48.0436609],[-66.0517044,47.9746398],[-65.7451688,47.9159131],[-65.6105365,47.7150426],[-65.1750892,47.8695413],[-64.7565245,47.871914],[-64.5461219,48.0676868],[-64.4062903,48.0050858],[-64.4152105,47.9166539],[-64.4911201,47.7718686],[-64.748533,47.6042875],[-64.959023,47.1541833],[-64.7564795,47.0776055],[-64.7380431,46.9737747],[-64.8387123,46.8498259],[-64.6514227,46.7149162],[-64.6534094,46.5792309],[-64.4530902,46.2881566],[-63.7437064,46.1793554],[-63.7158973,46.0806141],[-63.8556147,46.0214672],[-63.7583518,45.9351941],[-62.779933,45.8145067],[-62.4913864,45.8807127],[-62.4442298,45.8017603],[-62.5948065,45.7528337],[-62.48344,45.7114835],[-61.9149445,45.9370135],[-61.8246363,45.8876678],[-61.8227329,45.7297082],[-61.647569,45.703328],[-61.5444634,45.7435649],[-61.6621406,46.0234298],[-61.3526587,46.2788079],[-61.3216103,46.396986],[-61.1635737,46.4841227],[-61.1269357,46.6288455],[-60.9425361,46.8247314],[-60.5959435,47.091321],[-60.3467618,47.0729595],[-60.3091796,47.0196701],[-60.3876651,46.9282207],[-60.2398584,46.8677512],[-60.286411,46.5936356],[-60.4117264,46.3958798],[-59.7802793,46.217884],[-59.725569,46.1319046],[-59.7866978,46.0627926],[-59.6629722,46.0813285],[-59.6224248,45.9786785],[-60.3767389,45.6012881],[-60.6527014,45.5244632],[-60.8326517,45.5523499],[-60.8683771,45.4314472],[-61.1575845,45.4727035],[-61.2460949,45.3987431],[-60.949521,45.4073175],[-60.8715804,45.3512955],[-60.9239507,45.2141363],[-61.0894769,45.1527281],[-61.2399679,45.1748664],[-61.5083307,45.0577389],[-61.7694362,45.0275583],[-62.0679468,44.8473299],[-62.2216459,44.8504406],[-62.7867957,44.6401529],[-63.3640844,44.5876428],[-63.5366126,44.395353],[-63.775517,44.3909157],[-63.9869775,44.4649367],[-63.9911962,44.3529912],[-64.4615654,44.0992187],[-64.9751592,43.6481706],[-65.1915106,43.6172335],[-65.3541876,43.4276624],[-65.5269822,43.4185849],[-65.6027289,43.3449815],[-65.8027365,43.4253927],[-65.890088,43.6169018],[-65.9718882,43.5594435],[-65.9156783,43.5043579],[-65.9468085,43.3643774],[-66.0753347,43.3670179],[-66.0576847,43.5486016],[-66.2086598,43.6787475],[-66.2883026,44.1017693],[-66.2046527,44.291149],[-66.3594123,44.1736612],[-66.4716751,44.2554434],[-66.0025714,44.6496931],[-65.0659869,45.1123877],[-64.5238263,45.2843221],[-64.5712452,45.3564151],[-64.7403711,45.2509432],[-64.8626595,45.2999661],[-64.9621576,45.2035502],[-65.0728323,45.2182229],[-64.9941232,45.4289731],[-64.8523524,45.5709071],[-65.85617,45.1503069],[-66.0543316,45.1753535],[-66.4390631,45.0127062],[-66.6008926,45.0460165],[-66.702804,44.8867491],[-66.843845,44.9684529],[-66.866248,44.8149982],[-66.7038352,44.8242218],[-66.6229151,44.7028764],[-66.6214025,44.6015553],[-66.7282098,44.5212137],[-66.9631674,44.5742258],[-66.9025578,44.7765555],[-66.9418404,44.7656342],[-67.5675845,44.3972182],[-67.7747496,44.4113232],[-67.8237276,44.3270471],[-68.1282797,44.2642621],[-68.2033597,44.0995961],[-68.4368428,44.0532421],[-68.5683878,43.9579791],[-68.7214779,43.961947],[-68.6694329,43.869585],[-68.8172339,43.739655],[-69.055894,43.85892],[-69.149825,43.795744],[-69.2623401,43.815383],[-69.2380971,43.750093],[-69.3234901,43.703678],[-69.4092701,43.810826],[-69.6172882,43.699823],[-69.7624973,43.7386082],[-69.805756,43.816941],[-69.7899631,44.2783922],[-69.5798494,44.6274965],[-69.6756365,44.7668464],[-69.7933962,44.7169776],[-69.8884966,44.7650182],[-69.8625757,45.0279212],[-70.0002481,45.2307777],[-69.8781971,45.4490526],[-70.6511754,45.3771325],[-70.7950105,45.4281555],[-70.8393515,45.2342725],[-71.0108095,45.3472605],[-71.1470676,45.2397715],[-71.2843976,45.3024445],[-71.4425897,45.2383975],[-71.3978117,45.2035625],[-71.5001667,45.0141064],[-71.8446136,44.9200876],[-71.8277907,44.8077583],[-71.8808505,44.7534295],[-71.9854528,44.7685342],[-72.1633094,44.6671011],[-72.1682097,44.5402961],[-72.26292,44.4429161],[-72.226296,44.3325459],[-72.3306624,44.3038808],[-72.3959287,44.0733645],[-72.7760873,44.0922777],[-72.9184843,44.019009],[-72.9775061,43.8685964],[-72.8647618,43.7403924],[-72.7724646,43.4689995],[-72.783563,43.3798332],[-72.9854376,43.2491362],[-73.2276973,43.2682007],[-73.301221,43.336312],[-73.4357685,43.3299338],[-73.5066181,43.2609893],[-73.5574351,43.3560946],[-73.7560366,43.33693],[-73.7757485,43.4453982],[-73.683496,43.6672318],[-73.5808432,43.7292426],[-73.6087206,44.0371484],[-73.5632536,44.0965304],[-73.7702958,44.0632842],[-74.0449354,44.1567961],[-74.1943691,44.0352493],[-74.3103048,44.0620963],[-74.3839205,43.945109],[-74.3001651,43.928401],[-74.5113536,43.7857066],[-74.553344,43.6362383],[-74.8559026,43.5380661],[-74.8315059,43.4897555],[-74.9701241,43.3769226],[-75.175029,43.3416759],[-75.3405704,43.4509686],[-75.4087698,43.4327919],[-75.4698579,43.5210167],[-75.5296574,43.4098164],[-75.4630632,43.3565234],[-75.4426864,43.2001865]]],[[[-56.0521027,46.8363097],[-56.1564253,46.7068822],[-56.4221074,46.7627837],[-56.4724829,46.8288718],[-56.4070343,46.9250246],[-56.4640629,47.1505022],[-56.2914408,47.1809755],[-56.1751138,47.063705],[-56.241116,46.9426753],[-56.1624724,46.8880807],[-56.0475392,46.9174961],[-56.0417666,47.0178289],[-55.9329606,47.1064243],[-55.5501252,47.1917829],[-55.4028922,47.27889],[-55.3383256,47.4376786],[-55.1531992,47.5318451],[-55.2877828,47.5887464],[-55.3540691,47.4343385],[-55.7017078,47.3696936],[-55.7964262,47.3136493],[-55.7945646,47.2243959],[-55.965788,47.1925636],[-56.0342135,47.2881911],[-55.8382417,47.4119502],[-56.2586132,47.4527971],[-56.256696,47.5329663],[-56.1262617,47.5832741],[-56.5773798,47.5686815],[-56.8448506,47.4851873],[-57.2249265,47.5490836],[-57.4106465,47.4536243],[-57.5100377,47.4966632],[-57.4401852,47.5760571],[-57.697508,47.5293077],[-58.1088999,47.6313733],[-59.2053815,47.5158606],[-59.383267,47.6080617],[-59.3743201,47.7387842],[-59.4861701,47.8985357],[-58.5930599,48.4810228],[-59.2625295,48.4155245],[-59.3385413,48.4616823],[-59.2711001,48.6068288],[-58.7994466,48.8336058],[-58.6934981,48.794675],[-58.2871068,49.4444689],[-58.0262413,49.6082892],[-58.0379505,49.7000973],[-57.8963961,49.9583946],[-57.4041784,50.6488098],[-57.4886341,50.7069326],[-57.3378303,50.7795598],[-57.3898413,50.8329665],[-57.3477757,50.9220827],[-57.1199913,50.9763219],[-57.1616948,51.0444167],[-56.9502404,51.1171994],[-56.8149388,51.32718],[-56.6288882,51.4392615],[-55.8371594,51.6617262],[-55.4163545,51.6869848],[-55.2845346,51.6079027],[-55.4337503,51.3559177],[-55.617076,51.2570071],[-55.607481,51.1646028],[-55.7510023,50.9780087],[-55.7087914,50.9326482],[-55.6552248,51.0221967],[-55.5011118,51.0216499],[-55.4618067,50.9549301],[-55.5342527,50.8489822],[-55.4111612,50.8398891],[-55.3877544,50.768933],[-55.6265851,50.6408002],[-55.7281926,50.7037301],[-55.6351866,50.841484],[-55.6973178,50.8888021],[-55.8983978,50.8202497],[-56.6843509,50.0046177],[-56.6995774,49.8139227],[-56.1591485,50.2046001],[-56.0062719,50.0763657],[-55.8599855,50.0724564],[-55.7714328,49.9991774],[-55.5391076,50.0531773],[-55.2924441,50.026621],[-55.3149303,49.9553985],[-55.810093,49.7353156],[-55.5709078,49.6932866],[-55.4283497,49.5739171],[-55.0428892,49.5902411],[-54.880073,49.6442344],[-54.8233429,49.741372],[-54.3798952,49.7330933],[-54.1593567,49.8796205],[-53.9648439,49.841858],[-53.9341259,49.7855919],[-54.0272461,49.7573922],[-53.9345895,49.6788613],[-53.9704894,49.6060151],[-53.7151468,49.6290723],[-53.7054729,49.5629729],[-53.7979888,49.5005353],[-53.4179018,49.3035444],[-53.4096065,49.200329],[-53.2788431,49.1849708],[-53.6176157,48.9830274],[-53.4608375,48.9467164],[-53.5346663,48.8969209],[-53.5693431,48.748839],[-53.5151667,48.6795892],[-53.5602807,48.6359111],[-53.4312623,48.6741375],[-53.2698337,48.6150232],[-53.0742067,48.7552343],[-52.9238807,48.591455],[-53.032551,48.3995767],[-53.1787042,48.3096198],[-53.312819,48.3215589],[-53.3731272,48.1734126],[-53.545139,48.0387884],[-53.7069806,47.7467121],[-53.6077463,47.6826238],[-53.6338813,47.5519701],[-53.8137831,47.4280882],[-53.9905933,47.3739424],[-54.0668117,47.4138015],[-54.192339,47.3094941],[-54.4102284,47.3757886],[-54.7888879,47.1887097],[-54.9429271,47.1961519],[-55.0976194,46.9644874],[-55.3464441,46.831473],[-56.0521027,46.8363097]]]]}},{"type":"Feature","properties":{"name":"Regency of Algiers","historical_entity":"Regency of Algiers","ohm_relation_id":2861415,"start_date":"1516","end_date":"1830-07-05","admin_level":"2","boundary":"administrative","source":null,"_historical_overlay":true},"geometry":{"type":"MultiPolygon","coordinates":[[[[8.6294171,36.9907623],[8.673311,36.8308615],[8.4131088,36.7839057],[8.461788,36.7327978],[8.4303687,36.6626212],[8.1699195,36.5258336],[8.3577116,36.4303873],[8.2414397,35.8277367],[8.3370411,35.5379353],[8.2943563,35.3250801],[8.4312989,35.241726],[8.3004541,35.0676797],[8.2364787,34.6476537],[7.8315422,34.4143863],[7.765293,34.2447067],[7.5174528,34.0950259],[7.4798324,33.8939013],[7.7082422,33.4148607],[7.7249854,33.2314094],[8.0868238,33.094286],[8.1712219,32.9843017],[7.8497287,32.8749761],[7.4432346,32.5259759],[7.2152682,32.4518406],[6.086423,31.6907841],[5.8227512,31.6159683],[5.3173801,31.6627353],[4.4192477,31.5995943],[4.010007,31.6487076],[3.5458347,31.9148698],[3.0789157,32.084904],[2.8509494,32.3010653],[2.2467014,32.2546224],[1.2057468,31.8098973],[0.8706638,31.8449014],[0.4806491,31.7561986],[-0.1016263,31.8565665],[-0.9942654,31.6814355],[-1.4089993,31.8239006],[-1.4357813,32.0866516],[-1.2103348,32.0896703],[-1.1956071,32.1460493],[-1.3095536,32.1674433],[-1.2441312,32.356915],[-1.0319995,32.4944001],[-1.4233451,32.7423953],[-1.558789,32.9336498],[-1.4995162,33.0602054],[-1.6833809,33.2708385],[-1.6173384,33.5544388],[-1.7467879,33.7023884],[-1.669635,34.079213],[-1.8096264,34.3724509],[-1.7029663,34.4796795],[-1.8711214,34.5966491],[-1.7695255,34.7413431],[-2.193789,35.003601],[-2.2123082,35.1408254],[-1.948902,35.127524],[-1.5101479,35.3700552],[-1.4089853,35.3548417],[-1.2997426,35.4315411],[-1.2458226,35.5969404],[-1.1113252,35.6807494],[-1.1852162,35.7105438],[-1.1487774,35.7713613],[-1.0488106,35.7217806],[-0.7929811,35.8276401],[-0.6438976,35.7746513],[-0.5128764,35.9203066],[-0.3753681,35.9574475],[-0.0987039,35.8516791],[0.3069791,36.2316447],[0.9860031,36.5152082],[1.3323193,36.6028539],[2.189121,36.6599639],[2.3683355,36.695759],[2.5632141,36.6469528],[2.8797714,36.855503],[3.1394489,36.7991544],[3.2171612,36.8642437],[3.4735577,36.8221502],[3.8968084,36.9738402],[4.7905534,36.9427584],[5.1373829,36.8188276],[5.1528156,36.7318077],[5.351992,36.6894764],[5.6826584,36.8730824],[6.1849579,36.9572993],[6.2217435,37.0624089],[6.4649945,37.1389754],[6.6650117,37.0061562],[6.9275348,36.939602],[7.1880138,37.0019017],[7.1095269,37.0955805],[7.2249792,37.1404221],[7.8109522,37.0125119],[7.8695982,36.8918663],[8.2166272,37.0003627],[8.4585505,36.9491529],[8.6294171,36.9907623]]]]}},{"type":"Feature","properties":{"name":"Viceroyalty of Peru","historical_entity":"Viceroyalty of Peru","ohm_relation_id":2861450,"start_date":"1650","end_date":"1709","admin_level":"2","boundary":"administrative","source":null,"_historical_overlay":true},"geometry":{"type":"MultiPolygon","coordinates":[[[[-65.3375789,-45.1296238],[-65.4278718,-45.1472577],[-65.4528703,-45.0835396],[-65.3625773,-45.0658861],[-65.3375789,-45.1296238]]],[[[-64.5380903,-54.9293308],[-64.7406007,-54.9434099],[-64.8177319,-54.8257505],[-64.5599686,-54.6872224],[-64.413916,-54.7084124],[-64.1427204,-54.6043292],[-64.0444779,-54.6602186],[-63.7768542,-54.6830424],[-63.7340493,-54.7408539],[-64.149835,-54.9147013],[-64.2844194,-54.8752869],[-64.5380903,-54.9293308]]],[[[-66.7306993,-55.5802642],[-66.8002555,-55.630894],[-66.8513689,-55.5773091],[-66.7818127,-55.5266101],[-66.7306993,-55.5802642]]],[[[-67.1081454,-55.4698196],[-67.0913326,-55.4097832],[-66.9970248,-55.4355163],[-67.0138376,-55.4955135],[-67.1081454,-55.4698196]]],[[[-66.7195026,-55.8123202],[-66.8059279,-55.867524],[-66.8810376,-55.8200153],[-66.81569,-55.764353],[-66.7195026,-55.8123202]]],[[[-67.5427141,-55.5443105],[-67.2563173,-55.5850598],[-67.2775747,-55.6580857],[-67.0346892,-55.7865595],[-66.977562,-55.9139405],[-67.1845258,-55.9267041],[-67.1598546,-55.9805005],[-67.2812718,-56.0179679],[-67.4853217,-55.9044875],[-67.5453249,-55.9311255],[-67.9270377,-55.9101102],[-67.9805408,-55.84826],[-67.9285945,-55.7887969],[-67.6210284,-55.7630661],[-67.8066879,-55.6184969],[-67.7251037,-55.462835],[-67.5965963,-55.4424167],[-67.5427141,-55.5443105]]],[[[-67.9262261,-55.3462057],[-68.016519,-55.3604177],[-68.0415175,-55.3090608],[-67.9512245,-55.2948304],[-67.9262261,-55.3462057]]],[[[-68.6280899,-56.5371287],[-68.7763446,-56.5632509],[-68.8140715,-56.4484856],[-68.7002596,-56.4176353],[-68.6280899,-56.5371287]]],[[[-72.9244255,-54.5049196],[-73.1206821,-54.5246292],[-73.1232939,-54.4366208],[-72.9330071,-54.4125264],[-72.9244255,-54.5049196]]],[[[-75.6302289,-49.3716149],[-75.7205219,-49.3878899],[-75.7455203,-49.32908],[-75.6552274,-49.3127854],[-75.6302289,-49.3716149]]],[[[-74.9846951,-44.9229281],[-75.1923679,-44.9558793],[-75.243594,-44.7669378],[-75.05957,-44.7281176],[-74.9673519,-44.8316929],[-74.9846951,-44.9229281]]],[[[-74.5353445,-44.9621794],[-74.5950009,-45.0325595],[-74.711289,-44.9615264],[-74.6480439,-44.8820254],[-74.5353445,-44.9621794]]],[[[-74.6484479,-43.6884072],[-74.764555,-43.7240373],[-74.8681826,-43.6601302],[-74.8999798,-43.5403351],[-74.7777529,-43.4679761],[-74.4909496,-43.6020656],[-74.516148,-43.6697525],[-74.6484479,-43.6884072]]],[[[-73.8034758,-38.4220755],[-73.9162216,-38.5006953],[-74.0217792,-38.3543288],[-74.0157762,-38.278406],[-73.9373567,-38.2546478],[-73.7929954,-38.3555871],[-73.8034758,-38.4220755]]],[[[-71.5940267,-29.5985636],[-71.579683,-29.5042422],[-71.4854969,-29.5430879],[-71.4998406,-29.6373731],[-71.5940267,-29.5985636]]],[[[-82.3950155,7.8314026],[-82.4763083,7.8190575],[-82.4851155,7.9068733],[-82.3991652,7.9102132],[-82.3950155,7.8314026]]],[[[-81.9759008,8.0227567],[-81.9806749,7.9012447],[-82.1118706,7.9472007],[-82.0538921,8.0792766],[-81.9759008,8.0227567]]],[[[-78.736331,8.1560031],[-78.8065186,8.1499634],[-78.8265158,8.2184842],[-78.9318198,8.172239],[-79.0139665,8.271762],[-79.0729028,8.1614802],[-79.1617936,8.1712538],[-79.1846255,8.4089245],[-79.1029137,8.5610235],[-79.1142784,8.694792],[-79.026674,8.7184277],[-78.9672211,8.5531127],[-78.7549842,8.4299049],[-78.7903464,8.2499104],[-78.7265366,8.2252624],[-78.736331,8.1560031]]],[[[-81.5013889,9.0537864],[-81.6007028,9.0439391],[-81.6217385,9.1330371],[-81.5157833,9.1452843],[-81.5013889,9.0537864]]],[[[-81.6890768,7.793472],[-81.7938823,7.7530408],[-81.8482954,7.8872867],[-81.7484761,7.9158762],[-81.6890768,7.793472]]],[[[-82.1889779,7.5059879],[-82.2000435,7.4240759],[-82.2860616,7.4301393],[-82.2895494,7.5159098],[-82.1889779,7.5059879]]],[[[-80.3795717,-3.1750534],[-80.4429357,-3.2284138],[-80.4932975,-3.1696541],[-80.4313485,-3.1159788],[-80.3795717,-3.1750534]]],[[[-81.0085501,-1.2486697],[-81.0286357,-1.3373839],[-81.1331958,-1.302267],[-81.0959209,-1.2119675],[-81.0085501,-1.2486697]]],[[[-78.8266544,-33.7195644],[-78.9214135,-33.7643022],[-79.0082155,-33.7249627],[-78.9205478,-33.5685315],[-78.7324544,-33.6220001],[-78.7282213,-33.7082372],[-78.8266544,-33.7195644]]],[[[-80.7020511,-33.8174917],[-80.8281307,-33.8529768],[-80.8743975,-33.7111599],[-80.7364681,-33.6835444],[-80.7020511,-33.8174917]]],[[[-80.0681409,-26.2422792],[-80.0377261,-26.343535],[-80.1472787,-26.3356457],[-80.1662414,-26.2438119],[-80.0681409,-26.2422792]]],[[[-79.8820769,-26.4000436],[-79.9626573,-26.3484165],[-79.8938856,-26.2863052],[-79.8149466,-26.3396573],[-79.8820769,-26.4000436]]],[[[-70.543482,-25.0078358],[-70.6192258,-24.9119046],[-70.6635731,-24.5064246],[-70.5789364,-24.1130892],[-70.5979797,-23.8640722],[-70.4627689,-23.5825721],[-70.4758391,-23.5380962],[-70.5731272,-23.5908178],[-70.6936485,-23.5277936],[-70.6751484,-23.2185181],[-70.5804681,-22.9821026],[-70.4844456,-22.9657955],[-70.4354242,-23.0260434],[-70.376206,-22.9502356],[-70.2970216,-22.0987242],[-70.1400245,-21.4804459],[-70.1400419,-21.2855271],[-70.24525,-21.0271217],[-70.2150244,-20.9219878],[-70.2838343,-20.8072684],[-70.2093447,-20.0059501],[-70.4246673,-18.8363927],[-70.3985895,-18.4286889],[-70.9568769,-17.9827723],[-71.4173539,-17.7469962],[-71.4209461,-17.5011851],[-71.5362287,-17.3212192],[-72.1450821,-17.0571504],[-72.4792597,-16.7502122],[-72.7571643,-16.694188],[-73.4392019,-16.3424132],[-73.7296583,-16.2891853],[-74.0913781,-15.9964312],[-75.1692106,-15.4510533],[-75.5635654,-14.9366221],[-75.9720002,-14.683367],[-76.0261523,-14.4955389],[-76.3210408,-14.2241425],[-76.3516956,-13.9748803],[-76.5212546,-13.8600904],[-76.4481104,-13.7683885],[-76.4293551,-13.5769798],[-76.3386689,-13.5981068],[-76.3505937,-13.6958434],[-76.2757473,-13.696395],[-76.2562091,-13.4134638],[-76.5385972,-13.0566165],[-76.5722525,-12.8764005],[-76.6695481,-12.8270162],[-76.7288022,-12.6489126],[-76.8530808,-12.5340001],[-76.8521875,-12.3928172],[-77.0761259,-12.2418433],[-77.1203457,-12.1220626],[-77.2154789,-12.1706834],[-77.2987137,-12.1009745],[-77.2929196,-12.0262823],[-77.1914999,-11.9636229],[-77.3200222,-11.7926844],[-77.2530036,-11.6871798],[-77.3539183,-11.5445543],[-77.6536133,-11.3562345],[-77.7252459,-11.436514],[-77.7983586,-11.409385],[-77.6581537,-11.1622101],[-77.7192307,-10.962165],[-78.2333485,-10.1392527],[-78.2895595,-9.8105753],[-78.7291066,-9.0577098],[-78.7353446,-8.9008584],[-78.8478084,-8.7771209],[-78.8082965,-8.6319371],[-78.9026815,-8.5376038],[-78.9429567,-8.6189032],[-79.0209309,-8.5885145],[-78.96324,-8.3814193],[-79.0455427,-8.2278131],[-79.4422481,-7.8174213],[-79.5428162,-7.84789],[-79.501027,-7.6637561],[-79.6265082,-7.4833381],[-79.6525828,-7.300363],[-80.0277232,-6.7840304],[-80.7623404,-6.3647935],[-80.7989705,-6.5057523],[-80.896242,-6.5122961],[-80.9154593,-6.3674675],[-80.8347591,-6.3248245],[-81.1307724,-6.117923],[-81.2016554,-5.9956907],[-81.1626721,-5.801906],[-81.0764126,-5.7333779],[-80.9479491,-5.7885897],[-80.9047082,-5.6741053],[-80.9620247,-5.5047252],[-81.2580294,-5.2260313],[-81.2119569,-5.04665],[-81.1225785,-5.0147691],[-81.3808699,-4.6858183],[-81.30246,-4.2562995],[-80.5395935,-3.4640863],[-80.4002784,-3.4400463],[-80.2973729,-3.2761583],[-80.1561356,-3.2819852],[-79.9908296,-3.1489348],[-79.872777,-2.8165119],[-80.100338,-3.064438],[-80.2735673,-3.0774456],[-80.3228911,-2.9999505],[-80.2965159,-2.7875958],[-80.6964651,-2.4591544],[-80.9353826,-2.3766932],[-81.0604114,-2.2133503],[-81.0390569,-2.1407783],[-80.9039032,-2.1602656],[-80.79181,-2.0566041],[-80.8168708,-1.7758619],[-80.9247379,-1.592514],[-80.8024457,-1.3511965],[-80.9287314,-1.1795868],[-80.9559714,-1.0219794],[-80.8507885,-0.9085225],[-80.5962728,-0.8617243],[-80.4916983,-0.5743923],[-80.5351002,-0.340302],[-80.1106304,0.0966876],[-80.0649069,0.5526769],[-80.1574116,0.6937935],[-80.1103295,0.8419988],[-79.7538952,1.0161375],[-79.1576691,1.1721694],[-78.9219924,1.4864617],[-79.03398,1.5708291],[-79.0420884,1.696664],[-78.8442072,1.8747433],[-78.6149868,1.848325],[-78.7219617,1.9600427],[-78.7651135,2.168697],[-78.5906277,2.5230507],[-78.351869,2.7064515],[-78.1416126,2.7377068],[-78.0671231,2.6884197],[-77.854093,2.7555608],[-77.5441174,3.3452258],[-77.2486939,3.6441448],[-77.2414454,3.7793063],[-77.3997298,3.864732],[-77.5818889,4.1562535],[-77.5696994,4.2929432],[-77.4199327,4.4173311],[-77.3783302,4.5928899],[-77.4673341,5.407619],[-77.5937071,5.4830121],[-77.5347982,5.643207],[-77.3725383,5.6797461],[-77.3122411,5.7553277],[-77.5355922,6.1897723],[-77.3952864,6.5354756],[-77.4532516,6.6054231],[-77.5548487,6.5961967],[-77.6436335,6.7935214],[-77.7354756,6.7760336],[-77.7322063,7.0001049],[-78.2688776,7.5204181],[-78.4987408,8.0530779],[-78.4462567,8.1535414],[-78.3027871,8.159651],[-78.3585411,8.2881568],[-78.4628905,8.3143791],[-78.6001047,8.5895901],[-78.7387102,8.5933589],[-78.7295753,8.7049334],[-79.0215996,8.9129544],[-79.4525055,8.9550385],[-79.4583065,8.7867831],[-79.548405,8.6885652],[-79.6848316,8.8074019],[-79.6439627,8.6490181],[-79.545485,8.6293761],[-79.5572322,8.5250952],[-79.631006,8.5298729],[-79.665176,8.6085736],[-80.085631,8.3048761],[-80.3856993,8.2356367],[-80.4130226,8.0727202],[-79.9548948,7.6626361],[-79.9453952,7.4661556],[-80.0190742,7.3973546],[-80.2900866,7.3621971],[-80.4227431,7.1901124],[-80.7099766,7.1570128],[-80.889687,7.1534336],[-80.9946223,7.2250895],[-80.9648409,7.3448613],[-81.0308227,7.5004708],[-81.2722757,7.4180274],[-81.2745774,7.5659556],[-81.5639807,7.6728127],[-81.6681827,7.5941577],[-81.5434663,7.2995511],[-81.7133913,7.2879202],[-81.7567935,7.1680176],[-81.8329089,7.1608325],[-81.8785306,7.2782908],[-81.831249,7.3461261],[-81.9433957,7.5271226],[-81.6425666,7.7592707],[-81.6992287,7.9537776],[-81.858079,8.0458344],[-81.8655715,8.1129959],[-82.0522301,8.1645625],[-82.1467925,8.0535775],[-82.3516824,8.0263185],[-82.4190664,8.0739645],[-82.3985464,8.1693002],[-82.6689342,8.2786902],[-82.8161359,8.2383085],[-82.8179765,8.000098],[-82.89715,7.9642418],[-82.8781142,8.6706346],[-82.5303694,9.6111657],[-81.7680741,9.1752313],[-81.499467,8.8597586],[-81.313543,8.8389082],[-80.8607717,8.9402465],[-80.6224144,9.1213744],[-80.1305132,9.270575],[-79.582523,9.6976393],[-79.2027628,9.599337],[-78.7623105,9.6538351],[-78.6373356,9.6335377],[-78.2758111,9.3848281],[-78.0784062,9.3474009],[-77.7333451,9.0996419],[-77.4813401,8.7360019],[-77.3232152,8.715435],[-77.0048149,8.3035172],[-76.8027537,8.1943024],[-76.8150056,8.3774146],[-76.9863495,8.5217447],[-76.9313807,8.6500471],[-76.6945161,8.7133806],[-76.3759229,8.9629141],[-76.3882053,9.0584364],[-76.3050483,9.0710241],[-76.1659329,9.2896066],[-76.2430558,9.3675708],[-76.2111781,9.4436956],[-76.137372,9.4391846],[-76.1199315,9.375381],[-75.9512267,9.4981496],[-75.6597495,9.4875803],[-75.6468625,9.6421688],[-75.7988481,9.7083357],[-75.843599,9.6403834],[-75.910376,9.6760283],[-75.9182353,9.8202312],[-75.8437941,9.8582481],[-75.7107793,9.7789992],[-75.6335302,9.9737899],[-75.6314953,10.098376],[-75.8089972,10.1060028],[-75.8494814,10.1826533],[-75.672431,10.2288599],[-75.5587375,10.5965687],[-75.3270547,10.748725],[-75.2988734,10.8403225],[-74.8646102,11.1601986],[-74.3319753,11.0333107],[-74.2762492,11.0828257],[-74.2488552,11.3472259],[-74.1182265,11.4009318],[-73.7903856,11.3150158],[-73.310842,11.3300981],[-72.7958493,11.7251722],[-72.2822829,11.9317887],[-72.1956039,12.1085728],[-72.2004817,12.2686058],[-72.0024056,12.302182],[-71.687722,12.50854],[-71.5138075,12.4885255],[-71.1825284,12.3317443],[-71.0638231,12.1053052],[-71.0810478,11.986202],[-71.2655061,11.8460004],[-71.9710803,11.6619249],[-72.2670829,11.1549016],[-72.4991398,11.1206057],[-72.9148986,10.4329044],[-72.9855403,9.8121671],[-73.3911486,9.1727746],[-73.2122448,9.1734464],[-73.0097249,9.2953769],[-72.9553096,9.1039932],[-72.7910302,9.1139409],[-72.6754301,8.6515144],[-72.3935351,8.3553826],[-72.3357609,8.1038992],[-72.4912036,7.9375011],[-72.4786979,7.4844538],[-72.4146191,7.4138122],[-72.206208,7.3818761],[-72.098256,7.086752],[-71.9938179,7.0128547],[-71.8481937,6.9838642],[-71.620404,7.0521288],[-71.292517,7.0257738],[-71.1840482,6.9625735],[-70.7033024,7.0999295],[-70.3190623,6.9382856],[-70.129203,6.9725471],[-69.4436377,6.1222372],[-69.3313964,6.1563695],[-69.2461045,6.0806636],[-69.0611287,6.2178386],[-68.6353149,6.1358798],[-67.9779907,6.2178386],[-67.8271989,6.3134142],[-67.4499609,6.1979432],[-67.4911987,6.1144858],[-67.422469,5.9782409],[-67.625144,5.7845059],[-67.6170308,5.5416009],[-67.8345886,5.3393135],[-67.7930924,5.0633355],[-67.8750512,4.5326443],[-67.7930924,4.4289814],[-67.7862194,4.1729764],[-67.6317586,3.7618645],[-67.4998287,3.7179137],[-67.3094527,3.3839289],[-67.8386193,2.8861299],[-67.8559309,2.7897533],[-67.7510278,2.8421015],[-67.6265909,2.8134211],[-67.5755863,2.691103],[-67.1897184,2.3943769],[-67.2172619,2.2660644],[-67.1146325,2.1029994],[-67.1326159,1.9908098],[-66.9808939,1.6659459],[-66.8958862,1.2652986],[-66.3103513,0.7449223],[-66.077528,0.7610276],[-65.7433248,1.0009173],[-65.5584777,0.9921532],[-65.4960787,0.8740444],[-65.6062424,0.7069158],[-65.5453992,0.6473964],[-65.3921914,0.7567365],[-65.4118359,0.8241179],[-65.33005,0.9345153],[-65.1974845,0.9132857],[-65.1061392,1.1557606],[-65.0136888,1.1088418],[-64.9616915,1.2154752],[-64.8004049,1.3153631],[-64.7431827,1.2270597],[-64.3938732,1.5290531],[-64.3477285,1.4950385],[-64.4101596,1.4030413],[-64.337579,1.3614684],[-64.3136001,1.4561433],[-64.0735102,1.6488267],[-64.0579534,1.9288627],[-63.9727074,1.9920829],[-63.6648059,2.0184704],[-63.5644806,2.1355415],[-63.4350479,2.1242412],[-63.3549249,2.3848249],[-63.4147275,2.4541571],[-63.4653998,2.4018581],[-64.060657,2.5007839],[-63.9819181,2.7258336],[-64.2303658,3.1372594],[-64.1173267,3.2783154],[-64.1178632,3.4690326],[-64.2431116,3.6594222],[-64.7723544,4.0531774],[-64.8272109,4.2342454],[-64.7348678,4.2781551],[-64.566586,4.1010246],[-64.2961121,4.1626407],[-64.1369176,4.1079163],[-63.9662004,3.8714694],[-63.8474536,3.9518017],[-63.6818004,3.9084842],[-63.6791182,4.0200326],[-63.5881698,3.9043525],[-63.498981,3.8407473],[-63.4165406,3.9024258],[-63.4331918,3.9732188],[-63.309896,3.981535],[-63.2087875,3.9456473],[-63.2288504,3.8320551],[-63.093431,3.78355],[-62.9927087,3.6121069],[-62.8398228,3.7355562],[-62.7531338,3.6755789],[-62.7478981,4.0353263],[-62.556442,4.0165543],[-62.5526548,4.1091148],[-62.437352,4.1836349],[-62.1449268,4.0748808],[-61.9850779,4.1799112],[-61.9329572,4.1176544],[-61.8165171,4.1636893],[-61.724056,4.2688149],[-61.5577698,4.2524558],[-61.5137708,4.4065743],[-61.2775111,4.4675668],[-61.3235378,4.5339446],[-61.1455652,4.4801521],[-60.9978426,4.5161689],[-60.9031499,4.7152704],[-60.6583071,4.8483367],[-60.5828834,4.9572208],[-60.7319719,5.2120342],[-60.4432154,5.1789095],[-60.2193261,5.2689139],[-60.1341927,5.2458691],[-59.9703392,5.0634393],[-60.0252349,4.706496],[-60.1562307,4.5128618],[-59.7950268,4.4655405],[-59.6562769,4.3741401],[-59.4944007,4.520298],[-59.4765479,4.1724858],[-59.1112525,4.1827581],[-58.9450843,3.9950962],[-58.5722358,4.2834196],[-58.4639174,4.2555165],[-58.381349,4.135505],[-58.3264174,3.8012259],[-58.1575026,3.5051981],[-58.1382765,3.2488388],[-57.9570021,2.8799524],[-58.0503859,2.7043799],[-58.0531325,2.4656706],[-58.5159309,1.4829894],[-58.4484441,1.4560207],[-58.3717536,1.4815726],[-58.3223661,1.5970146],[-58.004228,1.5030255],[-57.990093,1.6584388],[-57.7743072,1.7297274],[-57.5532281,1.6924397],[-57.3456176,1.9802709],[-57.2292284,1.937587],[-57.111626,2.029516],[-57.0007036,1.9072931],[-56.9197084,1.9303603],[-56.7979303,1.8533579],[-56.7209559,1.9258145],[-56.4512584,1.9561437],[-55.9563774,1.8450942],[-55.9031025,2.0410776],[-56.1388732,2.265745],[-56.0901225,2.372277],[-56.0218137,2.3424689],[-55.9705159,2.5293131],[-55.710278,2.399167],[-55.3853272,2.4183602],[-55.3201845,2.5153677],[-54.954239,2.5835952],[-54.8767626,2.4344555],[-54.6963143,2.4622821],[-54.7060454,2.3624745],[-54.5367447,2.3253836],[-54.4769205,2.2124265],[-54.3640124,2.2267594],[-54.2674622,2.1434943],[-54.1875726,2.1795058],[-54.1064357,2.1110277],[-54.0651131,2.1964715],[-53.9433902,2.215505],[-53.9376724,2.2828917],[-53.7659955,2.3753917],[-53.7349141,2.3017674],[-53.4699226,2.251907],[-53.3401358,2.3519798],[-53.2255883,2.262282],[-53.2812914,2.1865475],[-52.9033488,2.1861939],[-52.5519097,2.520088],[-52.5553437,2.640249],[-52.3770612,2.9173531],[-52.3314803,3.1707218],[-52.1896224,3.2987446],[-51.7778274,3.9740558],[-51.6586669,4.0527618],[-51.6112053,4.451007],[-51.5253743,4.5150119],[-51.241449,4.2853533],[-51.1209422,3.9607012],[-51.0369825,3.9207828],[-51.0565825,3.4306343],[-50.6280425,2.168468],[-50.4331003,2.2300369],[-50.2693128,1.9877937],[-50.3112762,1.8719693],[-50.202681,1.9111212],[-49.864192,1.6954342],[-49.8464954,0.9934963],[-50.0777502,0.7203687],[-50.3101489,0.6896882],[-49.9982551,0.6399334],[-49.9883495,0.5104174],[-50.1250085,0.3793059],[-49.9541538,0.4091609],[-49.8845188,0.346261],[-49.5882999,0.4343585],[-49.4714636,0.3866901],[-49.4557016,0.3032872],[-49.5529087,0.2367633],[-49.564247,0.1371553],[-49.3342689,0.0710608],[-49.305968,-0.034497],[-49.3873636,-0.1303789],[-49.2013751,-0.0778749],[-48.876523,-0.1053128],[-48.7984259,-13.1968835],[-48.9053838,-20.9921973],[-48.9177203,-28.7101055],[-49.3838376,-29.044271],[-49.8499864,-29.6037366],[-50.2493124,-30.4835004],[-50.7194567,-31.1483475],[-51.2813907,-31.6631261],[-51.8372751,-31.9914732],[-52.2005532,-32.3092472],[-52.624898,-33.2084061],[-53.3848255,-33.8258856],[-53.492896,-34.0724553],[-53.7154541,-34.2721379],[-53.7367511,-34.4228723],[-54.0519909,-34.5959772],[-54.1174397,-34.7066035],[-54.864452,-34.9743158],[-54.8229236,-35.0334655],[-54.8739288,-35.080134],[-55.1025971,-34.9311947],[-55.2624073,-34.9496947],[-55.3674726,-34.853177],[-55.6934731,-34.8152379],[-55.934481,-34.88934],[-55.8619829,-34.9298512],[-55.9146127,-34.992765],[-55.9855441,-34.9193829],[-56.1764665,-34.9791773],[-56.3669555,-34.9339505],[-56.4820924,-34.8001641],[-56.9277416,-34.6926391],[-57.1611039,-34.4950819],[-57.9084782,-34.523691],[-57.9617285,-34.3843992],[-58.1490492,-34.2177527],[-58.1978987,-34.3130526],[-58.3760314,-34.3235385],[-58.4234813,-34.4594887],[-58.2649337,-34.6172762],[-57.4761511,-34.97704],[-57.144679,-35.2762332],[-57.0656986,-35.4582711],[-57.293295,-35.754581],[-57.2971422,-35.9838685],[-57.0699022,-36.2335881],[-56.9670484,-36.2774533],[-56.7482712,-36.2387217],[-56.634655,-36.4003474],[-56.6092697,-36.9136512],[-57.0669603,-37.5196402],[-57.42725,-37.8481315],[-57.47374,-38.1113165],[-57.5898057,-38.2156579],[-58.424945,-38.5687182],[-59.8331934,-38.8893968],[-61.1458167,-39.0551499],[-61.9120914,-39.0155153],[-61.8114588,-39.1667694],[-61.8957806,-39.2322148],[-62.0352997,-39.6103311],[-62.0126456,-40.0070728],[-62.0748912,-40.0690113],[-61.9254435,-40.0995781],[-61.9080766,-40.4375836],[-62.1624024,-40.705949],[-62.2652125,-40.9103878],[-62.6733974,-41.0815506],[-63.137498,-41.1985768],[-63.8026798,-41.200584],[-64.5597997,-40.9080737],[-64.9108064,-40.8674602],[-64.9839419,-40.8066107],[-65.052163,-40.8475406],[-65.0913694,-41.1429929],[-64.9239579,-41.5295269],[-64.9929408,-42.0358462],[-64.8417317,-42.1378902],[-64.4262257,-42.202573],[-63.8764294,-42.0286681],[-63.733574,-42.0354912],[-63.530014,-42.3146063],[-63.5779486,-42.7678554],[-63.6679526,-42.8421603],[-64.1474346,-42.9201089],[-64.3253618,-42.7898112],[-64.3128394,-42.6591469],[-64.4453372,-42.5546943],[-64.6581007,-42.5518418],[-64.9313282,-42.6737788],[-64.9752075,-42.7393764],[-64.6258164,-42.8668043],[-64.3036881,-42.8865677],[-64.2496899,-42.9947897],[-64.9540801,-43.3034505],[-64.9958089,-43.4281937],[-65.2684941,-43.6776599],[-65.2478493,-43.8824785],[-65.1381231,-44.0421521],[-65.1562468,-44.1462793],[-65.2426845,-44.2011912],[-65.150239,-44.3723926],[-65.3107294,-44.6120091],[-65.5852014,-44.6958266],[-65.656063,-44.8341104],[-65.4728451,-44.8909662],[-65.4278718,-45.023179],[-65.5476868,-45.107408],[-65.8804993,-45.0892585],[-65.899203,-45.1465903],[-66.0604515,-45.1742438],[-66.1664735,-45.1200367],[-66.0622595,-45.0528045],[-66.1559128,-45.0366766],[-66.319517,-45.1158155],[-66.296437,-45.1675633],[-66.3765635,-45.229325],[-66.9146657,-45.3031591],[-67.2845386,-45.6423104],[-67.3188001,-45.8114816],[-67.528427,-46.0114171],[-67.5699224,-46.1940343],[-67.3717441,-46.5450244],[-67.0943885,-46.6692467],[-66.745891,-46.968645],[-65.9438187,-47.0295198],[-65.6885035,-47.1746274],[-65.6403309,-47.3478696],[-65.6742282,-47.5237259],[-65.8148897,-47.7769662],[-65.7848809,-47.8583421],[-65.6488566,-47.9118049],[-65.8383163,-48.0055333],[-65.8671154,-48.1489041],[-66.064703,-48.1469483],[-66.2822827,-48.3062213],[-66.294701,-48.400212],[-66.687079,-48.4943374],[-67.4981444,-49.0402102],[-67.5633123,-49.1438371],[-67.5308302,-49.2972682],[-67.6644041,-49.7896961],[-67.8217687,-50.0074997],[-68.7933734,-50.3438675],[-68.9822821,-50.5203323],[-69.115785,-50.9445299],[-68.9001905,-51.592771],[-68.6693855,-51.9493965],[-68.2837689,-52.3381405],[-68.4359756,-52.4325357],[-68.5079568,-52.3780007],[-68.9926437,-52.333327],[-69.1901169,-52.2355348],[-69.4230166,-52.3012632],[-69.4428485,-52.4110957],[-69.1195524,-52.6533613],[-68.8572448,-52.5844705],[-68.7986901,-52.5050858],[-68.7054818,-52.5226457],[-68.2194576,-52.9431898],[-68.1401769,-53.137187],[-68.250086,-53.1849664],[-68.3314716,-53.062436],[-68.5007882,-53.2217942],[-68.0689538,-53.3145021],[-67.8869134,-53.6079874],[-67.4913775,-53.8175026],[-67.4965527,-53.894534],[-67.2409473,-54.0343082],[-66.6481473,-54.2528517],[-66.4217768,-54.4429257],[-65.8346742,-54.6035137],[-65.2236997,-54.5811661],[-65.0496398,-54.6632399],[-65.3408064,-54.9721363],[-65.6674895,-55.0105879],[-65.8832141,-54.9494825],[-66.4341993,-55.0907171],[-66.7481339,-55.039936],[-66.805072,-55.1538702],[-66.9851813,-55.1039225],[-66.9985167,-55.1879648],[-66.8154729,-55.1948619],[-66.7722695,-55.2676242],[-66.5568605,-55.1359074],[-66.3544491,-55.2019156],[-66.47208,-55.3027089],[-66.8588,-55.3830237],[-67.047175,-55.3795008],[-67.1260337,-55.2780132],[-67.2274347,-55.3563073],[-67.4539333,-55.3396498],[-67.5268551,-55.2943792],[-67.5184204,-55.2200373],[-67.6058794,-55.314279],[-68.1090111,-55.2675621],[-68.2502817,-55.3301119],[-68.0211963,-55.3706483],[-67.9058637,-55.5433202],[-67.9381656,-55.6926175],[-68.080477,-55.7459072],[-68.3301057,-55.6450097],[-68.362428,-55.5744075],[-68.586416,-55.6306514],[-68.7529635,-55.5815514],[-68.8928271,-55.6755984],[-69.1560812,-55.6809914],[-69.2393649,-55.5729082],[-69.6552901,-55.5689992],[-69.8329981,-55.5032618],[-69.8526065,-55.4215783],[-70.0581842,-55.4536234],[-70.2863865,-55.2850309],[-70.0736714,-55.1137848],[-70.1829865,-55.0816679],[-70.3728087,-55.2400837],[-70.5600652,-55.2798765],[-70.7642826,-55.2312539],[-70.7993367,-55.1555858],[-71.0029021,-55.1793119],[-71.1034333,-55.0595098],[-71.3163157,-55.0581155],[-71.5502897,-54.9428415],[-71.5450709,-54.8433791],[-71.4494147,-54.7474887],[-71.7996508,-54.8022699],[-72.0819401,-54.7431764],[-72.1631196,-54.6454034],[-72.121482,-54.5189404],[-72.466991,-54.4847671],[-72.6065805,-54.3774422],[-72.8561794,-54.3095535],[-72.7089897,-54.2051976],[-73.0207544,-54.2635443],[-73.1995301,-54.1744295],[-73.354996,-54.2037692],[-73.5581417,-54.0889835],[-73.4159518,-53.9632116],[-73.4598097,-53.8204707],[-73.7640977,-53.7473351],[-73.7978516,-53.6454342],[-74.001083,-53.5706562],[-73.9235416,-53.5041227],[-73.9393001,-53.3214328],[-73.8490219,-53.2796973],[-73.9870155,-53.232941],[-74.1263087,-53.3993926],[-74.2670518,-53.3848182],[-74.3727019,-53.3092922],[-74.3334628,-53.2407239],[-74.4140605,-53.1101022],[-74.6306969,-52.9862694],[-74.7880137,-52.7290948],[-74.6626851,-52.6741798],[-74.2604203,-52.8955278],[-73.5446308,-53.0512169],[-73.8715552,-52.9272462],[-73.884441,-52.8703588],[-73.7913802,-52.8270913],[-73.8486422,-52.7829639],[-74.4088341,-52.6649174],[-74.6543738,-52.4390269],[-74.9664971,-52.3016803],[-74.9592537,-52.1808658],[-75.1112643,-52.137101],[-75.1043396,-51.9616726],[-75.210693,-51.8930553],[-75.1425724,-51.7268286],[-74.9418054,-51.5922484],[-75.0702819,-51.5611288],[-75.142664,-51.6434286],[-75.2949578,-51.6733124],[-75.4009967,-51.6256923],[-75.3821478,-51.5127377],[-75.2851826,-51.459349],[-75.2672296,-51.2818102],[-75.1215548,-51.1964701],[-75.1732055,-51.1312691],[-75.0492255,-51.0819966],[-75.1105228,-50.9520383],[-74.9955093,-50.8765197],[-75.1793584,-50.7768808],[-75.362335,-50.8377057],[-75.5621808,-50.6764656],[-75.5031855,-50.5625459],[-75.5491609,-50.399231],[-75.4411183,-50.1156108],[-75.4672172,-49.9965544],[-75.2530225,-49.9444701],[-75.4571982,-49.8139586],[-75.5536106,-49.8827958],[-75.6843634,-49.8705957],[-75.6924356,-49.6214081],[-75.5687458,-49.5178667],[-75.6148285,-49.3849232],[-75.5275715,-49.3028621],[-75.708754,-49.2429159],[-75.7643902,-49.1587144],[-75.7298876,-48.888417],[-75.6304266,-48.7821981],[-75.6730338,-48.4592136],[-75.5313618,-48.2390443],[-75.5895977,-48.0862221],[-75.2879867,-47.8928458],[-75.2808817,-47.8201238],[-75.4097534,-47.8001793],[-75.4037503,-47.6999956],[-75.1424922,-47.6032985],[-74.8806483,-47.6379349],[-74.7710415,-47.7204716],[-74.7124456,-47.6403998],[-74.7888961,-47.6174033],[-74.7903553,-47.5541491],[-74.6678188,-47.568309],[-74.4065295,-47.2318826],[-74.5114993,-47.1808736],[-74.5038058,-47.0470904],[-74.1740922,-46.9545332],[-74.2394931,-46.8671402],[-74.6072238,-46.977919],[-74.7298657,-46.8640206],[-75.0480336,-46.7411696],[-75.1761065,-46.817643],[-75.2242984,-46.9380284],[-75.455693,-47.0124328],[-75.5684656,-46.9750303],[-75.7114254,-46.8021774],[-75.6604509,-46.5813457],[-75.2374672,-46.3291152],[-75.0938751,-46.1677624],[-75.1521704,-45.8891309],[-75.0197272,-45.7460453],[-74.9118325,-45.7558311],[-74.9888505,-45.5918135],[-74.82266,-45.5004687],[-74.68007,-45.5779508],[-74.534178,-45.4152873],[-74.6640437,-45.3586354],[-74.7137087,-45.2357601],[-74.4926572,-45.0919628],[-74.5259482,-44.8473172],[-74.6290408,-44.7305877],[-74.8520918,-44.6877362],[-74.8836711,-44.544069],[-74.766396,-44.490715],[-74.550593,-44.5607217],[-74.6283221,-44.4605],[-74.4457766,-44.2944847],[-74.4051357,-44.0463035],[-74.2396979,-43.9366645],[-74.1546247,-43.7598741],[-73.8527003,-43.7177692],[-73.5461719,-43.86102],[-73.5229034,-43.9873826],[-73.4665641,-43.9330125],[-73.3866148,-43.9733289],[-73.4385107,-44.0673804],[-73.3741608,-44.1648552],[-73.4461746,-44.2128759],[-73.3947602,-44.3114546],[-73.5062032,-44.4097834],[-73.4624893,-44.4975876],[-73.5106622,-44.6138316],[-73.3334291,-44.4600043],[-73.3855803,-44.3620474],[-73.3027036,-44.2471843],[-73.3505614,-44.1589518],[-73.3200085,-43.8907168],[-73.1149094,-43.8048276],[-73.0792183,-43.6038414],[-73.164824,-43.4730718],[-73.1388258,-43.3287865],[-72.9578852,-43.20965],[-72.9767775,-43.1106206],[-72.8738246,-42.9826803],[-72.9065422,-42.8321874],[-73.1412227,-42.7840618],[-73.1609591,-42.6690419],[-73.4048442,-42.6765259],[-73.4872966,-42.7224406],[-73.2505646,-43.0231097],[-73.3565057,-43.0617098],[-73.6441082,-43.4338681],[-73.8310169,-43.4755925],[-74.0203437,-43.4325614],[-74.2303448,-43.5207383],[-74.4742569,-43.2644247],[-74.4021618,-43.0626164],[-74.2273512,-42.8527459],[-74.1888742,-42.6424483],[-74.2672331,-42.5023708],[-74.2312788,-42.1777673],[-74.102379,-42.0559306],[-74.1254437,-41.8053568],[-73.752395,-41.6285738],[-73.8357365,-41.6105719],[-73.9100438,-41.4860669],[-74.0197216,-41.0119018],[-73.7935789,-40.5365982],[-73.8358336,-40.3421882],[-73.7232251,-40.113761],[-73.7747842,-39.9720614],[-73.4673777,-39.794321],[-73.4703254,-39.6866754],[-73.2793774,-39.3570566],[-73.571988,-38.5895478],[-73.5970424,-38.3796145],[-73.5179681,-38.0979254],[-73.7309504,-37.7324273],[-73.7462869,-37.5974237],[-73.6719327,-37.4410399],[-73.7533371,-37.3679908],[-73.727026,-37.2055968],[-73.5988407,-37.0755611],[-73.619429,-36.9489887],[-73.5653846,-36.8972653],[-73.3928221,-37.0212149],[-73.4835946,-37.1510215],[-73.3632524,-37.1888346],[-73.2375924,-37.1149426],[-73.2204816,-36.8512194],[-73.2902529,-36.7548017],[-73.1820183,-36.5750455],[-73.0628076,-36.5467716],[-72.9355353,-36.3884565],[-72.8446034,-35.951526],[-72.6293294,-35.768705],[-72.6850044,-35.5371278],[-72.554734,-35.4424141],[-72.4373399,-35.1791794],[-72.2562975,-35.0813962],[-72.2542626,-34.87532],[-72.1241767,-34.7042362],[-72.1133798,-34.4135675],[-72.0403772,-34.3244358],[-72.0758099,-34.1137094],[-71.8506175,-33.7396827],[-71.7278729,-33.6826853],[-71.6929779,-33.5940175],[-71.7728975,-33.4409054],[-71.7315396,-33.3145037],[-71.8124218,-33.093514],[-71.6157072,-32.9647553],[-71.6194999,-32.776968],[-71.5165919,-32.6551879],[-71.497169,-32.4001826],[-71.6178879,-32.2029205],[-71.5998671,-31.781553],[-71.792165,-30.6120597],[-71.6943508,-30.1965464],[-71.5611415,-30.2168109],[-71.4535157,-30.1124935],[-71.4763491,-29.9787062],[-71.3527291,-29.8734891],[-71.4056739,-29.765332],[-71.4048734,-29.3633595],[-71.6021124,-29.3156811],[-71.5514292,-29.1126166],[-71.6580843,-29.0253854],[-71.5515886,-28.8198451],[-71.3539632,-28.6457738],[-71.3812414,-28.5545136],[-71.2531542,-28.3428709],[-71.1922278,-27.8786684],[-71.0972577,-27.6282884],[-70.9879147,-27.6012522],[-71.046522,-27.1601997],[-70.8817469,-26.9869924],[-70.893199,-26.8506875],[-70.7755299,-26.5851121],[-70.7017802,-26.0082797],[-70.8005476,-25.7725822],[-70.7094857,-25.4895457],[-70.5383396,-25.3185985],[-70.543482,-25.0078358]]]]}},{"type":"Feature","properties":{"name":"Company of the American Islands","historical_entity":"Company of the American Islands","ohm_relation_id":2861781,"start_date":"1649","end_date":"1651","admin_level":"2","boundary":"administrative","source":"https://fr.wikipedia.org/wiki/Compagnie_des_%C3%AEles_d%27Am%C3%A9rique","_historical_overlay":true},"geometry":{"type":"MultiPolygon","coordinates":[[[[-62.7379786,17.9227021],[-62.8103708,17.8206949],[-62.9485704,17.9202696],[-62.9070406,18.0103201],[-62.7379786,17.9227021]]],[[[-61.2466737,16.0471168],[-61.1490278,15.903548],[-61.3061234,15.8270883],[-61.3911042,15.9524254],[-61.2466737,16.0471168]]],[[[-61.7669767,11.9396398],[-61.8511398,12.0198458],[-61.7588134,12.2257218],[-61.5896061,12.3811598],[-61.4994184,12.3411974],[-61.50095,12.1932276],[-61.6329065,11.9848904],[-61.7669767,11.9396398]]],[[[-61.1447528,14.5857435],[-61.2768697,14.7923946],[-61.2271724,14.9104376],[-61.0953144,14.9164221],[-60.9304489,14.8156249],[-60.8560207,14.8504157],[-60.8239177,14.7453354],[-60.7595599,14.4538333],[-60.8347103,14.3480643],[-61.101266,14.4218529],[-61.1447528,14.5857435]]],[[[-63.1815518,18.1066711],[-62.9357816,18.1609402],[-62.9461224,18.0156905],[-63.0321867,18.0555368],[-63.1708624,18.0141612],[-63.1815518,18.1066711]]],[[[-61.6739127,15.9026967],[-61.8199261,16.0438742],[-61.8615999,16.2758271],[-61.7932661,16.4262561],[-61.5812325,16.402428],[-61.5759321,16.4801453],[-61.4585416,16.5659647],[-61.3483441,16.3880389],[-61.1492555,16.2905195],[-61.1046047,16.3611666],[-61.0032957,16.4026759],[-60.951817,16.3374292],[-61.1196515,16.2489218],[-61.0771424,16.128894],[-61.255427,16.208308],[-61.5109946,16.1525751],[-61.5068136,16.043344],[-61.5972479,15.9330882],[-61.5260033,15.9012645],[-61.5437287,15.8094935],[-61.6799299,15.8071532],[-61.6739127,15.9026967]]],[[[-61.332174,12.4960327],[-61.4623043,12.3576226],[-61.5376622,12.3815704],[-61.560345,12.4908844],[-61.4943704,12.5515208],[-61.332174,12.4960327]]]]}},{"type":"Feature","properties":{"name":"Knights Hospitaller","historical_entity":"Knights Hospitaller","ohm_relation_id":2861790,"start_date":"1530","end_date":"1651","admin_level":"2","boundary":"administrative","source":null,"_historical_overlay":true},"geometry":{"type":"MultiPolygon","coordinates":[[[[14.4608598,35.9950951],[14.6235687,35.8857024],[14.6045142,35.7935285],[14.5051026,35.7642411],[14.3121876,35.8382777],[14.2669828,35.9688517],[14.1388781,36.016801],[14.1389585,36.0958979],[14.2652224,36.1216927],[14.4608598,35.9950951]]]]}},{"type":"Feature","properties":{"name":"Kingdom of Rwanda","historical_entity":"Kingdom of Rwanda","ohm_relation_id":2863642,"start_date":"1650","end_date":"1890-07-01","admin_level":"2","boundary":"administrative","source":null,"_historical_overlay":true},"geometry":{"type":"MultiPolygon","coordinates":[[[[29.0402978,-2.7434725],[28.9036553,-2.6591089],[28.85971,-2.4299956],[28.9942925,-2.322285],[28.9599596,-2.1404613],[29.0780626,-1.8179308],[28.8294969,-1.6683114],[28.9846788,-1.3676666],[29.0808092,-1.3072582],[29.0725694,-1.1672152],[29.5532213,-0.336453],[29.9816881,-0.7305696],[30.3785692,-0.7360624],[30.6202684,-0.8376763],[30.4568475,-1.0841479],[30.471267,-1.1521128],[30.5584662,-1.3347126],[30.7397454,-1.4479805],[30.8406775,-1.6545801],[30.8111517,-1.9332213],[30.897669,-2.07527],[30.8242028,-2.3572747],[30.5673974,-2.4155889],[30.461311,-2.3178258],[30.3593441,-2.3583041],[30.2271649,-2.3504144],[30.1238247,-2.4378852],[29.9610899,-2.3276026],[29.9171444,-2.7098653],[29.7365567,-2.8151428],[29.3729779,-2.8394891],[29.3218228,-2.6471058],[29.1494748,-2.5918886],[29.0605542,-2.6069793],[29.0402978,-2.7434725]]]]}},{"type":"Feature","properties":{"name":"Portuguese East Indies","historical_entity":"Portuguese East Indies","ohm_relation_id":2864418,"start_date":"1646","end_date":"1653","admin_level":"2","boundary":"administrative","source":null,"_historical_overlay":true},"geometry":{"type":"MultiPolygon","coordinates":[[[[121.6681446,-10.6485375],[121.5176949,-10.6883632],[121.4654382,-10.6261713],[121.872215,-10.3750977],[122.0425808,-10.4110058],[122.0262043,-10.5804108],[121.8682342,-10.6718683],[121.6681446,-10.6485375]]],[[[121.7549454,-8.3917267],[121.6325135,-8.3672481],[121.6648398,-8.2571482],[121.7778252,-8.2738496],[121.7549454,-8.3917267]]],[[[125.6240213,-8.0765119],[125.6914135,-8.1802075],[125.6242405,-8.334754],[125.5422995,-8.3502448],[125.4512593,-8.2553813],[125.6240213,-8.0765119]]],[[[122.8950057,-8.659808],[122.6883058,-8.6737365],[122.388788,-8.7983021],[122.1217343,-8.7815219],[121.6415187,-8.9539056],[121.4885972,-8.946035],[121.4213912,-8.842324],[121.3613276,-8.9488362],[121.025941,-9.0034165],[120.8231626,-8.8969133],[120.7550593,-8.938644],[120.3758015,-8.8711919],[120.2597281,-8.9627484],[120.1447182,-8.8340633],[119.912202,-8.9149025],[119.8373228,-8.8535856],[119.6170868,-8.8533629],[119.5534641,-8.7444847],[119.4389586,-8.8115335],[119.3205781,-8.7800623],[119.3287908,-8.5590274],[119.2212289,-8.4783105],[119.2358313,-8.3566864],[119.3417291,-8.3523048],[119.3831161,-8.4126498],[119.5700976,-8.3616464],[119.6638143,-8.4692248],[119.7684792,-8.4412911],[119.7748411,-8.3395746],[119.8920754,-8.3315836],[119.9307481,-8.3941057],[120.0021208,-8.3056039],[120.4315779,-8.1928178],[121.1173943,-8.3414348],[121.4222451,-8.5255633],[121.521029,-8.5170502],[121.5883765,-8.4203363],[121.7990327,-8.4523264],[122.0251986,-8.3905175],[122.2889677,-8.5862367],[122.4553902,-8.5424873],[122.3078199,-8.51657],[122.2479063,-8.3186313],[122.3588494,-8.3006698],[122.4530601,-8.398714],[122.7349431,-8.3062836],[122.6851756,-8.1945058],[122.745381,-8.0712447],[122.8714892,-8.0116281],[123.0725207,-8.1486714],[123.0242156,-8.3176644],[122.8603981,-8.4874543],[122.8950057,-8.659808]]],[[[124.9880788,-9.713667],[124.430031,-10.2086023],[124.1555837,-10.2098813],[123.8048265,-10.4052992],[123.4014814,-10.3872199],[123.4933073,-10.4880556],[123.4451437,-10.7113876],[123.2935995,-10.7753784],[123.2462823,-10.8704025],[123.1395378,-10.8690368],[122.8443901,-11.0445589],[122.7716506,-10.8723089],[122.6547907,-10.8771958],[122.5976198,-10.7810214],[123.0200049,-10.676091],[123.3702638,-10.3828173],[123.2464572,-10.3643229],[123.2233809,-10.290489],[123.3655133,-10.0956832],[123.5019723,-10.0919369],[123.5345688,-9.9048117],[123.6174875,-9.8416636],[123.6300217,-9.6020586],[123.9331312,-9.3321965],[123.9717665,-9.2132499],[124.0340478,-9.2879829],[124.2889441,-9.1492401],[124.5796367,-9.1124191],[124.9310186,-8.911058],[125.0803991,-8.6179445],[125.216549,-8.5525209],[125.8481311,-8.4242161],[126.2213088,-8.4466901],[126.4007135,-8.3666295],[126.561297,-8.4231494],[126.976486,-8.2728884],[127.2132154,-8.2886093],[127.3839647,-8.3975889],[127.3751243,-8.4783049],[127.0426026,-8.723224],[126.610781,-8.8509862],[126.4928246,-8.9897743],[126.2017723,-9.0240473],[125.9643579,-9.1749436],[125.3968794,-9.3145707],[125.0755372,-9.5312784],[124.9880788,-9.713667]]]]}},{"type":"Feature","properties":{"name":"Sultanate of Maore","historical_entity":"Sultanate of Maore","ohm_relation_id":2865810,"start_date":"1503","end_date":"1832","admin_level":"2","boundary":"administrative","source":null,"_historical_overlay":true},"geometry":{"type":"MultiPolygon","coordinates":[[[[45.020493,-12.9214387],[45.0412622,-12.8078978],[44.9228692,-12.6985298],[44.9911875,-12.5928681],[45.1329086,-12.6057626],[45.2615096,-12.700238],[45.3508754,-12.7803483],[45.26081,-13.0573367],[45.0957629,-13.0535203],[45.020493,-12.9214387]]],[[[45.5204769,-12.8493111],[45.463116,-12.8994955],[45.4119864,-12.843955],[45.4686095,-12.7937231],[45.5204769,-12.8493111]]]]}},{"type":"Feature","properties":{"name":"Sultanate of Ndzuwani","historical_entity":"Sultanate of Ndzuwani","ohm_relation_id":2865813,"start_date":"1490","end_date":"1830","admin_level":"2","boundary":"administrative","source":null,"_historical_overlay":true},"geometry":{"type":"MultiPolygon","coordinates":[[[[44.3529035,-12.3017175],[44.1779235,-12.2210586],[44.1578154,-12.1307818],[44.3428677,-12.1337345],[44.4230037,-12.0273492],[44.5179812,-12.0371679],[44.5743921,-12.4063827],[44.4832755,-12.431676],[44.3529035,-12.3017175]]],[[[43.7696779,-12.4457765],[43.6668513,-12.4754629],[43.5870008,-12.4182528],[43.5759668,-12.2403566],[43.7039135,-12.2076142],[43.9792822,-12.3620453],[43.9461058,-12.429991],[43.7696779,-12.4457765]]]]}},{"type":"Feature","properties":{"name":"Isle Bourbon","historical_entity":"Isle Bourbon","ohm_relation_id":2865904,"start_date":"1642","end_date":"1735","admin_level":"2","boundary":"administrative","source":null,"_historical_overlay":true},"geometry":{"type":"MultiPolygon","coordinates":[[[[55.813849,-21.0718794],[55.8913775,-21.1891272],[55.865608,-21.3664926],[55.7908269,-21.4132505],[55.4624012,-21.3996868],[55.2236617,-21.2103785],[55.1620629,-21.0162339],[55.2473245,-20.8843797],[55.4003973,-20.8213145],[55.6847209,-20.8715215],[55.813849,-21.0718794]]]]}},{"type":"Feature","properties":{"name":"Sultanate of Banjar","historical_entity":"Sultanate of Banjar","ohm_relation_id":2871333,"start_date":"1633","end_date":"1801","admin_level":"2","boundary":"administrative","source":"https://en.wikipedia.org/wiki/Sultanate_of_Banjar","_historical_overlay":true},"geometry":{"type":"MultiPolygon","coordinates":[[[[116.6554491,-3.6825099],[116.5744863,-3.7013455],[116.5585342,-3.6316739],[116.6234393,-3.6041318],[116.6554491,-3.6825099]]],[[[116.2118923,-4.4306489],[116.1428504,-4.4450101],[116.128446,-4.3761727],[116.1974879,-4.3618101],[116.2118923,-4.4306489]]],[[[116.1661955,-4.2528438],[116.0941734,-4.2677038],[116.079769,-4.1988503],[116.1517911,-4.183989],[116.1661955,-4.2528438]]],[[[115.8705051,-4.3377472],[115.8559909,-4.4307821],[115.7490443,-4.3898976],[115.79829,-4.2815453],[115.8705051,-4.3377472]]],[[[115.7606201,-4.753432],[115.6660533,-4.7524329],[115.6909655,-4.6635153],[115.7894438,-4.6570609],[115.7606201,-4.753432]]],[[[115.8091625,-4.8745057],[115.7181847,-4.8294358],[115.8281591,-4.7086932],[115.9271699,-4.754895],[115.8091625,-4.8745057]]],[[[115.6964625,-4.9652643],[115.5970454,-4.9679484],[115.6196482,-4.8726629],[115.7180327,-4.8633704],[115.6964625,-4.9652643]]],[[[116.4501394,-1.7011257],[116.5109111,-2.0640968],[116.6442235,-2.2028676],[116.571067,-2.5524903],[116.4292954,-2.6467856],[116.4066579,-2.8963167],[116.3131114,-3.0259294],[116.3010482,-3.3704862],[116.418853,-3.3113437],[116.4808078,-3.4088855],[116.2504643,-4.1346133],[116.1427557,-4.0858352],[115.9988267,-4.1233314],[116.0265407,-3.8196627],[115.9300136,-3.6596766],[114.7313597,-4.2153949],[114.6171959,-4.2157501],[114.5632985,-3.6508925],[114.3317274,-3.5072654],[114.0588678,-3.3931083],[113.7862404,-3.5111316],[113.6034226,-3.5090633],[113.5330236,-3.4542243],[113.5638466,-3.2134154],[113.3446397,-3.3494109],[113.0519706,-3.0632753],[113.0916541,-3.1497791],[112.9995354,-3.2404232],[112.5776503,-3.4903639],[112.2764002,-3.3604198],[111.8519878,-3.58865],[111.7220401,-3.5147102],[111.7706223,-3.3279007],[111.7321289,-2.9668263],[111.5468153,-3.0663783],[111.3478634,-2.9592093],[110.9626911,-3.1164724],[110.7453086,-3.0440579],[110.746306,-2.9457825],[111.1706529,-2.7318121],[111.1830125,-2.6673391],[111.1280809,-2.3504133],[111.0264574,-2.21731],[111.0827623,-1.9881249],[110.9564195,-1.8673437],[111.0113512,-1.7053742],[110.8863817,-1.6587024],[110.8918748,-1.598302],[111.2516771,-1.4198362],[111.5414401,-1.2029118],[111.6567966,-0.9804792],[112.2349535,-0.6234604],[112.5123582,-1.0559996],[112.9806505,-1.4280734],[113.3637987,-1.4486663],[113.7304633,-1.3511876],[114.191889,-1.0820835],[115.2171344,0.0611189],[115.3179904,-0.7964804],[115.7904025,-1.1342615],[115.6475803,-1.4637662],[115.6915256,-1.8289102],[116.5870782,-1.501331],[116.6032952,-1.6225152],[116.4501394,-1.7011257]]]]}},{"type":"Feature","properties":{"name":"Sultanate of the Maldive Islands","historical_entity":"Sultanate of the Maldive Islands","ohm_relation_id":2874736,"start_date":"1153","end_date":"1887","admin_level":"2","boundary":"administrative","source":null,"_historical_overlay":true},"geometry":{"type":"MultiPolygon","coordinates":[[[[73.2105084,-0.7374952],[73.1211862,-0.7463848],[72.999821,-0.6442202],[73.0524928,-0.532128],[73.1430466,-0.5791907],[73.1692649,-0.6341115],[73.1850154,-0.5310981],[73.2899187,-0.5618758],[73.2105084,-0.7374952]]],[[[73.4760502,-0.3517843],[73.3831628,-0.338879],[73.3759468,-0.2413836],[73.4592327,-0.2418668],[73.4760502,-0.3517843]]],[[[73.230585,0.7297094],[73.2586266,0.7723698],[73.1295749,0.8232486],[73.1557054,0.908022],[73.351741,0.9523016],[73.4412084,0.8974122],[73.6267339,0.419516],[73.4624736,0.2252786],[73.1982448,0.1361596],[72.9819473,0.2699568],[72.9457628,0.5609731],[73.0848571,0.6417363],[73.2551119,0.6109266],[73.1489087,0.6780728],[73.230585,0.7297094]]],[[[73.5958741,2.0689802],[73.5695541,1.8302108],[73.3970455,1.7330042],[73.2056219,1.8233572],[73.1881484,1.9112594],[73.279869,1.9678342],[73.3328878,1.8424402],[73.4677791,1.8792718],[73.4959377,2.1507333],[73.6176456,2.1742341],[73.5958741,2.0689802]]],[[[73.3819984,2.3068094],[73.0107941,2.1146849],[72.9158575,2.1678437],[72.8589019,2.3994606],[72.920214,2.4272548],[73.0235564,2.3505893],[73.0128278,2.2237133],[73.1318004,2.263296],[73.309242,2.3907066],[73.27684,2.4533981],[73.0587228,2.5243004],[73.0917233,2.6120323],[73.3487688,2.5427605],[73.4149295,2.4024847],[73.3819984,2.3068094]]],[[[73.3991207,1.9860458],[73.324448,1.9759238],[73.31432,2.0505504],[73.3889927,2.0606719],[73.3991207,1.9860458]]],[[[73.0300487,2.4982325],[72.955376,2.4881141],[72.945248,2.5627142],[73.0199207,2.5728321],[73.0300487,2.4982325]]],[[[73.0295339,3.083758],[73.0711006,2.7302197],[72.8609478,2.6199898],[72.7906668,2.7524676],[72.8911736,2.8045668],[72.9477701,2.7481298],[72.9731915,2.8393069],[72.930134,2.8809328],[72.827975,2.8062667],[72.7824817,2.8911907],[72.9173505,3.0080489],[72.8693493,3.0747016],[72.9952498,3.3248378],[73.0928068,3.223402],[73.0295339,3.083758]]],[[[73.3298886,2.9218408],[73.326312,3.0770156],[73.4016386,3.143261],[73.4287322,2.8738634],[73.486032,2.875482],[73.5686596,3.0039048],[73.505269,3.1315239],[73.5882589,3.1631785],[73.6947119,3.0857305],[73.5932094,2.817491],[73.4391028,2.7132983],[73.3477795,2.7260469],[73.3298886,2.9218408]]],[[[72.8453339,3.3062446],[72.8805428,3.3664165],[72.943568,3.3427738],[72.8872511,3.2299344],[72.7706321,3.2240922],[72.7746168,3.2937175],[72.8453339,3.3062446]]],[[[73.2738721,3.4565947],[73.2525225,3.5536562],[73.3403425,3.5207185],[73.3625822,3.4136442],[73.2738721,3.4565947]]],[[[73.4620156,3.2612126],[73.4694163,3.1891715],[73.3947436,3.1790591],[73.4347454,3.2737557],[73.3901941,3.3950113],[73.4883795,3.388189],[73.6553541,3.411043],[73.6932872,3.3460434],[73.4620156,3.2612126]]],[[[73.5021868,3.5442336],[73.4368402,3.6302166],[73.3743694,3.5778744],[73.311987,3.6299501],[73.3953553,3.7308395],[73.4805365,3.6983563],[73.5379695,3.663293],[73.5778639,3.4150091],[73.4830269,3.471548],[73.5021868,3.5442336]]],[[[73.8137076,3.4167305],[73.7384807,3.3826582],[73.7053403,3.4735048],[73.7799188,3.50789],[73.8137076,3.4167305]]],[[[73.5544737,4.7290741],[73.7695906,4.4293726],[73.6012806,4.2545472],[73.5045209,3.8155903],[73.4069851,3.7575783],[73.3202919,3.8217129],[73.3158406,4.0372271],[73.3751194,4.1470517],[73.2946492,4.2824179],[73.3407315,4.639912],[73.4808427,4.7894453],[73.5544737,4.7290741]]],[[[72.8823213,4.2673876],[72.9936554,4.3191633],[73.0471449,4.2705102],[72.7950171,4.1360559],[72.837888,4.0540938],[72.911044,4.1659936],[72.9881381,4.1376922],[73.0104468,3.6546265],[72.9754343,3.5078633],[72.8712468,3.420897],[72.7299701,3.4481163],[72.6650593,3.5353411],[72.6945981,4.2070746],[72.8823213,4.2673876]]],[[[73.0121713,4.41163],[72.9368221,4.3826756],[72.9073106,4.4658695],[72.98444,4.4914992],[73.0121713,4.41163]]],[[[72.9017673,4.8297742],[72.829512,4.851115],[72.8405352,4.9178566],[73.0018951,4.934443],[73.0583476,4.8937324],[73.0345373,4.8222206],[72.9017673,4.8297742]]],[[[72.7913849,5.6621356],[72.8932344,5.9884533],[72.9787751,6.0164106],[73.1001883,5.6198452],[73.0823222,5.4066178],[73.2411661,5.2096924],[72.9969618,4.9706729],[72.8024325,4.9806285],[72.7886926,5.0868333],[72.8885208,5.1840894],[72.8216275,5.2482367],[72.9083892,5.2993278],[72.7514049,5.5158556],[72.7913849,5.6621356]]],[[[73.4839651,4.9010658],[73.401316,4.9253451],[73.428132,5.006957],[73.516917,4.9911032],[73.4839651,4.9010658]]],[[[73.560726,5.2158716],[73.4918033,5.1958975],[73.4157381,5.3037513],[73.2787487,5.3475284],[73.4356412,5.5966952],[73.5196271,5.5968298],[73.6984729,5.4305609],[73.7017599,5.3005142],[73.560726,5.2158716]]],[[[73.3553908,5.5986728],[73.2411924,5.6195515],[73.1232246,5.7780225],[72.9474422,6.1835525],[72.9711354,6.2506485],[72.8538228,6.4286035],[72.8506623,6.729557],[72.9191666,6.8033913],[72.9977312,6.7896443],[72.9304478,6.8355794],[72.9546203,6.9012499],[72.7770266,6.9925193],[72.7565678,7.0850569],[72.9226175,7.1548912],[73.0554793,6.9955574],[73.0227949,6.8937656],[73.205535,7.0180062],[73.2893591,6.9154509],[73.110715,6.5783022],[73.1055969,6.3635716],[73.2540975,6.3867864],[73.3494853,6.2178285],[73.3383152,6.0513378],[73.4465299,6.0072431],[73.5350065,5.8482079],[73.4504476,5.6590133],[73.3553908,5.5986728]]],[[[72.681748,6.2838817],[72.586546,6.308841],[72.6637235,6.4488545],[72.763732,6.4244138],[72.681748,6.2838817]]]]}},{"type":"Feature","properties":{"name":"Kingdom of Portugal","historical_entity":"Kingdom of Portugal","ohm_relation_id":2878364,"start_date":"1415","end_date":"1801-06-06","admin_level":"2","boundary":"administrative","source":null,"_historical_overlay":true},"geometry":{"type":"MultiPolygon","coordinates":[[[[-9.5809927,39.4173514],[-9.5640092,39.5129099],[-9.4920843,39.4586006],[-9.4711397,39.3796373],[-9.5809927,39.4173514]]],[[[-6.8561706,40.9429986],[-6.7940204,40.6612934],[-6.8496983,40.4515144],[-6.780986,40.3643271],[-7.0299059,40.1863736],[-6.8637514,40.0124931],[-6.9035409,39.8708194],[-6.9872041,39.8100272],[-7.0161158,39.6702958],[-7.5413318,39.6637497],[-7.2954762,39.4587399],[-7.3228271,39.3812924],[-7.241471,39.208254],[-6.9511401,39.0235985],[-7.1587185,38.7848791],[-6.9565267,38.5865998],[-6.9665592,38.4658806],[-7.0661,38.5728954],[-7.2475023,38.6099436],[-7.335668,38.4360623],[-7.0853933,38.1692702],[-6.9315141,38.2083059],[-7.0020206,38.0223973],[-7.0990348,38.0438056],[-7.2504142,37.9501574],[-7.5226013,37.556638],[-7.3953517,37.1294354],[-7.5353046,37.1128147],[-7.8775565,36.9210796],[-8.1876962,37.0494309],[-8.603572,37.0828438],[-8.9656489,36.9564447],[-9.0466687,37.0279122],[-8.8495972,37.4518235],[-8.8456325,37.8815453],[-8.9397541,37.950087],[-8.8353133,38.1640008],[-8.8403146,38.3424897],[-8.930126,38.4467187],[-9.2489473,38.3808701],[-9.264592,38.6014414],[-9.5118292,38.6741355],[-9.5493929,38.7808712],[-9.3905957,39.2300121],[-9.4576868,39.3684234],[-9.1331401,39.5919527],[-8.917584,40.1181865],[-8.9583758,40.1919707],[-8.6973239,40.9916556],[-8.9313101,41.8645222],[-8.633912,42.048471],[-8.1986736,42.154295],[-8.1821972,42.0650839],[-8.0844505,42.047345],[-8.216833,41.9134526],[-8.1308992,41.8088683],[-7.9063382,41.9271019],[-7.872804,41.8448632],[-7.7008444,41.9076711],[-7.5858607,41.8818635],[-7.6114315,41.8291889],[-7.4524915,41.865086],[-7.428244,41.8072331],[-7.1967303,41.8799815],[-7.1414489,41.9907597],[-6.5847528,41.966335],[-6.5155141,41.8716584],[-6.5482692,41.6855933],[-6.3022914,41.6618092],[-6.1891702,41.5748269],[-6.3176604,41.3857421],[-6.4963055,41.2662259],[-6.6483486,41.2477378],[-6.808931,41.0364965],[-6.9311988,41.0294262],[-6.8561706,40.9429986]]]]}},{"type":"Feature","properties":{"name":"Kingdom of Waalo","historical_entity":"Kingdom of Waalo","ohm_relation_id":2879269,"start_date":"1549","end_date":"1855","admin_level":"2","boundary":"administrative","source":null,"_historical_overlay":true},"geometry":{"type":"MultiPolygon","coordinates":[[[[-15.5396327,16.5107321],[-15.5786147,16.0788068],[-15.6939711,15.8107544],[-16.0221877,15.9534082],[-16.5009499,16.0264282],[-16.2809312,16.5122855],[-16.1885948,16.5137272],[-16.1162831,16.555137],[-16.0523951,16.4766738],[-15.5396327,16.5107321]]]]}},{"type":"Feature","properties":{"name":"Kingdom of Saloum","historical_entity":"Kingdom of Saloum","ohm_relation_id":2879270,"start_date":"1520","end_date":"1867","admin_level":"2","boundary":"administrative","source":null,"_historical_overlay":true},"geometry":{"type":"MultiPolygon","coordinates":[[[[-16.8154808,13.8353123],[-16.7026521,14.0071975],[-16.6298677,13.9855441],[-16.4357187,14.1667036],[-16.3804437,14.1507247],[-16.174623,14.4878728],[-15.8807387,14.562319],[-15.7351698,14.8094061],[-15.5360426,14.8465777],[-15.1487746,14.6061774],[-14.8754897,14.6553415],[-14.6063246,14.5702939],[-14.7697462,14.1392404],[-15.2119453,13.6459875],[-15.3472144,13.6793483],[-15.3657546,13.5385345],[-15.577928,13.8007421],[-15.8093275,13.8660817],[-16.5151991,13.8740811],[-16.7226786,13.7183594],[-16.8154808,13.8353123]]]]}},{"type":"Feature","properties":{"name":"Kingdom of Jolof","historical_entity":"Kingdom of Jolof","ohm_relation_id":2879271,"start_date":"1549","end_date":"1890","admin_level":"2","boundary":"administrative","source":null,"_historical_overlay":true},"geometry":{"type":"MultiPolygon","coordinates":[[[[-14.3646268,14.6792566],[-14.5184354,14.5729535],[-14.8754897,14.6553415],[-15.1487746,14.6061774],[-15.3369154,14.6765983],[-15.4605116,14.8120614],[-15.6719984,14.8558696],[-15.7969679,15.008465],[-15.8216872,15.156975],[-15.7598891,15.535731],[-15.6062099,15.9975322],[-14.9798611,16.0167786],[-14.4964627,15.8926619],[-14.3591336,15.6653568],[-14.3756131,15.5674847],[-14.6228055,15.3186276],[-14.2987088,14.7961303],[-14.3646268,14.6792566]]]]}},{"type":"Feature","properties":{"name":"Kingdom of Sine","historical_entity":"Kingdom of Sine","ohm_relation_id":2879275,"start_date":"1520","end_date":"1960-06-20","admin_level":"2","boundary":"administrative","source":null,"_historical_overlay":true},"geometry":{"type":"MultiPolygon","coordinates":[[[[-16.8096786,13.8999346],[-16.9101061,14.1528066],[-16.4149489,14.5078162],[-16.174623,14.4878728],[-16.3804437,14.1507247],[-16.4357187,14.1667036],[-16.8096786,13.8999346]]]]}},{"type":"Feature","properties":{"name":"Kingdom of Baol","historical_entity":"Kingdom of Baol","ohm_relation_id":2879280,"start_date":"1549","end_date":"1750","admin_level":"2","boundary":"administrative","source":null,"_historical_overlay":true},"geometry":{"type":"MultiPolygon","coordinates":[[[[-17.2340376,14.6262568],[-16.7431654,14.8147167],[-16.3902296,15.0310134],[-15.7969679,15.008465],[-15.6719984,14.8558696],[-15.8807387,14.562319],[-16.174623,14.4878728],[-16.4657607,14.4971799],[-16.9101061,14.1528066],[-17.0003249,14.3522851],[-17.2340376,14.6262568]]]]}},{"type":"Feature","properties":{"name":"Kingdom of Cayor","historical_entity":"Kingdom of Cayor","ohm_relation_id":2879284,"start_date":"1549","end_date":"1750","admin_level":"2","boundary":"administrative","source":null,"_historical_overlay":true},"geometry":{"type":"MultiPolygon","coordinates":[[[[-17.2340376,14.6262568],[-17.385006,14.7010065],[-17.3882997,14.6084531],[-17.4797667,14.5974296],[-17.5948745,14.7637528],[-17.1712717,14.9478308],[-17.0342451,15.1161608],[-16.6805774,15.615632],[-16.5009499,16.0264282],[-16.0221877,15.9534082],[-15.6939711,15.8107544],[-15.825807,15.2656396],[-15.7969679,15.008465],[-16.3902296,15.0310134],[-16.7431654,14.8147167],[-17.2340376,14.6262568]]]]}},{"type":"Feature","properties":{"name":"Kingdom of Niani","historical_entity":"Kingdom of Niani","ohm_relation_id":2879807,"start_date":"1520","end_date":"1888","admin_level":"2","boundary":"administrative","source":null,"_historical_overlay":true},"geometry":{"type":"MultiPolygon","coordinates":[[[[-14.2801679,13.3682446],[-14.3601612,13.3254852],[-14.4803241,13.3892859],[-14.5853809,13.5618971],[-14.6516422,13.4347044],[-14.713097,13.5338604],[-14.9050144,13.5732443],[-14.9784855,13.5912653],[-14.8933414,13.6713418],[-14.9420932,13.7090351],[-15.2119453,13.6459875],[-14.7697462,14.1392404],[-14.6063246,14.5702939],[-14.3646268,14.6792566],[-14.0487698,14.432023],[-13.7438992,14.3761579],[-13.4228554,14.4296206],[-13.6862196,14.0859667],[-13.9704909,14.0659858],[-14.2801679,13.3682446]]]]}},{"type":"Feature","properties":{"name":"Kingdom of Wuli","historical_entity":"Kingdom of Wuli","ohm_relation_id":2879810,"start_date":"1520","end_date":"1888","admin_level":"2","boundary":"administrative","source":null,"_historical_overlay":true},"geometry":{"type":"MultiPolygon","coordinates":[[[[-13.8811374,13.5026397],[-13.9031995,13.4003084],[-13.9780438,13.4711008],[-14.0274823,13.382273],[-14.0618146,13.4644232],[-14.2032636,13.3154636],[-14.2801679,13.3682446],[-14.041902,13.9660554],[-13.9704909,14.0659858],[-13.8180449,14.1098478],[-13.6862196,14.0859667],[-13.6862196,13.9100754],[-13.4088148,13.8380813],[-13.4651198,13.6072837],[-13.3538832,13.5418722],[-13.3428962,13.4096589],[-13.3906177,13.3181354],[-13.5485462,13.3368436],[-13.5602192,13.2873972],[-13.5911182,13.3358415],[-13.625478,13.2381615],[-13.6690528,13.3722521],[-13.7562568,13.3842764],[-13.7095649,13.4637547],[-13.8050086,13.4771098],[-13.7823488,13.5392008],[-13.8811374,13.5026397]]]]}},{"type":"Feature","properties":{"name":"Portuguese São Tomé and Príncipe","historical_entity":"Portuguese São Tomé and Príncipe","ohm_relation_id":2885981,"start_date":"1648","end_date":"1951","admin_level":"2","boundary":"administrative","source":null,"_historical_overlay":true},"geometry":{"type":"MultiPolygon","coordinates":[[[[6.6568565,0.00309],[6.5784944,0.0072566],[6.5338256,-0.0637043],[6.4642201,-0.0240688],[6.4115208,0.2538938],[6.5437443,0.4110516],[6.7329902,0.4595378],[6.8079502,0.3073093],[6.6568565,0.00309]]],[[[7.2647579,1.4304775],[7.3319247,1.400689],[7.3176911,1.2972141],[7.2438424,1.3228053],[7.2647579,1.4304775]]],[[[7.3188683,1.6881916],[7.3716038,1.7764291],[7.503416,1.7223497],[7.4735083,1.5444725],[7.4360779,1.4589459],[7.3089005,1.5152631],[7.3188683,1.6881916]]]]}},{"type":"Feature","properties":{"name":"French St Louis","historical_entity":"French St Louis","ohm_relation_id":2887747,"start_date":"1638","end_date":"1659","admin_level":"2","boundary":"administrative","source":null,"_historical_overlay":true},"geometry":{"type":"MultiPolygon","coordinates":[[[[-16.5009499,16.0264282],[-16.5018941,16.0216434],[-16.5032929,16.0127],[-16.5056706,16.013806],[-16.5071726,16.0155385],[-16.507988,16.0178073],[-16.5077305,16.0194985],[-16.5073014,16.0209422],[-16.5069151,16.0231283],[-16.5068293,16.0282843],[-16.5067435,16.0301404],[-16.5063143,16.0318315],[-16.5061856,16.0332751],[-16.5067006,16.0351312],[-16.5069581,16.0366572],[-16.5066576,16.0381833],[-16.5055848,16.0396681],[-16.5042973,16.0411117],[-16.5033532,16.0426377],[-16.4959717,16.0416066],[-16.4971734,16.0386783],[-16.4987612,16.0339763],[-16.5009499,16.0264282]]]]}},{"type":"Feature","properties":{"name":"Catawba","historical_entity":"Catawba","ohm_relation_id":2888181,"start_date":"-3999","end_date":"1763","admin_level":"2","boundary":"administrative","source":null,"_historical_overlay":true},"geometry":{"type":"MultiPolygon","coordinates":[[[[-82.5860378,35.1431419],[-82.3047423,35.3624597],[-82.3683799,35.4780588],[-82.27097,35.6134916],[-82.2856312,35.7094943],[-81.9778411,35.9138097],[-81.8759107,36.1259269],[-81.6658112,36.1232156],[-81.5983046,36.2228258],[-81.1713694,36.4337181],[-80.9790961,36.3969359],[-80.912633,36.5620464],[-80.6074536,36.6716087],[-80.5132768,36.6563195],[-80.4400046,36.7488671],[-79.9146257,36.7923378],[-78.7725282,36.5629458],[-78.3762479,36.2795699],[-78.0251832,36.3328706],[-77.7853208,36.5818467],[-77.7075238,35.5723798],[-77.5518956,34.8501014],[-77.3371815,34.5215553],[-77.7370667,34.2714371],[-77.9470086,33.8373759],[-78.2160363,33.9076987],[-78.708241,33.7993684],[-79.0866513,33.4679987],[-79.1890988,33.1668464],[-79.3865266,33.1189399],[-81.2313028,34.2520997],[-81.5655446,34.32568],[-82.112372,34.5615998],[-82.3089071,34.7043697],[-82.3531099,34.8497253],[-82.5860378,35.1431419]]]]}},{"type":"Feature","properties":{"name":"Tokugawa Shogunate","historical_entity":"Tokugawa Shogunate","ohm_relation_id":2889893,"start_date":"1600-10-21","end_date":"1862-01","admin_level":"2","boundary":"administrative","source":null,"_historical_overlay":true},"geometry":{"type":"MultiPolygon","coordinates":[[[[146.9818752,43.7953204],[146.639966,43.6419219],[146.5257992,43.7064509],[146.5075998,43.8115742],[146.8450826,43.947691],[146.9867602,43.8747225],[146.9818752,43.7953204]]],[[[146.2440351,44.2168101],[146.1374031,44.2055978],[145.8387948,43.895489],[145.6542415,43.8272402],[145.6201457,43.6327051],[145.5162829,43.5989543],[145.3578152,43.6975156],[145.3207331,43.8400586],[145.6188966,44.0628668],[146.0940316,44.5590564],[146.2002274,44.5693752],[146.3601858,44.4720165],[146.6568839,44.4855121],[146.5777651,44.3323706],[146.2440351,44.2168101]]],[[[147.3363486,44.9568497],[147.4343186,45.0309966],[147.4451298,45.1559628],[147.6179303,45.1518235],[147.7899873,45.270221],[147.7764655,45.3819679],[147.8813126,45.4881726],[148.0180886,45.4599484],[148.0856063,45.3178063],[148.1682094,45.3158845],[148.3581008,45.3747017],[148.6249736,45.5931176],[148.8284491,45.6086919],[148.957146,45.5417332],[148.9566994,45.3824354],[148.8931334,45.3009012],[148.4580462,45.1945647],[147.9555209,44.9200575],[147.7293904,44.9050318],[147.0086752,44.385701],[146.8036979,44.4064475],[146.7914955,44.5013422],[146.890708,44.6680171],[147.1070505,44.7181809],[147.0278651,44.7818744],[147.04383,44.8562086],[147.3363486,44.9568497]]],[[[149.7849462,45.634035],[149.5401604,45.5202372],[149.3143873,45.574371],[149.5918272,45.8729879],[149.7611449,45.9218456],[150.1172553,46.1982256],[150.3315683,46.2844379],[150.615331,46.29004],[150.6817945,46.2387713],[150.2757498,45.9757025],[150.1833403,45.8521676],[149.7849462,45.634035]]],[[[150.9222206,46.4612602],[150.863404,46.3924397],[150.7325724,46.410109],[150.6943886,46.4756408],[150.7721708,46.5529077],[150.9679177,46.5855873],[150.9917492,46.5230315],[150.9222206,46.4612602]]],[[[150.7767542,46.783914],[150.823352,46.6884275],[150.700933,46.6559388],[150.6377736,46.7511101],[150.7767542,46.783914]]],[[[151.8873961,46.7488287],[151.7216318,46.7287051],[151.6285701,46.8498023],[151.8089986,46.9085932],[152.1229472,47.1830382],[152.2695734,47.2176422],[152.3711967,47.1472809],[152.1967889,46.9510321],[151.8873961,46.7488287]]],[[[152.5888635,47.2711426],[152.3851552,47.2543713],[152.3471935,47.3874551],[152.5592942,47.4137096],[152.6229453,47.3480711],[152.5888635,47.2711426]]],[[[153.1172969,47.8251539],[153.1117916,47.6881425],[152.9596791,47.6225671],[152.8843782,47.4685226],[152.7272165,47.4794269],[152.7234187,47.5509026],[152.8962143,47.6488946],[152.9410853,47.8266163],[153.1172969,47.8251539]]],[[[153.3593634,48.0401117],[153.2046526,47.9886928],[153.0812508,48.111248],[153.2249788,48.1730439],[153.3602212,48.1059536],[153.3593634,48.0401117]]],[[[153.3276941,48.2553778],[153.1811506,48.247483],[153.1768037,48.3356635],[153.3118577,48.3409857],[153.3276941,48.2553778]]],[[[153.924389,48.5116657],[153.797585,48.4868727],[153.7805505,48.5767926],[153.9044327,48.595481],[153.924389,48.5116657]]],[[[154.1053201,48.7009959],[153.9954247,48.667959],[153.9024103,48.7175033],[154.0189239,48.8709253],[153.8471569,48.8995731],[153.8217478,48.963616],[153.8771015,49.0138872],[154.2958152,48.9107929],[154.266624,48.8150628],[154.1053201,48.7009959]]],[[[153.5645868,48.943539],[153.4183866,48.9330446],[153.4112932,49.02679],[153.5545117,49.0298194],[153.5645868,48.943539]]],[[[154.5922383,49.0367684],[154.4036615,49.0774977],[154.3744655,49.1702009],[154.4462789,49.2176834],[154.6676337,49.1547915],[154.6699405,49.0802758],[154.5922383,49.0367684]]],[[[154.7816642,49.225345],[154.5726377,49.242203],[154.533506,49.3539011],[154.7511394,49.659656],[154.8294401,49.6857278],[155.000019,49.6083088],[154.8888325,49.4489625],[154.9040866,49.2862838],[154.7816642,49.225345]]],[[[154.5536425,49.7568708],[154.4972311,49.685837],[154.395559,49.683997],[154.3152339,49.7329482],[154.3215705,49.8224004],[154.4979947,49.8658186],[154.5536425,49.7568708]]],[[[155.090059,50.2065888],[154.9789327,50.1350012],[154.8774652,50.207964],[154.9790853,50.2646293],[155.090059,50.2065888]]],[[[155.5569081,50.7577533],[155.3747206,50.8850341],[155.4235023,50.953722],[155.5510607,50.9714825],[155.7043984,50.9387961],[155.7588514,50.851492],[155.711907,50.7703313],[155.5569081,50.7577533]]],[[[129.4694234,34.4553382],[129.4722944,34.2933099],[129.2425907,34.0338779],[129.1013758,34.0979998],[129.163838,34.3758079],[129.2568142,34.6733141],[129.418858,34.7620017],[129.5610698,34.6892329],[129.4694234,34.4553382]]],[[[139.8563252,41.3121228],[139.7337965,41.3223354],[139.7409688,41.4059229],[139.8691555,41.4021209],[139.8563252,41.3121228]]],[[[139.3823467,41.4480936],[139.2708474,41.4756642],[139.309568,41.5746494],[139.4477728,41.5392204],[139.3823467,41.4480936]]],[[[139.5644028,42.064468],[139.4502452,41.9995663],[139.3561636,42.051151],[139.334097,42.1907511],[139.3878481,42.254605],[139.6135544,42.2907452],[139.5644028,42.064468]]],[[[141.3704122,44.3800286],[141.2197461,44.4060225],[141.3236178,44.4944392],[141.4979249,44.4525306],[141.4737182,44.3898904],[141.3704122,44.3800286]]],[[[141.3281972,45.073319],[141.1880461,45.0608557],[141.0768621,45.1410557],[141.0676882,45.2274402],[140.9546392,45.2562108],[140.891409,45.4778242],[140.9949745,45.5257634],[141.1305342,45.4412701],[141.1212908,45.2810345],[141.2226967,45.3063245],[141.3791344,45.2270824],[141.3973012,45.1459995],[141.3281972,45.073319]]],[[[139.8873491,33.0252206],[139.8169004,32.99905],[139.6525771,33.0755019],[139.6471084,33.1791688],[139.7732753,33.2091389],[139.8796981,33.1576917],[139.8873491,33.0252206]]],[[[139.7987102,32.5116894],[139.8341342,32.4286624],[139.7399672,32.4000019],[139.7020129,32.4935257],[139.7987102,32.5116894]]],[[[139.9782778,31.8697552],[139.8987934,31.8356419],[139.8571253,31.9041204],[139.9394172,31.9391394],[139.9782778,31.8697552]]],[[[139.9922315,31.446254],[140.0591347,31.4892088],[140.1114511,31.4300444],[140.0430313,31.3881397],[139.9922315,31.446254]]],[[[140.3257249,30.5430521],[140.3694747,30.4624148],[140.2779684,30.4256265],[140.2310428,30.5017644],[140.3257249,30.5430521]]],[[[140.3855586,29.7596137],[140.3033716,29.7555839],[140.298698,29.8273957],[140.3814757,29.8309619],[140.3855586,29.7596137]]],[[[131.2254261,24.5153146],[131.2432783,24.4355109],[131.1555578,24.4162091],[131.1306126,24.4997334],[131.2254261,24.5153146]]],[[[131.307351,25.79777],[131.1556554,25.8081708],[131.2277467,25.9797824],[131.29214,26.0150888],[131.3861991,25.9678881],[131.307351,25.79777]]],[[[127.9975559,26.878868],[127.9296447,26.8385732],[127.8630759,26.8793644],[127.8544605,27.0053452],[127.9272605,27.0998271],[128.0179637,27.1483971],[128.0810549,27.1086279],[127.9975559,26.878868]]],[[[127.2831015,26.5373661],[127.1748119,26.5316944],[127.1617176,26.6149012],[127.2750547,26.6442035],[127.2831015,26.5373661]]],[[[126.852747,26.5440922],[126.7707504,26.5731091],[126.8100006,26.6457435],[126.8887745,26.6136362],[126.852747,26.5440922]]],[[[126.9001827,26.2954714],[126.7557863,26.2556823],[126.6543637,26.3355099],[126.6830773,26.4191587],[126.9308916,26.3983093],[126.9590046,26.3393512],[126.9001827,26.2954714]]],[[[127.1397163,26.4362371],[127.2216824,26.3572974],[127.1152452,26.3043206],[127.0400989,26.3974484],[127.1397163,26.4362371]]],[[[128.4970906,26.9832447],[128.3511182,27.0050858],[128.3671162,27.0962157],[128.483038,27.104989],[128.4970906,26.9832447]]],[[[128.701924,27.3591723],[128.5177833,27.2887366],[128.4591389,27.377298],[128.5200118,27.4577646],[128.7426058,27.4854126],[128.7703754,27.4200106],[128.701924,27.3591723]]],[[[129.0895819,27.7340196],[129.0225769,27.6283396],[128.9091532,27.61373],[128.8241635,27.7023104],[128.8190925,27.8351544],[128.8669533,27.9357996],[128.9977263,27.9384863],[129.0895819,27.7340196]]],[[[129.3943443,28.057419],[129.2727446,27.9492628],[129.1130403,27.9727033],[129.0736866,28.2572578],[129.1525979,28.3517499],[129.4227929,28.4562392],[129.6847957,28.5842501],[129.7802473,28.4765836],[129.3943443,28.057419]]],[[[130.072938,28.3157094],[129.9511291,28.2219297],[129.8567899,28.3265121],[130.0143818,28.4320649],[130.087981,28.3911852],[130.072938,28.3157094]]],[[[128.2190845,27.939287],[128.2940557,27.876008],[128.2490355,27.8103436],[128.1588999,27.8687295],[128.2190845,27.939287]]],[[[130.121754,30.0402618],[130.040929,29.9907594],[129.9886038,30.0606277],[130.0721817,30.1129396],[130.121754,30.0402618]]],[[[129.9423413,29.8962872],[129.9702526,29.7963453],[129.8494556,29.7668764],[129.7755611,29.84628],[129.8140425,29.9300491],[129.9352087,30.0581533],[130.0084536,29.9687555],[129.9423413,29.8962872]]],[[[129.6628859,29.8401293],[129.4972125,29.8517561],[129.4867613,29.9545693],[129.656891,29.9275502],[129.6628859,29.8401293]]],[[[129.5748369,29.7372388],[129.5929409,29.6481624],[129.5104282,29.6279283],[129.4687496,29.7159805],[129.5748369,29.7372388]]],[[[129.7802754,29.5947163],[129.6654407,29.5592178],[129.6323301,29.6903708],[129.776024,29.7151762],[129.7802754,29.5947163]]],[[[129.5401038,29.5040642],[129.6497861,29.5126466],[129.6573927,29.407981],[129.5515095,29.4080938],[129.5401038,29.5040642]]],[[[129.3892576,29.1882166],[129.2877856,29.1771392],[129.2717554,29.2623212],[129.3822328,29.2747057],[129.3892576,29.1882166]]],[[[129.2509985,29.2034757],[129.2746807,29.1018613],[129.1789523,29.0874716],[129.1326366,29.1811361],[129.2509985,29.2034757]]],[[[128.9378782,28.8492948],[129.0382234,28.8801391],[129.0573574,28.7728598],[128.9420596,28.7505987],[128.9378782,28.8492948]]],[[[130.4684098,30.1819332],[130.3754064,30.2285489],[130.3179224,30.3885224],[130.4344267,30.5058835],[130.5576528,30.4999166],[130.7133283,30.4193228],[130.7206641,30.3060527],[130.6208786,30.1982332],[130.4684098,30.1819332]]],[[[130.1100121,30.4413839],[130.085669,30.5095326],[130.1772344,30.5526777],[130.3274004,30.4473318],[130.214814,30.3698023],[130.1100121,30.4413839]]],[[[131.1254901,30.8347372],[131.0249401,30.3427412],[130.8842818,30.2923501],[130.8097097,30.3323177],[130.7872446,30.4782163],[130.8898693,30.5974841],[130.8814947,30.6762574],[130.7784102,30.704681],[130.7878781,30.7786887],[130.8628764,30.8210039],[130.9284566,30.763432],[131.0442504,30.8932976],[131.1254901,30.8347372]]],[[[122.9917579,24.3858523],[122.8737192,24.4501168],[122.9893518,24.5272479],[123.1008972,24.4617988],[122.9917579,24.3858523]]],[[[123.6967435,24.4266014],[123.8147624,24.5322436],[124.0147505,24.4192741],[124.0789949,24.5260399],[124.1751185,24.5153627],[124.3077112,24.6649154],[124.3961726,24.6224073],[124.3583015,24.507108],[124.2786921,24.3067447],[123.9352275,24.1569787],[123.623398,24.2589869],[123.6100536,24.3299594],[123.6967435,24.4266014]]],[[[123.5582325,24.2491037],[123.6274497,24.2073317],[123.578846,24.1429068],[123.4991646,24.1809974],[123.5582325,24.2491037]]],[[[123.8119665,23.9969134],[123.7016969,24.0266481],[123.7432553,24.1177327],[123.8642806,24.0888227],[123.8119665,23.9969134]]],[[[124.7384715,24.5929154],[124.6145113,24.6302628],[124.6356907,24.7917843],[124.7569197,24.7755523],[124.7869969,24.6556557],[124.7384715,24.5929154]]],[[[125.0823204,24.8553637],[125.245165,25.0293838],[125.3645257,25.0329545],[125.4174677,24.9798335],[125.3626352,24.8699399],[125.4471113,24.8136308],[125.5262504,24.738857],[125.5095041,24.67791],[125.2407512,24.6604947],[125.0823204,24.8553637]]],[[[128.4182613,31.9819587],[128.2988031,31.9508452],[128.3267034,32.0715176],[128.4617532,32.0881121],[128.4182613,31.9819587]]],[[[129.5069407,31.1501731],[129.3965325,31.0852478],[129.3640531,31.2036962],[129.4979117,31.2670095],[129.5069407,31.1501731]]],[[[129.4822466,30.8059602],[129.3739182,30.7910952],[129.3984503,30.8956784],[129.5176128,30.8969632],[129.4822466,30.8059602]]],[[[129.9862192,30.7718635],[129.8661658,30.7810427],[129.868631,30.8835987],[130.0101388,30.8718885],[129.9862192,30.7718635]]],[[[130.3116573,30.7265461],[130.2182433,30.7418052],[130.2080383,30.8139624],[130.3862857,30.8682946],[130.4876539,30.8505961],[130.5023603,30.7804631],[130.3116573,30.7265461]]],[[[129.7678659,31.4028145],[129.6803809,31.4189134],[129.6993729,31.4940506],[129.7873237,31.4773444],[129.7678659,31.4028145]]],[[[129.8031823,31.6697244],[129.7108723,31.5726581],[129.5936267,31.645487],[129.7742085,31.9016009],[129.8600888,31.9395082],[130.0495194,31.866785],[129.8031823,31.6697244]]],[[[130.0863074,33.8246869],[129.9850669,33.8253654],[129.9857999,33.9124161],[130.0838945,33.913153],[130.0863074,33.8246869]]],[[[130.1088206,34.3061703],[130.1813708,34.2388656],[130.1207379,34.1755658],[130.03124,34.2396544],[130.1088206,34.3061703]]],[[[131.2292693,34.7580844],[131.1188067,34.7061227],[131.0641992,34.8128182],[131.155201,34.8512386],[131.2292693,34.7580844]]],[[[133.3610311,36.1220739],[133.2323049,36.1054648],[133.1259368,35.960303],[133.0157314,35.9419236],[132.880125,36.0655018],[132.9769356,36.1724078],[133.1212138,36.1986785],[133.12843,36.3180095],[133.2873542,36.407814],[133.448719,36.2775175],[133.3610311,36.1220739]]],[[[136.9477569,37.7981367],[136.8513839,37.8207696],[136.8797816,37.8990607],[136.9842529,37.8817326],[136.9477569,37.7981367]]],[[[138.5294822,37.8768285],[138.2830184,37.7538318],[138.145884,37.7925738],[138.214613,37.8956557],[138.1487735,38.0364275],[138.2949779,38.2452686],[138.4503234,38.3862544],[138.5800012,38.3499141],[138.5167434,38.131145],[138.5992208,38.1309006],[138.6389359,38.0621773],[138.5294822,37.8768285]]],[[[139.2669285,38.3964859],[139.1521243,38.4244682],[139.2154266,38.5361586],[139.3288408,38.5033491],[139.2669285,38.3964859]]],[[[139.5822671,39.1363947],[139.4664744,39.1529986],[139.497346,39.245109],[139.6242287,39.2255088],[139.5822671,39.1363947]]],[[[139.4265528,34.6338803],[139.2909193,34.7122776],[139.3008356,34.8097954],[139.3790928,34.846175],[139.5038853,34.7527337],[139.5007677,34.6743038],[139.4265528,34.6338803]]],[[[139.2428986,34.2742918],[139.2240252,34.1638164],[139.0218005,34.1559816],[139.173372,34.3753635],[139.2179234,34.5540115],[139.3233333,34.5689849],[139.3365353,34.312639],[139.2428986,34.2742918]]],[[[139.6024176,34.0333906],[139.3580349,34.0003443],[139.3186636,34.047998],[139.367178,34.0952301],[139.5601887,34.1689561],[139.6243957,34.1082042],[139.6024176,34.0333906]]],[[[139.6896231,33.8755244],[139.6216226,33.8030019],[139.5188857,33.8638695],[139.6008942,33.9500326],[139.6896231,33.8755244]]],[[[139.3425441,33.6185016],[139.259885,33.6143143],[139.2549539,33.6843762],[139.3382895,33.6881003],[139.3425441,33.6185016]]],[[[138.7648274,33.9716266],[138.8466335,33.9892836],[138.8676184,33.9174056],[138.7884811,33.9003817],[138.7648274,33.9716266]]],[[[156.578696,50.8549736],[156.5851638,50.7521575],[156.4714143,50.6037586],[156.2476238,50.589498],[156.2279905,50.5513512],[156.3440091,50.5435977],[156.3584895,50.4809439],[156.1035381,50.4180471],[155.8988382,50.1609076],[155.55406,50.0935227],[155.4186106,49.951909],[155.3114597,50.0083601],[155.144702,50.035568],[155.1522828,50.3278825],[155.626419,50.4350702],[155.7914073,50.6779967],[155.9879067,50.8090941],[156.2224346,50.8201203],[156.4702701,50.9196712],[156.578696,50.8549736]]],[[[141.1846247,43.2148405],[141.3570726,43.4057839],[141.2637813,43.7464926],[141.3352338,43.8459016],[141.5537885,43.9416761],[141.5744051,44.326634],[141.715156,44.6049796],[141.7033281,44.7715055],[141.4988741,45.2500793],[141.5913526,45.4875605],[141.781579,45.4623052],[141.945032,45.5716501],[142.5590924,45.0904652],[142.7877361,44.7981218],[143.0350683,44.6048747],[143.5751274,44.3043821],[144.2832918,44.1604145],[144.3721015,44.0069606],[144.7745287,43.9876008],[145.2731458,44.3866755],[145.3905018,44.3838313],[145.4321094,44.2363032],[145.1345626,43.7878467],[145.1970909,43.6899163],[145.4069969,43.6063047],[145.4105163,43.5334461],[145.3207946,43.4954074],[145.4343443,43.3397458],[145.8483885,43.5112534],[146.0207974,43.4794935],[146.0038154,43.559804],[146.225407,43.5837554],[146.2021592,43.6471678],[146.2868685,43.7011152],[146.4983858,43.619348],[146.4600865,43.5194036],[146.2525724,43.573326],[146.203023,43.3656022],[145.8661438,43.3329149],[145.5589492,43.1230159],[145.2877508,43.1153062],[145.171059,43.0157314],[144.8726795,42.8929501],[144.465426,42.8904976],[144.2823292,42.9538745],[143.9590589,42.830257],[143.4784055,42.4347121],[143.3856685,42.2522076],[143.3782735,42.0342821],[143.2587196,41.8735288],[141.7807781,42.5598285],[141.4777781,42.5403841],[140.9772997,42.2464223],[140.671872,42.5357042],[140.4967987,42.5348211],[140.3496235,42.2913022],[140.585743,42.164292],[140.7598731,42.1860425],[141.0302226,41.9494957],[141.2041655,41.88548],[141.2559314,41.7922617],[141.0479462,41.664681],[140.7786666,41.7160246],[140.5027318,41.6454698],[140.4958606,41.5092016],[140.2223069,41.3485],[140.0125016,41.3994683],[139.9149991,41.6153107],[140.0677465,41.9259186],[139.9822407,42.0747844],[139.7043194,42.2419394],[139.7760304,42.4675941],[139.7535276,42.6369007],[140.1452181,42.8705897],[140.2493411,42.86031],[140.4411469,43.0173109],[140.2563824,43.2098809],[140.3139582,43.3827502],[140.4943942,43.4259459],[140.822797,43.2668734],[141.0251712,43.2921506],[141.1846247,43.2148405]]],[[[127.9663238,26.1953634],[127.9321838,26.1170703],[127.6840363,26.020983],[127.6015692,26.0563277],[127.5833039,26.1989372],[127.5145358,26.2105268],[127.3559847,26.0892031],[127.1789388,26.141423],[127.1847201,26.2459778],[127.2837858,26.3007746],[127.6570049,26.3065286],[127.6595354,26.4699324],[127.785405,26.5209695],[127.8571525,26.5674864],[127.6959829,26.6890376],[127.7233453,26.7826234],[128.0739036,26.7412161],[128.258633,26.9294468],[128.3727405,26.8495855],[128.3836695,26.7229389],[128.0406237,26.4465361],[128.0559208,26.2901119],[127.9663238,26.1953634]]],[[[129.5798125,33.6601717],[129.5987705,33.8573079],[129.6640124,33.9217541],[129.8151313,33.8822555],[129.8619793,33.7617131],[129.8166169,33.6898865],[129.6020646,33.648887],[129.6096938,33.4361957],[129.7166598,33.5167316],[129.7143954,33.6296442],[129.8683286,33.6730868],[129.987242,33.5948117],[130.1974505,33.7416294],[130.2992602,33.7438011],[130.3831249,33.8203458],[130.3650808,33.9482988],[130.6014065,33.9360546],[130.7286624,34.1491634],[130.8152382,34.1595718],[130.846529,34.2265508],[130.7768232,34.3526699],[130.8286222,34.4156977],[130.9624591,34.4927351],[131.2037954,34.4827209],[131.2438101,34.5605141],[131.494106,34.6222728],[131.5565797,34.7248402],[131.7986027,34.7476787],[131.7809466,34.8711323],[131.9390439,34.8680538],[132.3797544,35.235532],[132.5896528,35.3342035],[132.6018843,35.4810886],[133.0707261,35.6558574],[133.3502284,35.6170288],[133.3856546,35.5109923],[133.5852979,35.58662],[134.1585397,35.5883537],[134.5190746,35.7197133],[134.9114954,35.7116377],[135.2230761,35.8293534],[135.3672825,35.7105374],[135.4781757,35.7544314],[135.5805905,35.5646262],[135.7869237,35.6906377],[135.9045086,35.6655602],[135.8976296,35.7457025],[135.9931182,35.8103265],[135.8926142,35.9881186],[136.0620812,36.2772423],[136.3817185,36.4682369],[136.6469624,36.7806406],[136.7004766,36.9744981],[136.6074118,37.1754733],[136.684525,37.3745485],[136.7917694,37.4421598],[137.2608502,37.5842664],[137.403472,37.5385918],[137.4228651,37.4404218],[137.3155668,37.3924036],[137.3227625,37.2981983],[137.1067744,37.1779988],[137.1155943,36.9518748],[137.0599135,36.8686857],[137.1969631,36.8116006],[137.3284104,36.835312],[137.4159302,36.9822656],[138.2078574,37.2284269],[138.4880344,37.409424],[138.7725914,37.8372686],[139.3492418,38.1739535],[139.3942185,38.4204892],[139.52342,38.6645909],[139.6909195,38.8133922],[139.8423682,39.2804151],[139.9414117,39.3786838],[139.9616404,39.7978265],[139.9129769,39.843067],[139.710686,39.8164631],[139.6305622,39.9754365],[139.6764299,40.0663671],[139.8288263,40.0326306],[139.9414595,40.2628004],[139.9575571,40.3378766],[139.8769537,40.405601],[139.8027726,40.635038],[139.9957988,40.8050489],[140.2036702,40.8468339],[140.2556868,41.0633918],[140.1793564,41.1405224],[140.286645,41.2941487],[140.5845628,41.2773787],[140.6981276,41.2117778],[140.8449854,41.5765623],[140.9149022,41.6093829],[141.2685947,41.4113814],[141.4510915,41.4827051],[141.5243374,41.4544784],[141.4520862,41.043568],[141.5146006,40.6441931],[141.8752133,40.2956758],[142.1367085,39.5435275],[141.9865621,39.0818954],[141.6167761,38.7711068],[141.5793927,38.5845827],[141.6733872,38.4023807],[141.6433122,38.2434131],[141.4498105,38.2037971],[141.294929,38.3607343],[141.0321511,38.1726765],[140.9844903,37.9712936],[141.1101224,37.4958536],[141.0663461,37.1113836],[141.0256014,36.9504981],[140.8710605,36.8619412],[140.6991528,36.4974307],[140.6417026,36.1929162],[140.9351953,35.7662013],[140.9298657,35.6756418],[140.6955834,35.6404833],[140.5500925,35.5467855],[140.4740174,35.4392477],[140.4384748,35.1540249],[140.0637066,35.001331],[139.9529858,34.8618595],[139.8141627,34.8550627],[139.7020211,34.9371049],[139.7529424,35.1634167],[139.601585,35.079874],[139.5072958,35.2506111],[139.3577564,35.2608353],[139.2087133,35.2151021],[139.2000183,34.8804171],[138.9657614,34.5250967],[138.7874296,34.564519],[138.6821325,34.6727156],[138.6968741,34.9803339],[138.7561753,35.0749276],[138.7027525,35.0798235],[138.607372,35.0632701],[138.5570335,34.9451328],[138.4109078,34.8772458],[138.262605,34.6659457],[138.2555977,34.5511158],[137.5564737,34.6302211],[137.0479175,34.5286937],[136.9696081,34.4762746],[136.9461631,34.2482181],[136.4591116,34.1667177],[136.3206294,33.9380308],[136.1262038,33.8192177],[135.9151396,33.4401494],[135.7774053,33.3834971],[135.4163438,33.5044565],[135.2733257,33.7109797],[135.0021251,33.8559696],[135.0570125,34.2102139],[134.9234597,34.1996252],[134.8301778,34.1049005],[134.6936047,34.1426904],[134.6678912,34.0550993],[134.8791954,33.8249049],[134.6577332,33.7344101],[134.5346403,33.585752],[134.4266965,33.5741878],[134.3067896,33.4467812],[134.2235396,33.2077522],[134.1335352,33.2033562],[133.8810295,33.4434177],[133.6338591,33.4716885],[133.3193113,33.2895568],[133.2701811,33.1247267],[133.0698565,32.9748426],[133.0826897,32.7225734],[133.0284566,32.6734242],[132.6948623,32.731019],[132.552898,32.6517785],[132.447267,32.6917962],[132.4595737,32.8539406],[132.35435,32.9061732],[132.3235386,33.0487009],[132.197853,33.1782342],[132.3289996,33.2796906],[132.2743747,33.3795047],[132.0237554,33.2935469],[131.9806688,33.2252029],[132.0472455,33.1992575],[132.07542,33.0388375],[132.1621996,32.9581474],[131.9789808,32.6820628],[131.7674328,32.5432224],[131.7898436,32.4478582],[131.6452454,32.2748279],[131.5457686,31.9796998],[131.5270521,31.6377713],[131.4065006,31.3451142],[131.3286098,31.3087591],[131.1652075,31.3917816],[131.1766355,31.2376655],[130.6766958,30.9398646],[130.6009058,30.971837],[130.6008673,31.1035409],[130.4817443,31.1215499],[130.4421982,31.1971027],[130.1823668,31.2052771],[130.0458069,31.3996541],[130.0834673,31.4724657],[130.2270988,31.4748079],[130.2739503,31.5786116],[130.1158447,31.7249528],[130.1555506,31.9291274],[130.0934703,32.0663589],[129.8718414,32.1685061],[129.9565542,32.5568041],[130.0855647,32.6008709],[130.0670447,32.7097044],[129.7491248,32.5014766],[129.6739642,32.5670659],[129.7161215,32.7531295],[129.4933945,32.8446868],[129.5306552,32.9523636],[129.4094877,32.9652416],[129.2596444,32.9395161],[128.9665028,32.6891891],[128.9902828,32.5867166],[128.9287843,32.5127634],[128.6280193,32.5388185],[128.5362167,32.6020704],[128.5513095,32.7755721],[128.6595925,32.862451],[128.7408289,32.8279824],[129.0247394,33.0914708],[128.8574843,33.1086183],[128.8397991,33.1994801],[129.0971011,33.3524855],[129.2420032,33.3199789],[129.1825641,33.0861722],[129.4994554,33.059743],[129.4398451,33.1313006],[129.2862935,33.1472955],[129.2751242,33.2582547],[129.365472,33.3130592],[129.3678295,33.4648121],[129.5798125,33.6601717]]]]}},{"type":"Feature","properties":{"name":"Dzungar Khanate","historical_entity":"Dzungar Khanate","ohm_relation_id":2890040,"start_date":"1634","end_date":"1717","admin_level":"2","boundary":"administrative","source":null,"_historical_overlay":true},"geometry":{"type":"MultiPolygon","coordinates":[[[[87.2953322,53.2808079],[87.912254,53.2925154],[88.5868832,53.1708557],[88.6905663,53.0754655],[89.2179104,52.8732746],[89.7768399,52.7242334],[90.2403258,52.6844998],[90.3924176,52.2229626],[90.4867336,52.1958693],[90.1434428,52.1484879],[90.1584652,52.0607664],[90.0110617,51.9615868],[90.1351174,51.7604593],[89.926926,51.7571936],[89.6596753,51.5391677],[89.4334517,51.6084589],[89.24937,51.5432255],[89.2638243,51.6412419],[89.20731,51.658724],[88.7920147,51.5539619],[89.0088756,51.3942587],[88.9610898,51.2226697],[89.049849,51.159806],[89.0542213,51.047136],[89.8656495,50.4720459],[89.6551635,50.369729],[89.503339,50.4600064],[89.4968353,50.3639125],[89.3814789,50.3388887],[89.3092651,50.208459],[89.5201748,50.191731],[89.511507,50.1193095],[89.592042,50.0841919],[89.5246955,50.0393496],[89.6247903,49.9708552],[89.6244625,49.8063691],[89.7118805,49.7900976],[89.7192,49.7283],[89.36,49.5844],[89.1936369,49.6346834],[89.2009,49.5228],[88.9845,49.4637],[88.9000904,49.558961],[88.8429,49.4416],[88.5992,49.5009],[88.221784,49.47966],[88.118763,49.390801],[88.169084,49.292482],[87.988438,49.18302],[87.8145375,49.1701827],[87.866635,49.116333],[87.8258657,49.0488389],[87.900753,48.9821041],[87.7382754,48.8723932],[88.0910396,48.7125993],[87.9704904,48.5731714],[88.5162019,48.4003744],[88.6064958,48.3301207],[88.5863685,48.2176532],[88.6943435,48.178621],[88.9345193,48.1088497],[89.0626001,47.9882989],[89.5803308,48.031092],[89.758819,47.826089],[90.0576353,47.8846649],[90.1235532,47.7306356],[90.3675699,47.6601559],[90.5597877,47.2051672],[90.7603311,46.994685],[90.9206199,46.9391582],[90.9372282,46.8258761],[91.048399,46.719828],[91.0151,46.577957],[91.074768,46.559416],[90.8915663,46.3127012],[91.021993,46.022309],[90.7150125,45.7276183],[90.6703269,45.4869744],[90.7698523,45.4283909],[90.883794,45.189268],[91.122238,45.214054],[91.335162,45.123761],[91.7138452,44.6374069],[92.109353,43.7076094],[92.0214624,42.9564386],[91.538064,42.1471308],[91.5600366,41.6565136],[91.406228,40.9633245],[91.1205835,40.229235],[90.5273218,39.5549],[89.6703882,39.1982224],[87.7807397,38.7541004],[86.9018335,38.2381974],[87.0556421,37.99618],[87.890603,37.7186077],[88.5278101,37.1077826],[88.1982202,36.8620603],[87.253396,36.7565079],[85.3198022,36.3328458],[84.7485132,36.0668799],[82.9247827,35.9246623],[81.8041772,35.6751653],[80.925271,35.2815186],[80.2001733,34.7596842],[79.6728296,34.4703532],[76.7733647,33.2842378],[76.4167779,33.6163353],[75.9848779,33.7568865],[75.3078457,34.4609945],[75.1924889,34.9045167],[75.4019158,35.0103154],[75.48294,35.1895229],[75.3092187,35.4975747],[74.985122,35.7208734],[74.9452966,35.8556663],[75.1011651,35.9785624],[75.6463616,35.9702271],[75.9439264,36.0878576],[75.9678502,36.149349],[75.78369,36.2575639],[75.448607,36.66842],[74.8852049,36.934906],[74.839072,37.058568],[74.1110223,37.0239363],[73.805465,37.1800145],[73.7758934,37.4400938],[73.5124716,37.4745299],[73.1495583,37.4043116],[73.0941756,37.3248156],[72.8127717,37.2293952],[72.6625196,37.0176869],[72.3257058,36.9813016],[71.8436383,36.6806171],[71.7087933,36.6794336],[71.824492,36.8697346],[71.8292992,37.0409288],[72.0304864,37.2188471],[72.0689385,37.4650491],[72.2227471,37.6017208],[72.1664415,37.9431156],[71.9913476,38.1043058],[71.9288628,38.2597503],[72.1980272,38.311492],[72.2996507,38.6157985],[72.2721849,38.7444452],[72.0400987,38.8717913],[72.1142564,39.2375727],[72.7164458,39.3693409],[72.852401,39.6046306],[73.1455987,39.8486128],[73.0762475,40.21349],[72.8784936,40.4176789],[73.0865472,40.548766],[73.286361,40.8086128],[73.6420434,40.8475803],[73.8915538,40.9907831],[73.8238823,41.163826],[73.6422124,41.3127128],[73.5047145,41.3285528],[73.4974828,41.4154882],[73.3861082,41.472168],[73.6299735,41.5866079],[73.8197184,41.5410617],[73.9389453,41.60386],[73.8762933,41.7210238],[73.6037044,41.7978332],[73.7856438,41.929055],[73.761539,41.9986984],[73.3565987,42.0305437],[73.2943073,42.1032324],[72.9717215,42.1342168],[72.8032695,42.0608571],[72.2371367,42.2200918],[72.1358655,42.0583873],[71.6130961,42.2181579],[71.4521741,42.1837002],[71.0636935,42.2949036],[70.890861,42.263248],[70.8655832,42.3201236],[70.9801217,42.4975601],[71.0889746,42.4843773],[69.8153659,43.4808284],[69.7412082,43.6360771],[69.8455783,43.9058103],[71.4743015,44.5669929],[73.4120164,45.7445279],[73.3996575,45.8091795],[73.5684012,45.7925444],[73.637409,45.985393],[73.7343975,45.9852739],[73.6193844,46.1355977],[73.7330243,46.1717477],[73.7512204,46.2420769],[73.8339611,46.151773],[73.8947293,46.2078739],[73.9977261,46.1712722],[74.055061,46.2261657],[73.9510342,46.3016436],[74.0629571,46.4392769],[74.2167657,46.4354913],[74.3911736,46.5772713],[74.529876,46.5975627],[74.5463555,46.7149153],[74.6445458,46.7723204],[74.8587792,46.7638546],[74.9816888,46.8324829],[75.0043481,46.768558],[75.0846856,46.8371803],[75.1389306,46.7473896],[75.3380578,46.6937258],[75.9498589,46.8287248],[75.9580987,46.755858],[76.174392,46.8066401],[76.5184014,46.6103],[76.5898125,46.6762972],[76.7044823,46.6654603],[76.9194024,46.5550835],[76.811599,46.6885449],[76.9365685,46.6244491],[77.0436852,46.646137],[77.1473687,46.5371378],[77.2441857,46.5508337],[77.2743981,46.6296361],[77.8892895,46.6536784],[78.0489342,46.5824628],[78.1278985,46.6136018],[78.3139794,46.445428],[78.3373254,46.6084132],[78.4533685,46.5980345],[78.6140435,46.7572692],[78.7651055,46.7219766],[78.8214104,46.65415],[78.781585,46.6126585],[78.9312737,46.6334082],[78.7596124,46.7492716],[78.8852685,46.8061701],[78.9910119,46.7445665],[79.0225976,46.8179185],[79.1324609,46.8108698],[79.2288493,46.6800656],[79.3858331,46.7064405],[79.5726006,46.8616],[79.560241,47.228895],[79.7167965,47.3297485],[79.5753465,47.5468725],[79.6302782,47.6459627],[79.9516283,47.7079143],[80.0752245,47.8362062],[80.5187975,47.9430277],[80.6822191,48.0633975],[80.9596239,48.0661507],[81.3290392,48.6093068],[81.6751085,48.810482],[82.0472704,48.8945191],[82.5073228,49.3340727],[82.5430284,49.392207],[82.4853502,49.4957835],[82.6000207,49.753324],[82.7382086,49.9273561],[83.0154405,50.1082501],[83.1156908,50.2717887],[83.1520837,50.6877584],[83.0511468,50.8822435],[82.7957146,50.9817767],[82.7380364,51.1543707],[82.9488366,51.4749686],[83.5613244,51.7274539],[84.3557732,51.9281783],[85.2154534,52.5496365],[86.2879937,53.0032155],[86.4157098,53.1685921],[87.2953322,53.2808079]]]]}},{"type":"Feature","properties":{"name":"Khoshut Khanate","historical_entity":"Khoshut Khanate","ohm_relation_id":2890041,"start_date":"1642","end_date":"1717","admin_level":"2","boundary":"administrative","source":null,"_historical_overlay":true},"geometry":{"type":"MultiPolygon","coordinates":[[[[88.9213678,27.3272875],[88.7768269,27.4692925],[88.8881208,27.8564067],[88.7547412,28.0803006],[88.6333677,28.1226411],[88.4135914,27.981077],[88.1424595,27.9652766],[88.1112941,27.8683834],[87.8316639,27.9530493],[87.7252112,27.8054709],[87.562885,27.8668],[87.1940962,27.8201999],[87.038105,27.950253],[86.757076,28.035767],[86.715515,28.108609],[86.563074,28.110078],[86.5138818,27.9570913],[86.411367,27.906236],[86.226295,27.98129],[86.186388,28.173806],[86.0811892,28.090602],[86.1246978,27.9277009],[86.000154,27.911588],[85.849439,28.183312],[85.750309,28.236476],[85.711978,28.385833],[85.608295,28.256302],[85.506197,28.333371],[85.377056,28.2780977],[85.1195935,28.3363515],[85.100166,28.458613],[85.186426,28.533005],[85.187019,28.642005],[85.058169,28.682478],[84.983746,28.591867],[84.8566532,28.5708093],[84.695878,28.636301],[84.625489,28.736746],[84.485721,28.736595],[84.395567,28.858817],[84.2262376,28.89306],[84.249143,29.036704],[84.189695,29.047293],[84.162317,29.185549],[84.202402,29.236222],[84.094248,29.292947],[83.902897,29.326981],[83.640756,29.16059],[83.578888,29.178893],[83.347605,29.492767],[83.268645,29.508045],[83.277872,29.569912],[82.935257,29.704689],[82.827557,29.690319],[82.6903085,29.7631255],[82.726663,29.834626],[82.622895,29.838256],[82.549835,29.963806],[82.171975,30.065456],[82.206161,30.154248],[82.100881,30.236385],[82.08167,30.362086],[81.993786,30.320942],[81.628784,30.445886],[81.553,30.371767],[81.407786,30.420928],[81.395534,30.206888],[81.256975,30.150769],[81.250622,30.015085],[81.149729,30.011757],[81.030433,30.247601],[80.801598,30.323033],[80.60663,30.471487],[80.27317,30.567237],[80.207926,30.588318],[80.248098,30.743572],[80.178223,30.806774],[80.109656,30.780947],[79.752312,31.005804],[79.600909,30.938809],[79.506865,31.03239],[79.427466,31.022924],[79.099114,31.454677],[78.899509,31.289732],[78.78079,31.31016],[78.796741,31.444074],[78.72029,31.508142],[78.846641,31.609164],[78.709153,31.771973],[78.520659,31.7655386],[78.1498705,31.6101196],[77.6623521,32.0558098],[77.7186571,32.4506806],[77.6197801,32.6798417],[77.3162828,32.9752612],[76.8514245,33.1910077],[76.7733647,33.2842378],[79.6728296,34.4703532],[80.2001733,34.7596842],[80.925271,35.2815186],[81.8041772,35.6751653],[82.9247827,35.9246623],[84.7485132,36.0668799],[85.3198022,36.3328458],[87.253396,36.7565079],[88.1982202,36.8620603],[87.7587671,36.3682396],[87.6489038,35.9958032],[87.6269312,35.4248858],[87.8246851,34.9400032],[88.2421655,34.7957796],[88.4399194,34.5246796],[88.725564,33.9251479],[89.1210718,33.8156846],[90.1757593,34.1254658],[90.8129663,34.143653],[91.7138452,33.6878],[91.9994897,33.3947776],[92.5707788,33.3030045],[93.4716577,33.4681263],[93.9330835,33.7060809],[94.3725366,33.2111349],[94.987771,32.787293],[96.0864038,32.1756311],[96.7016382,33.1191686],[97.2729272,33.797427],[99.843728,33.2478943],[100.3271265,32.6578942],[99.5141382,30.770178],[99.5800562,30.467633],[100.0414819,30.1071369],[100.678689,28.998551],[101.1620874,27.7030032],[101.0302515,27.3327547],[100.5907983,27.0395762],[99.2284937,27.9362],[98.175909,27.835149],[98.1409979,28.1431366],[98.019806,28.198078],[97.908947,28.368307],[97.797115,28.329639],[97.663623,28.538381],[97.501872,28.494954],[97.5174576,28.3299645],[97.345948,28.214658],[97.125772,28.361187],[96.92352,28.353041],[96.861174,28.485312],[96.654851,28.609015],[96.538184,28.572245],[96.495966,28.42993],[96.408126,28.509372],[96.6101353,28.7082032],[96.5892603,28.8177862],[96.3658933,29.0389952],[96.3673763,29.1092742],[96.1985383,29.0233532],[96.1829163,29.1109562],[96.2994543,29.1908352],[96.0536276,29.3823766],[95.877492,29.314569],[95.812326,29.34753],[95.708829,29.204005],[95.605629,29.235996],[95.595676,29.18801],[95.502074,29.192157],[95.503614,29.126042],[95.433945,29.192749],[95.412736,29.125924],[95.299347,29.136469],[95.262616,29.06834],[95.054795,29.153412],[94.807259,29.164868],[94.693603,29.317934],[94.293217,29.152312],[94.276863,29.093863],[94.366375,29.025931],[94.260509,28.931677],[93.712243,28.664707],[93.5220837,28.6742479],[93.3895396,28.5325798],[93.2512137,28.5454734],[93.148613,28.3665682],[92.921611,28.20069],[92.6777458,28.1511682],[92.6568889,28.0769975],[92.731862,28.0545603],[92.7304887,27.9800008],[92.4560022,27.792921],[92.4218416,27.8356987],[92.3246812,27.7975146],[92.2443866,27.887753],[91.8726969,27.7202325],[91.8296651,27.7905092],[91.5403175,27.8262488],[91.6255951,27.892111],[91.3346669,28.066223],[90.989542,27.8242373],[90.7825183,27.9178285],[90.7935142,28.048029],[90.3803029,28.061711],[90.290448,28.163965],[90.1233241,28.194239],[90.0386669,28.137145],[89.79295,28.246551],[89.7656011,28.182394],[89.5088459,28.092585],[89.389121,27.890266],[89.2355281,27.802458],[89.129471,27.632081],[89.1520222,27.557446],[89.0103292,27.5028092],[89.0473068,27.4709553],[88.9773061,27.3560637],[89.066205,27.2408944],[88.9879381,27.2125075],[88.9055554,27.2740747],[88.9213678,27.3272875]]]]}},{"type":"Feature","properties":{"name":"Ryukyu Kingdom","historical_entity":"Ryukyu Kingdom","ohm_relation_id":2890079,"start_date":"1612","end_date":"1872-09-13","admin_level":"2","boundary":"administrative","source":null,"_historical_overlay":true},"geometry":{"type":"MultiPolygon","coordinates":[[[[127.1397163,26.4362371],[127.2216824,26.3572974],[127.1152452,26.3043206],[127.0400989,26.3974484],[127.1397163,26.4362371]]],[[[127.2831015,26.5373661],[127.1748119,26.5316944],[127.1617176,26.6149012],[127.2750547,26.6442035],[127.2831015,26.5373661]]],[[[126.9001827,26.2954714],[126.7557863,26.2556823],[126.6543637,26.3355099],[126.6830773,26.4191587],[126.9308916,26.3983093],[126.9590046,26.3393512],[126.9001827,26.2954714]]],[[[126.852747,26.5440922],[126.7707504,26.5731091],[126.8100006,26.6457435],[126.8887745,26.6136362],[126.852747,26.5440922]]],[[[127.9975559,26.878868],[127.9296447,26.8385732],[127.8630759,26.8793644],[127.8544605,27.0053452],[127.9272605,27.0998271],[128.0179637,27.1483971],[128.0810549,27.1086279],[127.9975559,26.878868]]],[[[128.2190845,27.939287],[128.2940557,27.876008],[128.2490355,27.8103436],[128.1588999,27.8687295],[128.2190845,27.939287]]],[[[125.0823204,24.8553637],[125.245165,25.0293838],[125.3645257,25.0329545],[125.4174677,24.9798335],[125.3626352,24.8699399],[125.4471113,24.8136308],[125.5262504,24.738857],[125.5095041,24.67791],[125.2407512,24.6604947],[125.0823204,24.8553637]]],[[[124.7384715,24.5929154],[124.6145113,24.6302628],[124.6356907,24.7917843],[124.7569197,24.7755523],[124.7869969,24.6556557],[124.7384715,24.5929154]]],[[[123.6967435,24.4266014],[123.8147624,24.5322436],[124.0147505,24.4192741],[124.0789949,24.5260399],[124.1751185,24.5153627],[124.3077112,24.6649154],[124.3961726,24.6224073],[124.3583015,24.507108],[124.2786921,24.3067447],[123.9352275,24.1569787],[123.623398,24.2589869],[123.6100536,24.3299594],[123.6967435,24.4266014]]],[[[123.8119665,23.9969134],[123.7016969,24.0266481],[123.7432553,24.1177327],[123.8642806,24.0888227],[123.8119665,23.9969134]]],[[[122.9917579,24.3858523],[122.8737192,24.4501168],[122.9893518,24.5272479],[123.1008972,24.4617988],[122.9917579,24.3858523]]],[[[127.9663238,26.1953634],[127.9321838,26.1170703],[127.6840363,26.020983],[127.6015692,26.0563277],[127.5833039,26.1989372],[127.5145358,26.2105268],[127.3559847,26.0892031],[127.1789388,26.141423],[127.1847201,26.2459778],[127.2837858,26.3007746],[127.6570049,26.3065286],[127.6595354,26.4699324],[127.785405,26.5209695],[127.8571525,26.5674864],[127.6959829,26.6890376],[127.7233453,26.7826234],[128.0739036,26.7412161],[128.258633,26.9294468],[128.3727405,26.8495855],[128.3836695,26.7229389],[128.0406237,26.4465361],[128.0559208,26.2901119],[127.9663238,26.1953634]]]]}},{"type":"Feature","properties":{"name":"Bhutan","historical_entity":"Bhutan","ohm_relation_id":2906077,"start_date":"1616","end_date":"1784","admin_level":"2","boundary":"administrative","source":null,"_historical_overlay":true},"geometry":{"type":"MultiPolygon","coordinates":[[[[91.4079863,26.8389],[91.3373252,26.7806167],[91.0976398,26.8220831],[90.7144398,26.7685394],[90.3567225,26.9010221],[90.1399888,26.7538068],[89.7638179,26.6987873],[89.3697108,26.8572747],[89.1267309,26.8072639],[88.9173036,26.9980878],[88.8704994,26.9445745],[88.8660798,27.1091873],[88.7461356,27.1426321],[88.8318674,27.2624602],[89.066205,27.2408944],[88.9773061,27.3560637],[89.0473068,27.4709553],[89.0103292,27.5028092],[89.1520222,27.557446],[89.129471,27.632081],[89.2355281,27.802458],[89.389121,27.890266],[89.5088459,28.092585],[89.7656011,28.182394],[89.8369213,28.3080082],[90.183849,28.375392],[90.2629849,28.3080082],[90.3869244,28.326747],[90.6169506,28.2263653],[90.4494712,28.050363],[90.7935142,28.048029],[90.7825183,27.9178285],[90.989542,27.8242373],[91.1598944,27.9735009],[91.2503171,27.9708288],[91.338926,28.065683],[91.6255951,27.892111],[91.5396738,27.8294747],[91.644836,27.770221],[91.5638072,27.6405843],[91.5819625,27.5570177],[91.729831,27.4695972],[92.0175756,27.4801216],[92.1252321,27.2817698],[92.037693,27.2584847],[92.0230984,27.1102014],[92.1199585,26.9715912],[92.1023946,26.8673361],[91.8924242,26.9188283],[91.6901334,26.8068021],[91.4079863,26.8389]]]]}},{"type":"Feature","properties":{"name":"Kingdom of Mutapa","historical_entity":"Kingdom of Mutapa","ohm_relation_id":2914587,"start_date":"1450","end_date":"1760","admin_level":"2","boundary":"administrative","source":null,"_historical_overlay":true},"geometry":{"type":"MultiPolygon","coordinates":[[[[30.8073793,-15.6481625],[31.152763,-15.7228649],[31.3810723,-15.6567585],[32.1356957,-15.6878311],[32.4091529,-15.5701278],[32.6487064,-15.5541697],[33.0223274,-15.6232434],[33.7467357,-16.344188],[33.12103,-16.5308958],[32.4343845,-16.9753653],[31.2684618,-17.357191],[30.491179,-17.1197912],[30.6449876,-16.0365734],[30.8073793,-15.6481625]]]]}},{"type":"Feature","properties":{"name":"Kingdom of Ngoyo","historical_entity":"Kingdom of Ngoyo","ohm_relation_id":2914603,"start_date":"1250","end_date":"1885","admin_level":"2","boundary":"administrative","source":null,"_historical_overlay":true},"geometry":{"type":"MultiPolygon","coordinates":[[[[12.2270328,-5.5423854],[12.6817661,-5.5130107],[12.9978265,-5.8969717],[12.4437691,-6.0727612],[12.3258812,-5.9274316],[12.1526192,-5.7012346],[12.165471,-5.5687581],[12.2270328,-5.5423854]]]]}},{"type":"Feature","properties":{"name":"Kingdom of Kakongo","historical_entity":"Kingdom of Kakongo","ohm_relation_id":2914604,"start_date":"1250","end_date":"1885","admin_level":"2","boundary":"administrative","source":null,"_historical_overlay":true},"geometry":{"type":"MultiPolygon","coordinates":[[[[13.0485996,-5.1841094],[13.3648189,-5.9061259],[13.2215445,-5.8616181],[12.9978265,-5.8969717],[12.6817661,-5.5130107],[12.2289368,-5.5272246],[12.0601174,-5.0984591],[12.3555504,-5.0668499],[12.6969973,-5.2059143],[13.0485996,-5.1841094]]]]}},{"type":"Feature","properties":{"name":"Kingdom of Lunda","historical_entity":"Kingdom of Lunda","ohm_relation_id":2914609,"start_date":"1625","end_date":"1719","admin_level":"2","boundary":"administrative","source":null,"_historical_overlay":true},"geometry":{"type":"MultiPolygon","coordinates":[[[[23.104215,-7.9395456],[23.6900194,-7.9111814],[23.9459417,-7.9749943],[24.0109654,-8.0473583],[24.0240895,-8.2493171],[23.9337128,-8.3402241],[23.9381857,-8.7554227],[23.7831629,-9.0100687],[23.8307159,-9.0899024],[23.6138742,-9.173474],[23.0565529,-9.2401294],[22.6200162,-9.1650239],[22.5046875,-8.7617171],[22.5275055,-8.6408329],[22.5102057,-8.3797681],[22.5603902,-8.3804691],[22.620343,-8.2153694],[22.6505431,-7.9655422],[23.104215,-7.9395456]]]]}},{"type":"Feature","properties":{"name":"Kingdom of Torwa","historical_entity":"Kingdom of Torwa","ohm_relation_id":2914614,"start_date":"1450","end_date":"1680","admin_level":"2","boundary":"administrative","source":null,"_historical_overlay":true},"geometry":{"type":"MultiPolygon","coordinates":[[[[26.1941501,-21.7875541],[25.9551988,-20.7663855],[26.9247409,-20.0946243],[28.3035251,-19.864891],[29.0808078,-19.0075909],[29.8196384,-19.0179779],[30.1739474,-19.29818],[30.4705783,-20.5890784],[29.7399875,-22.3170461],[27.3257419,-22.3399119],[26.1941501,-21.7875541]]]]}},{"type":"Feature","properties":{"name":"Kingdom of Dahomey","historical_entity":"Kingdom of Dahomey","ohm_relation_id":2914815,"start_date":"1600","end_date":"1894","admin_level":"2","boundary":"administrative","source":null,"_historical_overlay":true},"geometry":{"type":"MultiPolygon","coordinates":[[[[1.874194,6.2359611],[1.7207323,7.0095802],[1.7330905,8.0048396],[1.9583102,8.4479247],[2.0873996,8.5375681],[2.2906467,8.5538646],[2.4664279,8.4533583],[2.5543185,8.2006192],[2.6174913,7.566716],[2.3094483,6.2959694],[2.1792125,6.2851548],[1.874194,6.2359611]]]]}},{"type":"Feature","properties":{"name":"Colony of Virginia","historical_entity":"Colony of Virginia","ohm_relation_id":2919891,"start_date":"1644","end_date":"1663","admin_level":"2","boundary":"administrative","source":null,"_historical_overlay":true},"geometry":{"type":"MultiPolygon","coordinates":[[[[-82.7644676,35.0681841],[-82.3047423,35.3624597],[-82.3683799,35.4780588],[-82.27097,35.6134916],[-82.2856312,35.7094943],[-81.9778411,35.9138097],[-81.8759107,36.1259269],[-81.6658112,36.1232156],[-81.5983046,36.2228258],[-81.1713694,36.4337181],[-80.9790961,36.3969359],[-80.912633,36.5620464],[-80.7001056,36.6637314],[-80.5132768,36.6563195],[-80.1478827,36.9534158],[-80.1151058,37.1033503],[-80.2057127,37.0404697],[-80.4419307,37.0651119],[-80.3796453,37.1368713],[-80.3953471,37.2742961],[-80.4634155,37.297456],[-80.2102282,37.4457619],[-80.5123816,37.348128],[-80.4939504,37.4818884],[-80.3341306,37.5655283],[-80.3211762,37.6828209],[-79.7760251,38.2858782],[-79.6327701,38.663356],[-79.5078372,38.7937368],[-79.5405606,38.861171],[-79.3609829,38.9378286],[-79.3053219,39.0570652],[-79.3490086,39.0967645],[-79.2963774,39.1986348],[-79.4729017,39.1828071],[-79.4925856,39.2291895],[-79.2949086,39.4031028],[-79.1846486,39.6032036],[-78.9538518,39.7058405],[-78.9638988,39.8258577],[-78.5701236,40.398003],[-78.562818,40.4594436],[-78.748873,40.5387749],[-78.728402,40.5793391],[-78.9155424,40.7365914],[-78.8815709,40.8930289],[-78.6420393,41.0984472],[-78.6936125,41.2111812],[-78.5109651,41.4201548],[-78.5627298,41.4814674],[-78.4696819,41.6238335],[-78.3797701,41.6049624],[-78.2763216,41.6905288],[-78.0105298,41.746787],[-77.8986492,41.7142999],[-77.6991749,41.9989857],[-74.2399837,39.464983],[-74.565241,39.210642],[-74.743107,38.958885],[-75.015123,38.788657],[-75.321021,39.251379],[-75.560538,39.455645],[-75.51196,39.56729],[-75.558773,39.629987],[-75.405414,39.796396],[-75.6172527,39.8340073],[-75.8211188,39.7218953],[-78.1585408,39.6970172],[-78.0067365,39.6013452],[-77.8341964,39.6034112],[-77.8889484,39.5559582],[-77.7659964,39.4957332],[-77.8032524,39.4371441],[-77.7390984,39.3998501],[-77.7578234,39.3354181],[-77.5653623,39.3054901],[-77.4576823,39.2250291],[-77.5199323,39.1209341],[-77.2484052,39.0269171],[-77.0406011,38.8712201],[-77.0423011,38.718523],[-77.3100932,38.49492],[-77.2796362,38.3394519],[-77.0415081,38.400702],[-76.949318,38.2083869],[-76.6049013,38.1486418],[-76.5165499,38.0265739],[-76.2374768,37.8867099],[-76.0524054,37.9535172],[-75.8011599,37.9121847],[-75.624341,37.9943011],[-75.1664367,38.0278417],[-75.3031337,37.8381766],[-75.4609347,37.7713636],[-75.6443878,37.3422775],[-75.9283088,36.9381864],[-75.7113207,36.2512778],[-75.4178216,35.6860892],[-75.4876866,35.185001],[-76.0244318,35.005371],[-76.5316459,34.5317429],[-76.742183,34.6476609],[-77.1230011,34.5843819],[-77.2778371,34.5001719],[-83.4237117,34.6745138],[-83.6559064,34.8292537],[-83.5589903,35.038361],[-83.3629902,34.908243],[-83.2847754,35.0373016],[-83.1872354,35.0440261],[-83.0758549,35.1611942],[-82.9259158,35.1635538],[-82.7644676,35.0681841]]]]}},{"type":"Feature","properties":{"name":"Maryland Palatinate","historical_entity":"Maryland Palatinate","ohm_relation_id":2919892,"start_date":"1644","end_date":"1654","admin_level":"2","boundary":"administrative","source":null,"_historical_overlay":true},"geometry":{"type":"MultiPolygon","coordinates":[[[[-78.099149,39.7226503],[-75.7883608,39.7218193],[-75.6935227,38.460137],[-74.9879466,38.4366368],[-75.1664367,38.0278417],[-75.624341,37.9943011],[-75.8011599,37.9121847],[-76.0524054,37.9535172],[-76.2374768,37.8867099],[-76.5165499,38.0265739],[-76.6049013,38.1486418],[-76.949318,38.2083869],[-77.0415081,38.400702],[-77.2837942,38.3428509],[-77.3100932,38.49492],[-77.0918021,38.703424],[-77.0414011,38.724523],[-77.0673021,38.8992201],[-77.5199323,39.1209341],[-77.4591533,39.2274301],[-77.7578234,39.3354181],[-77.7390984,39.3998501],[-77.8032524,39.4371441],[-77.7659964,39.4957332],[-77.8889484,39.5559582],[-77.8321824,39.6016332],[-78.0067365,39.6013452],[-78.1569485,39.6917972],[-78.099149,39.7226503]]]]}},{"type":"Feature","properties":{"name":"Sultanate of Qishn and Socotra","historical_entity":"Sultanate of Qishn and Socotra","ohm_relation_id":2920979,"start_date":"1511","end_date":"1886","admin_level":"2","boundary":"administrative","source":"https://en.wikipedia.org/wiki/Mahra_Sultanate","_historical_overlay":true},"geometry":{"type":"MultiPolygon","coordinates":[[[[53.1034595,12.6474868],[53.1718049,12.6902106],[53.2115545,12.6255906],[53.1440695,12.5832783],[53.1034595,12.6474868]]],[[[53.1005933,12.0815676],[52.9372631,12.1317565],[52.9758948,12.2242882],[53.1280208,12.1961302],[53.1005933,12.0815676]]],[[[54.324167,12.6650942],[54.5595511,12.5985498],[54.5767366,12.5206728],[54.0192527,12.278179],[53.6666305,12.2519253],[53.4574429,12.37117],[53.2538539,12.540046],[53.4757275,12.7583769],[53.6654805,12.7555676],[53.8218416,12.6542501],[54.1137857,12.7560029],[54.324167,12.6650942]]],[[[52.1581321,12.1343915],[52.0205914,12.1881406],[52.0289634,12.2816813],[52.3096989,12.2568266],[52.4370874,12.2277745],[52.4195989,12.1160363],[52.1581321,12.1343915]]],[[[52.1073478,12.4870986],[52.1874443,12.4694008],[52.1622828,12.3897646],[52.0859266,12.4076029],[52.1073478,12.4870986]]],[[[53.2979018,12.0562548],[53.193748,12.113341],[53.2749724,12.1832968],[53.3651943,12.1200545],[53.2979018,12.0562548]]],[[[53.1294721,16.6026719],[52.5307432,16.3998181],[52.3365275,16.2426328],[52.2046308,15.9708986],[52.2496659,15.5838611],[51.7131976,15.3706282],[51.6874238,15.2919588],[51.3090676,15.1731434],[50.7839964,15.031531],[50.6689426,15.302733],[50.5178806,15.3504132],[50.4299899,15.5277935],[50.2542087,15.6018775],[50.232236,15.6759348],[50.4684421,16.0906839],[50.265195,16.2278634],[50.2349826,16.5782902],[51.086423,17.1801577],[51.5313693,17.9238653],[51.8060275,18.101479],[52.2015353,18.1797809],[52.558591,18.0048585],[52.9678317,17.9473833],[53.6489841,17.7382256],[54.4894382,17.6597282],[54.681701,17.2136091],[54.8245232,17.1237304],[54.8650353,17.0088588],[54.8081238,16.8879996],[54.583034,16.976002],[54.0821999,16.9415348],[53.6970595,16.7343642],[53.1294721,16.6026719]]]]}},{"type":"Feature","properties":{"name":"Portuguese India","historical_entity":"Portuguese India","ohm_relation_id":2922067,"start_date":"1539","end_date":"1783-06-10","admin_level":"2","boundary":"administrative","source":null,"_historical_overlay":true},"geometry":{"type":"MultiPolygon","coordinates":[[[[71.0364949,20.6788421],[70.8888629,20.6535279],[70.8716869,20.7165405],[71.0002613,20.7427099],[71.0364949,20.6788421]]],[[[71.1518997,20.7106165],[71.1447886,20.7584805],[71.1452189,20.7600979],[71.1460555,20.7632418],[71.1463666,20.7632017],[71.146549,20.7640494],[71.1467475,20.7650576],[71.1473171,20.7673036],[71.1474395,20.7677863],[71.1498194,20.7676772],[71.1635971,20.766748],[71.1923511,20.7327049],[71.1880397,20.7274292],[71.1845316,20.7240416],[71.1806753,20.7209628],[71.1758782,20.71786],[71.1714371,20.715572],[71.1667731,20.7136829],[71.1619507,20.7122186],[71.1562492,20.711069],[71.1518997,20.7106165]]],[[[72.8555711,20.467485],[72.8979835,20.4205136],[72.8907581,20.3725523],[72.7749147,20.394857],[72.8091011,20.4940758],[72.8555711,20.467485]]]]}},{"type":"Feature","properties":{"name":"Mughal Empire","historical_entity":"Mughal Empire","ohm_relation_id":2922302,"start_date":"1636","end_date":"1666","admin_level":"2","boundary":"administrative","source":null,"_historical_overlay":true},"geometry":{"type":"MultiPolygon","coordinates":[[[[89.8349074,26.4139713],[89.7198645,26.3070321],[89.6986226,26.1907621],[89.8711232,25.9810711],[89.8253404,25.9454557],[89.8869414,25.945343],[89.8164679,25.8154973],[89.8823816,25.6172852],[89.8311292,25.2961842],[89.9665487,25.3037737],[90.4409379,25.1446441],[91.2679118,25.2073142],[91.4704062,25.1339362],[91.6124559,25.1762999],[91.6377648,25.1227061],[92.0616931,25.1878492],[92.425433,25.0303186],[92.4189731,24.9665425],[92.4890304,24.9480614],[92.4977997,24.8761076],[92.4009981,24.8486531],[92.231795,24.9002596],[92.2964065,24.736852],[92.2311231,24.531329],[92.1546103,24.5233644],[92.1219231,24.3823767],[91.9199075,24.3370858],[91.9057506,24.1388149],[91.744773,24.2474159],[91.762564,24.1418016],[91.66587,24.233536],[91.5861149,24.0727239],[91.3744833,24.1075405],[91.3793014,23.9753716],[91.3039345,23.9982905],[91.2327541,23.9272205],[91.2263596,23.7512292],[91.1496921,23.7119347],[91.208404,23.6865181],[91.1624652,23.5950827],[91.3200882,23.3602447],[91.3469572,23.1024354],[91.4172372,23.0646545],[91.4115159,23.284142],[91.6185816,22.9373111],[91.8356592,23.0923638],[91.7620048,23.3001222],[91.970267,23.4782891],[91.9570339,23.7341217],[92.047092,23.6457842],[92.1624885,23.7396458],[92.2111709,23.6530422],[92.24146,23.7205183],[92.289538,23.7020391],[92.404199,23.2408334],[92.3465159,23.2364658],[92.3714162,22.9362499],[92.4499083,22.8937645],[92.5288809,22.6646604],[92.6799131,21.2959774],[92.5964899,21.2451401],[92.5581881,21.3836389],[92.4388916,21.3649111],[92.3802916,21.4797103],[92.1973859,21.3288664],[92.1725461,21.1704592],[92.265381,21.0620223],[92.3865643,20.5531346],[92.2761566,20.5653546],[92.3188538,20.6999054],[92.0009779,21.1487385],[91.9460529,21.3695969],[91.7907911,21.5130655],[91.8241418,22.0340533],[91.5844468,22.5460593],[91.6020713,22.392148],[91.3519021,22.2026407],[91.2614121,22.2628596],[91.3908828,22.4480047],[91.371572,22.5036425],[91.2836618,22.3720085],[91.1532357,22.4092837],[91.2420497,22.2977336],[91.2144239,22.1484331],[91.1030012,21.9895662],[90.9032973,22.0035953],[90.8096811,21.809964],[90.6010032,21.8433017],[90.5035212,21.7628703],[90.2970811,21.8050872],[90.1621602,21.7453251],[89.9382761,21.905494],[89.907073,21.787549],[89.7576063,21.7874747],[89.6062698,21.6632547],[89.5143208,21.6946143],[89.2151041,21.6006908],[89.1580356,21.674577],[89.1158603,21.5846075],[88.8898564,21.4848685],[88.6937989,21.5270355],[88.6593227,21.6072037],[88.5443633,21.4786711],[88.3563068,21.5617387],[88.1863729,21.4912818],[88.0600957,21.5858562],[88.011,21.4969038],[87.959766,21.5597395],[88.0660506,21.9284811],[87.8300557,21.6601015],[87.4247356,21.4933251],[87.1908484,21.4812495],[86.9082592,21.2245392],[86.8910699,21.1112709],[87.1481435,20.7358679],[86.8595716,20.5202306],[86.8505809,20.3273614],[86.5595968,20.1297994],[86.4399402,19.9312504],[85.594582,19.6425595],[85.5601498,19.6991631],[85.4355236,19.6558444],[85.3026577,19.727928],[85.142761,19.6482958],[85.1739082,19.741146],[84.0610714,19.3696343],[83.5522342,19.0468497],[82.3189837,17.9676407],[82.0975813,17.8918807],[81.6975032,17.9639459],[81.1362285,18.2851082],[80.5082838,18.7911632],[80.3655287,18.8205494],[80.2452659,18.7654963],[80.2532963,18.7070864],[80.1277347,18.6854188],[79.8445118,18.8707663],[79.8096391,18.7040554],[79.6803027,18.6720741],[79.408248,18.8572498],[79.3086916,18.8160547],[79.1840968,18.8703831],[79.0018719,19.0795881],[78.6915501,19.0335981],[78.5468944,18.9427044],[78.2417502,19.0168879],[78.0510861,18.941196],[78.0367435,18.8763265],[77.8413053,18.8056484],[77.7539209,18.7014545],[77.7385495,18.5567862],[77.5964207,18.5489369],[77.5853492,18.4467883],[77.5275685,18.4421064],[77.5716258,18.3092274],[77.4927378,18.2671983],[77.3580295,18.3166684],[77.4142289,18.3922448],[77.3657105,18.4515566],[77.241844,18.4126],[77.1116184,18.1558292],[76.9520125,18.1880945],[76.9190569,17.9159521],[76.7400502,17.8996994],[76.7904705,17.8263333],[76.6909168,17.6810056],[76.61541,17.7703961],[76.5821017,17.7056824],[76.5233559,17.7597969],[76.4898284,17.6605],[76.331368,17.5974199],[76.3832379,17.3145306],[76.2421679,17.378841],[76.176396,17.3007922],[76.1190359,17.370508],[75.9309044,17.3225768],[75.8837268,17.4182242],[75.8042989,17.3678468],[75.6908189,17.4094761],[75.6260432,17.4919201],[75.6553729,17.5413593],[75.4527439,17.647784],[75.4554653,17.7101757],[75.3499872,17.6696533],[75.162715,17.7826167],[75.2133574,17.8491606],[75.1298237,17.8715182],[75.1990801,17.9444285],[75.1573991,17.9767821],[75.0407403,17.9055695],[74.7097771,18.0466449],[74.2785638,18.0786324],[73.9558404,18.1752123],[73.1977841,18.0672086],[73.1143567,17.9800397],[72.9710381,17.9676852],[72.8786999,18.2111749],[72.7990364,18.7023385],[72.8302284,18.8442415],[72.7475506,18.8885068],[72.7317353,19.3193085],[72.595446,19.8466372],[72.7017784,20.3087172],[72.8373212,20.5904067],[72.666316,21.0236295],[72.5704145,21.0961913],[72.546682,21.3175226],[72.6123022,21.4922163],[72.4746275,21.6735405],[72.4874067,22.1384976],[72.3624252,22.081931],[72.304007,21.8960087],[72.4142835,21.5782881],[72.3243642,21.5480741],[72.1466001,21.1630023],[70.9960417,20.653045],[70.8231778,20.6399271],[70.5069207,20.7590466],[70.0416087,21.0855139],[69.6010553,21.5636728],[69.2061936,21.8853041],[68.8800993,22.2910126],[68.9356899,22.4388977],[69.0567527,22.5297634],[69.2387354,22.4538148],[69.2834312,22.5654685],[69.4294621,22.5809465],[69.4656398,22.5180694],[69.3829717,22.4686192],[69.3987024,22.3932432],[69.4947608,22.4770567],[69.8097464,22.5481058],[69.9298225,22.6565533],[70.1297163,22.5972998],[70.3003289,22.8929966],[69.8692384,22.8140334],[69.7130285,22.6880604],[69.1715945,22.7867799],[68.619455,23.1099599],[68.4194612,23.3323147],[68.378954,23.5546234],[68.1857184,23.5440466],[68.1327668,23.6482869],[67.9143465,23.7254555],[67.8767732,23.7945426],[67.6937928,23.7492147],[67.4670854,23.8753984],[67.3476121,23.9932592],[67.1212296,24.6331231],[66.8643032,24.8000416],[66.6542115,24.773958],[66.5490818,24.8714085],[66.6937063,24.8819206],[66.9877611,25.0569904],[67.4526208,25.838832],[67.4491875,26.1203023],[67.1995922,26.5117482],[67.1607958,26.752663],[66.9685357,26.6327293],[67.1360772,26.3555749],[67.0899003,25.8857133],[66.9712823,25.8684922],[66.958236,26.0234686],[66.7282098,26.5418521],[66.6128533,26.4988445],[66.3182824,26.5332519],[66.1926263,26.366034],[66.2846368,25.8827017],[66.1287682,25.5027852],[65.7390973,25.5483272],[65.5399701,25.4593951],[65.5743023,25.5377952],[65.5149075,25.7751609],[65.4503628,25.792782],[65.3861615,25.7046504],[65.3518292,25.7992733],[65.2337262,25.7831989],[65.1935574,25.9265547],[65.3161236,26.0314894],[65.1506421,26.0626432],[65.3295132,26.2346103],[65.2086636,26.3638805],[65.4860684,26.6038771],[65.228233,26.5486086],[65.1321026,26.6072538],[65.3631588,26.853786],[65.3542324,26.9526775],[65.9584805,27.9110028],[65.9787365,28.0204696],[65.9035489,28.054712],[65.9255215,28.1310363],[65.8317944,28.2399768],[66.0906598,28.6613703],[66.1013028,28.7246148],[66.0422512,28.7065488],[66.0209652,28.7625431],[66.0879132,28.8491848],[66.1600109,29.332802],[66.0817334,29.3390872],[66.0007092,29.19383],[65.4702752,29.0327588],[64.9305718,28.6960092],[64.1938012,28.5133499],[63.8209527,28.2983356],[63.8188927,28.3448785],[63.2675164,28.3128447],[62.7902277,27.9146566],[62.793324,28.27901],[62.597191,28.24842],[62.389486,28.432248],[61.910018,28.564377],[61.478861,29.023639],[61.360123,29.378458],[60.872972,29.858472],[61.804248,30.834396],[61.784765,30.941053],[61.8357209,30.9762394],[61.778533,31.302988],[61.70667,31.376244],[60.856074,31.486518],[60.816086,32.026384],[60.883056,32.197778],[60.583154,33.129823],[60.866669,33.421691],[60.851136,33.482205],[60.9462881,33.513683],[60.5812773,33.5970233],[60.5210952,34.1009576],[60.686496,34.310708],[60.918373,34.304756],[60.739083,34.518086],[61.000798,34.642976],[61.145771,35.080611],[61.091775,35.263737],[61.190296,35.292865],[61.274126,35.60515],[61.371988,35.623788],[61.587758,35.43695],[62.06428,35.43442],[62.266188,35.29516],[62.305539,35.129093],[62.47756,35.278924],[62.627865,35.20793],[62.743714,35.251786],[63.099102,35.417985],[63.094889,35.618425],[63.248616,35.681239],[63.099691,35.817278],[63.120703,35.863179],[63.535379,35.903273],[63.989234,36.036302],[64.068541,35.997294],[64.093274,36.129387],[64.283844,36.151517],[64.579957,36.351645],[64.636311,36.442278],[64.618141,36.635968],[64.798198,36.922695],[64.755751,37.112878],[65.132608,37.246059],[65.531184,37.238038],[65.76062,37.550763],[66.316183,37.321427],[66.949974,37.39825],[67.059192,37.372518],[67.264456,37.182738],[67.500143,37.281752],[67.680735,37.232606],[68.020205,36.922609],[68.272401,37.012295],[68.295317,37.105161],[68.645763,37.208157],[68.681297,37.280026],[68.820326,37.243756],[68.834813,37.317985],[68.913005,37.268],[68.904604,37.334437],[69.246418,37.095687],[69.32231,37.117019],[69.453934,37.233733],[69.378114,37.430848],[69.528707,37.588395],[69.809123,37.567668],[69.911883,37.619922],[70.172345,37.530447],[70.303519,37.693949],[70.18224,37.945031],[70.271214,37.939535],[70.505021,38.121855],[70.675839,38.407166],[70.873128,38.469063],[70.954103,38.437355],[70.98841,38.490733],[71.056212,38.398408],[71.105365,38.421978],[71.373526,38.255973],[71.257316,37.922895],[71.590935,37.920335],[71.428848,37.072315],[71.570946,36.7525406],[71.675568,36.672278],[71.8436383,36.6806171],[72.3257058,36.9813016],[72.6625196,37.0176869],[72.8152614,37.2311678],[73.3066472,37.4636108],[73.7758934,37.4400938],[73.774595,37.339241],[73.617057,37.270505],[73.758528,37.221767],[74.197299,37.335179],[74.242348,37.414989],[74.689227,37.405846],[74.803881,37.355004],[74.888352,37.223079],[74.741052,37.286128],[74.501097,37.239352],[74.455974,37.14288],[74.494924,37.065266],[74.839072,37.058568],[74.9082769,36.929445],[74.9169698,36.978512],[75.140645,37.026747],[75.233421,36.959055],[75.3995239,36.955057],[75.4546241,36.722443],[75.6403229,36.770324],[75.864847,36.669735],[76.0120571,36.464363],[75.9852151,36.341644],[76.061984,36.227331],[76.0063388,36.233893],[75.941964,36.070845],[76.1009378,36.016186],[76.1532721,35.83032],[76.3593779,35.828165],[76.5558349,35.927243],[76.5864961,35.77555],[76.7599721,35.6623342],[77.1940114,35.5218414],[77.6905917,35.4517909],[77.8120637,35.5232328],[77.9109904,35.4620991],[78.1358813,35.4933115],[78.0032132,35.2394089],[78.2014758,34.9730838],[78.2022153,34.7354448],[78.272983,34.6297702],[78.4219262,34.5947733],[78.4354847,34.5419334],[78.5519156,34.5715444],[78.5799089,34.5043863],[78.7097062,34.5258831],[78.8868141,34.3597164],[78.9635398,34.3873175],[79.044455,34.3273808],[78.979784,34.3150679],[78.9076035,34.141595],[78.6611892,34.0845791],[78.7642471,33.9081894],[78.7752406,33.7378895],[78.6962324,33.6398027],[78.7580634,33.6234365],[78.7340354,33.5654999],[78.8359291,33.4266235],[79.163905,33.173476],[79.1749633,32.9857514],[79.2838411,32.9526512],[79.4607561,32.7100333],[79.4134632,32.5202315],[79.276039,32.556002],[79.131546,32.480951],[79.100153,32.370628],[78.968287,32.33574],[78.779367,32.479016],[78.739516,32.695747],[78.3928427,32.5392422],[78.4724284,32.4434269],[78.488363,32.275637],[78.7788651,31.9935742],[78.702103,31.806491],[78.846641,31.609164],[78.720455,31.508868],[78.796741,31.444074],[78.768439,31.326309],[78.899509,31.289732],[79.099114,31.454677],[79.427466,31.022924],[79.506865,31.03239],[79.600909,30.938809],[79.752312,31.005804],[79.866039,30.971783],[79.930972,30.88054],[80.238638,30.762319],[80.211384,30.584509],[80.60663,30.471487],[81.044789,30.210512],[80.9284557,30.1747681],[80.9074095,30.2226852],[80.74398,30.0044829],[80.6019681,29.9569946],[80.4934412,29.7946435],[80.3679909,29.7485727],[80.4092598,29.5975314],[80.2421487,29.4427314],[80.3176469,29.3130917],[80.2979122,29.2052104],[80.2480589,29.2208705],[80.2712727,29.1403862],[80.1446575,29.1025827],[80.0755052,28.8236506],[80.5153325,28.552515],[80.5034665,28.6644338],[80.5691746,28.6881237],[80.9152568,28.4575571],[81.2106529,28.360715],[81.3165361,28.1343968],[81.4256363,28.1711619],[81.4781368,28.0826144],[81.8846542,27.8569022],[82.0699688,27.9233303],[82.4492562,27.67967],[82.7084513,27.7230077],[82.7350736,27.5026676],[83.188364,27.4539188],[83.3179018,27.3305278],[83.4097256,27.4126235],[83.3881798,27.4794087],[83.614879,27.4692607],[83.8638289,27.3441736],[83.8481174,27.4488255],[84.0163425,27.437166],[84.146864,27.518401],[84.2941544,27.3824222],[84.620175,27.3392896],[84.6914,27.2149373],[84.6432963,27.0464652],[84.9621897,26.9605719],[85.0608802,26.8869262],[85.023099,26.8552344],[85.1905482,26.8702067],[85.2119319,26.7578846],[85.3343639,26.7417193],[85.6352131,26.8723827],[85.7292674,26.8086578],[85.7323681,26.6536206],[85.8499445,26.5684563],[86.0272966,26.6662709],[86.2179585,26.5886325],[86.3328523,26.6194742],[86.7301968,26.4224579],[87.0707666,26.5865222],[87.0911571,26.4507726],[87.3402699,26.3477382],[87.4637347,26.4401984],[87.6052709,26.3809103],[87.8884206,26.486836],[88.0134021,26.3629643],[88.1012828,26.5501473],[88.230964,26.5724808],[88.182248,26.5056619],[88.2420026,26.4566985],[88.34761,26.507516],[88.4121018,26.6338034],[88.435857,26.5451471],[88.7454187,26.34792],[88.6793446,26.2590407],[88.9733664,26.5466315],[89.5398978,26.4762285],[89.61944,26.3962471],[89.8638075,26.4647897],[89.8349074,26.4139713]]]]}},{"type":"Feature","properties":{"name":"Majeerteen Sultanate","historical_entity":"Majeerteen Sultanate","ohm_relation_id":2923110,"start_date":"1420","end_date":"1894-05-05","admin_level":"2","boundary":"administrative","source":null,"_historical_overlay":true},"geometry":{"type":"MultiPolygon","coordinates":[[[[49.6909812,7.3708441],[49.5002277,7.5699006],[49.193958,7.6978476],[49.0359974,7.7116227],[48.5014591,7.410976],[47.5574877,7.5613249],[47.7836595,7.7463742],[48.1615268,8.4885365],[48.3940446,8.7883798],[48.396572,9.0954676],[48.6088709,9.4795793],[48.5229404,10.0798208],[48.5962341,10.3161275],[48.8060057,10.6466582],[48.8135878,11.0934207],[48.923802,11.2992348],[49.4049836,11.38966],[49.5701419,11.5085197],[50.0594135,11.5616942],[50.4049988,11.7210986],[50.562867,11.9667893],[50.8036518,12.0392984],[51.3424043,11.8431269],[51.1259587,11.2574678],[51.2340192,11.1566758],[51.1788921,10.7159452],[51.2744651,10.5494668],[51.4296159,10.5163395],[51.4585242,10.4032705],[51.3863343,10.3140185],[51.193552,10.3713655],[50.9521743,10.286861],[50.9560335,9.9922548],[50.858186,9.5723669],[50.8906681,9.4194636],[50.7172305,9.1968549],[50.6769282,9.0420612],[50.4751272,8.8368723],[50.3777439,8.5221532],[50.164004,8.1628679],[49.8873825,7.9314335],[49.8762816,7.7396955],[49.6909812,7.3708441]]]]}},{"type":"Feature","properties":{"name":"Kangleipak","historical_entity":"Kangleipak","ohm_relation_id":2923683,"start_date":"1110","end_date":"1724","admin_level":"2","boundary":"administrative","source":null,"_historical_overlay":true},"geometry":{"type":"MultiPolygon","coordinates":[[[[93.3261945,24.0485256],[93.2531493,24.021274],[93.2502717,24.0802377],[93.1404833,24.0879198],[93.0993927,24.0432495],[93.0784314,24.1017752],[92.9722881,24.1138416],[93.0087796,24.4125056],[93.1042787,24.5824854],[93.0736187,24.7084187],[93.1102038,24.8126655],[93.1968727,24.8114615],[93.2438034,25.0183881],[93.3935835,25.2548424],[93.4704306,25.3051593],[93.6053029,25.1990675],[93.8050088,25.4633102],[93.7648508,25.5383644],[93.8243568,25.5525057],[94.0128585,25.5926022],[94.1080917,25.5219235],[94.3216074,25.5029331],[94.5950198,25.6849307],[94.5539089,25.502622],[94.6754461,25.4456155],[94.5756602,25.2138635],[94.7409651,25.1265764],[94.7136229,24.9350032],[94.3983659,24.4823493],[94.1439362,23.8358106],[94.0164856,23.9270343],[93.807783,23.9267609],[93.7543222,24.0055405],[93.505548,23.9423851],[93.4012131,24.0840066],[93.3425534,24.1029332],[93.3261945,24.0485256]]]]}},{"type":"Feature","properties":{"name":"Kahlur State","historical_entity":"Kahlur State","ohm_relation_id":2923778,"start_date":"0697","end_date":"1815","admin_level":"2","boundary":"administrative","source":null,"_historical_overlay":true},"geometry":{"type":"MultiPolygon","coordinates":[[[[76.3949469,31.4079954],[76.4699151,31.4234171],[76.4623174,31.4852947],[76.6122506,31.4177132],[76.6148083,31.5647312],[76.7034159,31.5979963],[76.9260578,31.3011738],[76.8719319,31.2175281],[76.5932126,31.2116947],[76.589996,31.2719529],[76.4396934,31.2790414],[76.3949469,31.4079954]]]]}},{"type":"Feature","properties":{"name":"Hunza Kingdom","historical_entity":"Hunza Kingdom","ohm_relation_id":2926489,"start_date":"1200","end_date":"1760","admin_level":"2","boundary":"administrative","source":null,"_historical_overlay":true},"geometry":{"type":"MultiPolygon","coordinates":[[[[74.237365,36.5907229],[74.04712,36.826253],[74.426558,37.01115],[74.534055,36.957221],[74.51893,37.017367],[74.667951,37.082416],[74.739209,37.021655],[74.839072,37.058568],[74.9060629,36.92974],[74.9169698,36.978512],[75.140645,37.026747],[75.233421,36.959055],[75.3995239,36.955057],[75.424447,36.7690392],[75.4694223,36.7159075],[75.5339051,36.771441],[75.7217189,36.752082],[75.945096,36.6029193],[76.0354081,36.409106],[75.9949189,36.307337],[76.061984,36.227331],[75.932635,36.135626],[75.9241101,36.0432698],[75.7967373,36.0160602],[75.6813809,36.1162451],[75.4918667,36.1065375],[75.2961724,36.3284033],[74.6098706,36.2921609],[74.4962307,36.4000076],[74.4797509,36.5471565],[74.237365,36.5907229]]]]}},{"type":"Feature","properties":{"name":"Republic of the Seven United Netherlands","historical_entity":"Republic of the Seven United Netherlands","ohm_relation_id":2942107,"start_date":"1648-10-24","end_date":"1713-04-02","admin_level":"2","boundary":"administrative","source":null,"_historical_overlay":true},"geometry":{"type":"MultiPolygon","coordinates":[[[[5.1914692,50.6058346],[5.1890229,50.6045681],[5.1904391,50.6029611],[5.1881217,50.6025253],[5.1866626,50.6032879],[5.1858901,50.6024163],[5.184431,50.6033969],[5.1831435,50.60307],[5.1831435,50.6023618],[5.1788949,50.6011906],[5.1786374,50.5998831],[5.1749038,50.5987935],[5.1742171,50.5993928],[5.1696252,50.5959604],[5.1653337,50.59389],[5.1644754,50.5942714],[5.1627587,50.588223],[5.1610421,50.5831549],[5.1628446,50.5838634],[5.1643895,50.5817379],[5.1683377,50.5799939],[5.1684236,50.5779772],[5.1649045,50.5772142],[5.1628446,50.5783043],[5.160613,50.5777592],[5.1569223,50.5805934],[5.1598405,50.5828279],[5.1618146,50.5878416],[5.1634454,50.5952249],[5.1588964,50.5956607],[5.1466226,50.5998286],[5.1459359,50.5994473],[5.1441335,50.6000465],[5.1447343,50.6009727],[5.1436185,50.601354],[5.1447343,50.6020622],[5.1431035,50.602498],[5.1441335,50.6036965],[5.1454209,50.6033152],[5.1520728,50.6078364],[5.1534461,50.6074007],[5.1556777,50.6097429],[5.1586818,50.6115403],[5.1625442,50.612793],[5.1668357,50.6129019],[5.1715564,50.6126296],[5.1749896,50.6157884],[5.1772212,50.619655],[5.1841735,50.6194916],[5.1888942,50.6188926],[5.194559,50.6162241],[5.2009749,50.6110773],[5.1986575,50.6095386],[5.1980781,50.6081904],[5.1960611,50.607101],[5.1926923,50.6046089],[5.1914692,50.6058346]]],[[[5.3199363,50.7628207],[5.3162455,50.7615177],[5.3148722,50.7620742],[5.3118896,50.7610426],[5.308907,50.7619385],[5.3084993,50.7626307],[5.3064608,50.7629157],[5.3050232,50.7622371],[5.2968907,50.7637572],[5.2960968,50.7637165],[5.2937579,50.7642594],[5.2930283,50.7656573],[5.2936291,50.7658337],[5.2932644,50.7668516],[5.2925348,50.7675302],[5.2926206,50.768168],[5.2916336,50.7698644],[5.2919769,50.7700951],[5.2904749,50.7724699],[5.2910971,50.7725241],[5.2907324,50.773379],[5.2897239,50.7733926],[5.289402,50.7751295],[5.2882218,50.7764185],[5.2910757,50.7781282],[5.2953243,50.7780739],[5.2975988,50.778603],[5.3046155,50.7815608],[5.3074693,50.7822798],[5.3119755,50.782524],[5.3121686,50.7776804],[5.3173184,50.7747631],[5.3175974,50.773569],[5.319035,50.7724427],[5.3194856,50.7715607],[5.3191638,50.7704886],[5.3167605,50.7696065],[5.3175115,50.7683716],[5.3168249,50.7681409],[5.318284,50.7659016],[5.318799,50.7659694],[5.3194642,50.764748],[5.3187132,50.7644087],[5.3199363,50.7628207]]],[[[5.3716063,50.7890357],[5.3704476,50.7898225],[5.3682375,50.790772],[5.3650188,50.790867],[5.3599548,50.7927795],[5.3610706,50.7934984],[5.3595257,50.7944343],[5.3607058,50.7948141],[5.3621435,50.7950582],[5.3635382,50.7955736],[5.3621864,50.7956686],[5.3616071,50.7961433],[5.3616285,50.7966315],[5.3639889,50.795967],[5.3648901,50.7953973],[5.3660702,50.7955465],[5.3672075,50.7949497],[5.3685808,50.795221],[5.3701472,50.7952617],[5.3731727,50.7949226],[5.3758979,50.7939596],[5.3777861,50.7928202],[5.378344,50.7914638],[5.3751039,50.7906499],[5.3753185,50.790338],[5.3731084,50.789714],[5.3716063,50.7890357]]],[[[5.2666139,50.7951396],[5.268116,50.7975674],[5.2707338,50.799995],[5.2715492,50.8011071],[5.2727294,50.8028565],[5.2716779,50.8056635],[5.2691889,50.8082128],[5.269103,50.8090128],[5.2681374,50.8099077],[5.2681589,50.8108026],[5.2686953,50.8112093],[5.2668071,50.8129041],[5.2654981,50.8152903],[5.263524,50.8179204],[5.2617216,50.8177035],[5.2590823,50.816768],[5.2543187,50.8145989],[5.2490616,50.8126737],[5.247817,50.8138939],[5.2408647,50.8191134],[5.2357578,50.8219194],[5.2463579,50.8278699],[5.2439117,50.8288729],[5.2432251,50.8295777],[5.2418088,50.8296861],[5.2404356,50.8305806],[5.2401351,50.8326677],[5.2436971,50.8352968],[5.2464866,50.8365978],[5.2492761,50.8386711],[5.2496194,50.8424109],[5.2511644,50.8441181],[5.2519369,50.8451207],[5.2539968,50.8460691],[5.2551126,50.8480472],[5.2547264,50.8495103],[5.2547693,50.8533035],[5.2573871,50.8577465],[5.25846,50.8576652],[5.2583313,50.856121],[5.2579879,50.854631],[5.2658414,50.8533847],[5.2716779,50.8542246],[5.278759,50.853764],[5.2838659,50.8537911],[5.2860546,50.8529242],[5.2888012,50.8521926],[5.290389,50.8522197],[5.2912044,50.8511631],[5.2920627,50.8492394],[5.2889299,50.8472072],[5.2872133,50.8492394],[5.2866125,50.8494019],[5.2860975,50.8506483],[5.284338,50.8496458],[5.2840805,50.8488058],[5.2787804,50.8460285],[5.2780079,50.8465704],[5.2771925,50.8463265],[5.2777075,50.8458117],[5.2756905,50.8451343],[5.2773642,50.8440504],[5.2741026,50.8439962],[5.2743172,50.8429935],[5.2733945,50.8423973],[5.273652,50.8420721],[5.2746391,50.8425193],[5.2779436,50.839457],[5.2788448,50.8396467],[5.2786302,50.8389963],[5.2804327,50.8370992],[5.2817201,50.8365842],[5.2851104,50.8318546],[5.2866554,50.8311227],[5.2886295,50.8321256],[5.2920627,50.829144],[5.2925348,50.826623],[5.2949273,50.8237968],[5.2957535,50.8231191],[5.2968478,50.8236138],[5.2997446,50.8239934],[5.3017616,50.8237494],[5.3044653,50.8219601],[5.3033924,50.8199539],[5.3004312,50.8168087],[5.3007316,50.815697],[5.3031349,50.8126059],[5.3047227,50.8121449],[5.3031778,50.8114127],[5.3017616,50.8103552],[5.300517,50.8089179],[5.2989292,50.8088094],[5.2950668,50.8068297],[5.2941227,50.8051483],[5.2924919,50.8040634],[5.2908611,50.8040634],[5.2885437,50.8033583],[5.2860975,50.8034396],[5.2851963,50.8039278],[5.2796602,50.8016224],[5.2773857,50.799995],[5.2666139,50.7951396]]],[[[5.7313442,50.5855936],[5.7330608,50.5860296],[5.7352495,50.5862885],[5.7361507,50.5861386],[5.7368374,50.5861795],[5.7378459,50.5859887],[5.7381248,50.5855528],[5.7414078,50.5855936],[5.7409358,50.5848307],[5.7405066,50.5847081],[5.740056,50.5836045],[5.7408929,50.5829369],[5.741322,50.5822011],[5.7410216,50.5816289],[5.7396912,50.5818333],[5.738039,50.5816561],[5.7378673,50.5810021],[5.736773,50.5812474],[5.7351422,50.582024],[5.7343912,50.5826235],[5.7307219,50.5819695],[5.7296276,50.5821603],[5.7287907,50.5828824],[5.7318163,50.5834546],[5.7312584,50.5839315],[5.7310438,50.584531],[5.7313442,50.5855936]]],[[[4.9416548,51.449481],[4.9422033,51.4494894],[4.9420261,51.4480062],[4.9415683,51.4479429],[4.9416548,51.449481]]],[[[4.9306322,51.4398859],[4.9323856,51.4400315],[4.9323888,51.4399899],[4.9323728,51.4394379],[4.93236,51.4393116],[4.9323408,51.4391884],[4.932312,51.4390764],[4.9322208,51.4388428],[4.9309153,51.4387772],[4.9308337,51.4393596],[4.9306322,51.4398859]]],[[[4.9353724,51.437524],[4.9364744,51.437549],[4.936626,51.4368463],[4.9368007,51.4362666],[4.9354569,51.4361802],[4.9353724,51.437524]]],[[[4.9313235,51.4364462],[4.9326855,51.4364692],[4.932795,51.4353605],[4.9327316,51.4344246],[4.9323745,51.4344909],[4.9324177,51.4352943],[4.932029,51.4352943],[4.9319858,51.4345571],[4.9318936,51.4345686],[4.9315193,51.434632],[4.9312486,51.4346637],[4.9312572,51.4347961],[4.9312803,51.4349804],[4.9313091,51.4353634],[4.9312947,51.435516],[4.9312918,51.4356802],[4.9312745,51.4358933],[4.9312659,51.4360833],[4.9312774,51.4362129],[4.9313004,51.4363483],[4.9313235,51.4364462]]],[[[4.9306877,51.4371566],[4.9316301,51.4371677],[4.9313928,51.436604],[4.9309962,51.4366686],[4.9309071,51.4367232],[4.930759,51.4369705],[4.9307155,51.4370563],[4.9306877,51.4371566]]],[[[4.9341113,51.4334309],[4.9355009,51.4334927],[4.9355062,51.4333991],[4.9354992,51.4333355],[4.935402,51.4328959],[4.9353879,51.4328023],[4.9353791,51.4326804],[4.9353932,51.4322849],[4.9354144,51.4320483],[4.9341802,51.4319512],[4.9341413,51.4324103],[4.9341113,51.4334309]]],[[[4.9223137,51.4376821],[4.9222815,51.4387636],[4.9223275,51.4387866],[4.9215083,51.439256],[4.9227049,51.4400522],[4.9224518,51.4401903],[4.9223229,51.4402225],[4.9239659,51.4415617],[4.9239429,51.4415709],[4.9241085,51.4418562],[4.9251118,51.4417412],[4.9250336,51.4416399],[4.9248679,51.4415019],[4.924311,51.4411061],[4.9248587,51.4407287],[4.923271,51.4398451],[4.9247436,51.439141],[4.9247206,51.4389753],[4.9243156,51.4384921],[4.9240855,51.4382435],[4.9239291,51.4380963],[4.9238232,51.4379858],[4.923722,51.4377695],[4.9236944,51.4376545],[4.9223137,51.4376821]]],[[[4.8692341,51.4117869],[4.8693908,51.411848],[4.8694997,51.4119092],[4.8696193,51.4119835],[4.8697203,51.4120579],[4.8698106,51.4121456],[4.8699195,51.4122997],[4.8699913,51.4123608],[4.8701161,51.4124538],[4.8705731,51.4127408],[4.8706714,51.4127142],[4.8707512,51.412685],[4.8711098,51.4125362],[4.8713197,51.4124591],[4.8714871,51.412414],[4.8716545,51.4125574],[4.8718378,51.4126956],[4.8722018,51.4129241],[4.8730892,51.4125468],[4.8731052,51.4124219],[4.8719361,51.4121695],[4.872053,51.4120633],[4.8722098,51.4118799],[4.8722815,51.4117683],[4.8723506,51.4116169],[4.8723825,51.4115],[4.8711577,51.4113353],[4.8703686,51.4112077],[4.8697389,51.4111626],[4.8692341,51.4117869]]],[[[4.3223476,51.2911101],[4.3209743,51.2907613],[4.3191719,51.2925594],[4.3182492,51.2925996],[4.3174338,51.2929887],[4.3167472,51.293767],[4.3179703,51.2944245],[4.3184423,51.2949209],[4.3202448,51.2955381],[4.3205881,51.2953503],[4.3200946,51.2947197],[4.3206525,51.2938475],[4.3205237,51.293029],[4.3223476,51.2911101]]],[[[4.297843,51.3082965],[4.2953753,51.3106841],[4.2965126,51.311395],[4.2970061,51.3119985],[4.2988086,51.3114486],[4.300847,51.3095037],[4.297843,51.3082965]]],[[[4.2833805,51.3362089],[4.2840028,51.3350224],[4.2845285,51.3346203],[4.2855906,51.3343789],[4.2853653,51.3334606],[4.2847109,51.3326562],[4.2840564,51.3322674],[4.2831015,51.3320328],[4.2821467,51.3319255],[4.2810202,51.3319658],[4.2803979,51.3322808],[4.2796147,51.3338494],[4.2824578,51.3348415],[4.2817497,51.3357799],[4.2833805,51.3362089]]],[[[7.2117948,53.2313946],[7.2174489,53.0070435],[7.0872974,52.8499556],[7.0557225,52.643415],[6.7527294,52.648154],[6.7100332,52.6274934],[6.7666921,52.5616369],[6.68088,52.5533175],[6.6975242,52.4863233],[6.9876233,52.4697668],[7.0721536,52.3736114],[7.0612836,52.2347111],[6.6938066,52.0697201],[6.8266189,51.993522],[6.788907,51.929673],[6.3905132,51.8739541],[6.4017463,51.8273175],[6.2045288,51.8690455],[6.063938,51.9851445],[5.9055802,51.9622503],[5.9299563,51.9034011],[6.1444688,51.8697875],[6.0063243,51.8342925],[5.977807,51.884624],[5.9237586,51.8187835],[5.9908102,51.7662465],[5.8674073,51.7744258],[5.9339043,51.7161815],[5.8953878,51.6813638],[5.7228039,51.6711181],[5.7271382,51.7890816],[5.4931634,51.8315348],[5.4986569,51.7733639],[5.6071469,51.7827102],[5.5989071,51.6310182],[5.7077404,51.5153663],[5.7877346,51.5444137],[5.7892581,51.6059844],[5.9721419,51.6457736],[6.048188,51.5583166],[5.8385464,51.566187],[5.9312439,51.3847452],[5.6718635,51.3151102],[5.6188201,51.2295167],[5.4830125,51.3001703],[5.264039,51.1584616],[5.0711751,51.3934919],[5.0793129,51.4713145],[4.9229249,51.3984959],[4.7711674,51.4149245],[4.8414569,51.4224383],[4.7788096,51.5044689],[4.6413087,51.422012],[4.4765262,51.4782838],[4.3793371,51.4467893],[4.4313474,51.3638627],[4.2420516,51.3539218],[4.3135927,51.2758773],[4.1554924,51.2934854],[3.8903614,51.1472907],[3.7200736,51.2650837],[3.4366604,51.2614854],[3.3573529,51.3649217],[3.2288754,51.4031462],[3.4303086,51.4472811],[3.3440312,51.5117615],[3.3617958,51.5691299],[3.616333,51.6476485],[3.6123898,51.745831],[3.942997,51.89398],[4.3647039,52.2820002],[4.5019222,52.5142627],[4.6554559,53.1026826],[4.7843448,53.2553424],[5.1343174,53.4371872],[6.5188479,53.6082038],[6.8843077,53.4459444],[6.9244765,53.339586],[7.1917519,53.3150323],[7.2117948,53.2313946]],[[6.2030693,51.9373336],[6.258516,51.9510898],[6.1315724,51.9785895],[6.2030693,51.9373336]],[[5.2370879,51.2619419],[5.2637814,51.2670439],[5.2962683,51.2618881],[5.3414151,51.2634189],[5.3479382,51.2741592],[5.3458783,51.2979937],[5.3187558,51.304004],[5.2779004,51.2909091],[5.2370879,51.2619419]],[[4.9357941,51.4092978],[4.9329563,51.408986],[4.9329473,51.4087971],[4.9329158,51.4087461],[4.9328693,51.4087161],[4.9327149,51.4086561],[4.9326489,51.4086246],[4.9326399,51.4085871],[4.9326354,51.4085211],[4.9326099,51.4084956],[4.9325949,51.4084671],[4.9325814,51.4084101],[4.9325319,51.4083831],[4.9324749,51.4083636],[4.9324659,51.4083306],[4.9324404,51.4083051],[4.9323729,51.4082751],[4.9323264,51.4081972],[4.9321611,51.4081677],[4.9318903,51.408037],[4.9316661,51.4079996],[4.9311058,51.4079903],[4.9303399,51.4080089],[4.9290978,51.4081117],[4.9273046,51.4082331],[4.9277903,51.4078875],[4.9279117,51.4078688],[4.9281545,51.4078128],[4.9286215,51.4077755],[4.9290231,51.4077568],[4.9292099,51.4077661],[4.9294434,51.4077101],[4.9298356,51.4076821],[4.9305828,51.4074206],[4.9310591,51.4072151],[4.9312272,51.4070283],[4.9312739,51.4068695],[4.9313392,51.4067855],[4.9315074,51.4067201],[4.9316381,51.406496],[4.9316941,51.4064773],[4.9317969,51.406496],[4.9320677,51.4065707],[4.9323012,51.4065894],[4.9323666,51.4065146],[4.9324506,51.4063372],[4.932488,51.4061971],[4.9324413,51.4060664],[4.9323479,51.4059916],[4.9320957,51.4059169],[4.9317595,51.4057955],[4.9314887,51.4057582],[4.9312739,51.4057862],[4.9311431,51.4058796],[4.9310217,51.4059916],[4.930891,51.4060477],[4.9307789,51.406057],[4.9302932,51.4056928],[4.9300131,51.4054967],[4.9297609,51.4053752],[4.9289764,51.4054033],[4.9288923,51.4053099],[4.9287056,51.4052071],[4.9284814,51.4051137],[4.9363918,51.4053379],[4.9357941,51.4092978]],[[4.888586,51.4246982],[4.8903457,51.4239026],[4.8893648,51.4234606],[4.8914402,51.4232206],[4.8917096,51.423671],[4.8917728,51.4237384],[4.8922948,51.4241004],[4.8916044,51.4247824],[4.8915496,51.4248035],[4.8912045,51.4245298],[4.8906446,51.424795],[4.8905688,51.4249971],[4.8901183,51.4252918],[4.888586,51.4246982]],[[4.8387569,51.4181965],[4.8408486,51.4174632],[4.8413569,51.4178965],[4.8412319,51.4178715],[4.8410819,51.4179049],[4.8408569,51.4179382],[4.8405652,51.4180215],[4.8404902,51.4180799],[4.8404986,51.4182382],[4.8405402,51.4183215],[4.8404736,51.4184382],[4.8403819,51.4184716],[4.8403736,51.4185216],[4.8404236,51.4185882],[4.8405319,51.4186799],[4.8405652,51.4187882],[4.8404902,51.4188299],[4.8403819,51.4188799],[4.8400736,51.4187966],[4.8400069,51.4188216],[4.8387569,51.4181965]],[[4.8357401,51.4484558],[4.8362234,51.4480475],[4.8366568,51.4483891],[4.8361901,51.4487975],[4.8357401,51.4484558]],[[4.9399727,51.4361222],[4.9397983,51.436463],[4.9394493,51.4371445],[4.9403612,51.4380155],[4.9400932,51.4388256],[4.9399647,51.4392348],[4.939879,51.4394442],[4.9387845,51.4393157],[4.9388654,51.4386352],[4.9390367,51.4379832],[4.9364193,51.4377976],[4.9363384,51.4386066],[4.9346537,51.4385543],[4.9345776,51.4391587],[4.9363669,51.4391968],[4.9364193,51.4396631],[4.9348869,51.4395632],[4.9348964,51.4408719],[4.9337353,51.4408814],[4.9341778,51.4418237],[4.934273,51.4418332],[4.9342635,51.4421187],[4.9350582,51.4421045],[4.9356721,51.4420759],[4.9363241,51.4420331],[4.937333,51.4419141],[4.938104,51.441876],[4.9381706,51.4424376],[4.9378232,51.4433037],[4.9384656,51.443437],[4.9388844,51.4418522],[4.9395269,51.4418237],[4.9390177,51.443575],[4.9385703,51.4434703],[4.9381182,51.4447219],[4.9373425,51.4445648],[4.9371617,51.444503],[4.9368762,51.444384],[4.936781,51.4443364],[4.9367191,51.4444744],[4.935477,51.4442888],[4.9352534,51.4447219],[4.935182,51.4448741],[4.9358958,51.4451597],[4.9361623,51.4452596],[4.9359482,51.4458069],[4.935872,51.4459449],[4.9357911,51.4460686],[4.9357197,51.4461543],[4.9356483,51.4462209],[4.9356008,51.4462542],[4.9356293,51.4463018],[4.9355484,51.4463494],[4.935201,51.4461115],[4.9348584,51.4458878],[4.9345966,51.4456736],[4.9344015,51.4454928],[4.9339684,51.4450455],[4.9336877,51.4447219],[4.9334735,51.4444554],[4.9332641,51.4442079],[4.9334021,51.4440889],[4.933464,51.444008],[4.9335211,51.4438177],[4.9336686,51.4433989],[4.933721,51.4431657],[4.933169,51.4430848],[4.9331214,51.4432751],[4.932398,51.4431657],[4.9323171,51.4432514],[4.9309132,51.4428706],[4.9309846,51.4428135],[4.930504,51.4425756],[4.9304564,51.4426041],[4.9304516,51.4424566],[4.9298853,51.4424756],[4.9299138,51.4419522],[4.9294522,51.4417618],[4.9293428,51.4417237],[4.9291905,51.4416857],[4.9290477,51.4416381],[4.9287003,51.4416],[4.9288574,51.4410099],[4.9296902,51.4400819],[4.9293142,51.439844],[4.9290572,51.4396584],[4.928943,51.4395394],[4.9287527,51.439311],[4.9285766,51.4390397],[4.9283053,51.4385495],[4.9269586,51.4398011],[4.9268872,51.4398344],[4.9273678,51.4400296],[4.9272298,51.4402865],[4.9270728,51.440515],[4.9266159,51.4411194],[4.9265493,51.4412241],[4.9265303,51.441305],[4.9264351,51.4413145],[4.926121,51.4412145],[4.9262638,51.4416952],[4.9268396,51.4416762],[4.926516,51.4421996],[4.9264589,51.4421854],[4.9257831,51.4427802],[4.9280436,51.443613],[4.92545,51.4445505],[4.9242888,51.4439271],[4.9241175,51.4440604],[4.9237272,51.4438986],[4.9230896,51.4449122],[4.9243031,51.444936],[4.9220997,51.445707],[4.9236178,51.44614],[4.9235702,51.4461971],[4.9240223,51.4463161],[4.9230229,51.4473821],[4.9227897,51.4472679],[4.9217951,51.4465921],[4.921619,51.4465017],[4.9214192,51.4464113],[4.9211384,51.4462923],[4.92091,51.4461876],[4.920553,51.4459592],[4.9194204,51.4469395],[4.9192443,51.4468586],[4.9187732,51.4463637],[4.9185876,51.4462875],[4.918283,51.4457783],[4.9186162,51.4457403],[4.9188208,51.4456974],[4.9192919,51.4454357],[4.919882,51.4451406],[4.9199963,51.4452644],[4.9201771,51.4455737],[4.9202818,51.4457688],[4.9210527,51.4452406],[4.9212288,51.4453072],[4.9215381,51.4448646],[4.9208671,51.444798],[4.921462,51.4437796],[4.9212669,51.4434512],[4.9214287,51.4433751],[4.9215524,51.4432894],[4.9217237,51.4431657],[4.9222187,51.4427755],[4.922371,51.4426612],[4.9222139,51.4424994],[4.9220854,51.4423376],[4.9219807,51.4421616],[4.9218903,51.4420569],[4.9215334,51.4421949],[4.9206054,51.4415572],[4.9202056,51.4412907],[4.919192,51.440672],[4.9199915,51.4405721],[4.9207149,51.4404769],[4.921186,51.4404055],[4.9202199,51.4395442],[4.9205483,51.4393966],[4.920634,51.4394537],[4.9212907,51.4391159],[4.9199344,51.4382021],[4.9198059,51.4380927],[4.9212003,51.4368934],[4.9206102,51.4362843],[4.9202009,51.4363842],[4.920101,51.4362938],[4.9195584,51.4364509],[4.9190207,51.4359988],[4.9180641,51.4352849],[4.9179452,51.4352659],[4.9170695,51.4358798],[4.915837,51.4355847],[4.9153087,51.4354372],[4.9150657,51.4353412],[4.9150371,51.435333],[4.9149962,51.4353126],[4.9149634,51.4352799],[4.914988,51.4352308],[4.9153315,51.435149],[4.9157935,51.4350182],[4.9165541,51.4347605],[4.9172166,51.4345765],[4.9179608,51.4352103],[4.9181203,51.4352267],[4.9184311,51.4350427],[4.9187296,51.4349323],[4.9190976,51.4347851],[4.9199849,51.434507],[4.9224098,51.4340654],[4.922463,51.4340286],[4.9225529,51.4339345],[4.9225815,51.4338814],[4.9225979,51.4337996],[4.9225856,51.4337219],[4.9225529,51.4336401],[4.9227492,51.4336319],[4.923383,51.4335461],[4.9240986,51.4334684],[4.9247038,51.4334193],[4.9252354,51.4334152],[4.924986,51.4338773],[4.9252354,51.4339713],[4.925399,51.4338282],[4.9259919,51.4338732],[4.9260083,51.4337178],[4.9259837,51.4336851],[4.9259878,51.4336156],[4.9260737,51.4333948],[4.9262863,51.4333989],[4.9264458,51.4334234],[4.9265848,51.4334561],[4.9267198,51.4335093],[4.9268752,51.433591],[4.9266053,51.4331453],[4.9265807,51.4330758],[4.9265971,51.4329858],[4.9266543,51.4328754],[4.9269815,51.4324788],[4.9272432,51.4321476],[4.9273536,51.4319881],[4.9274763,51.4317959],[4.9276112,51.4315424],[4.927738,51.4313461],[4.9279342,51.4311171],[4.9281632,51.4308922],[4.9283963,51.430745],[4.9288175,51.4305201],[4.9293859,51.4309331],[4.930584,51.4299762],[4.9307149,51.4300744],[4.9307967,51.4302625],[4.9308662,51.4303811],[4.9309357,51.4304792],[4.9335977,51.4310231],[4.9337327,51.4305569],[4.933884,51.4305773],[4.9341539,51.4305937],[4.934436,51.430606],[4.9359817,51.4294651],[4.9361535,51.4294692],[4.9376501,51.4300539],[4.9376092,51.4300948],[4.9382512,51.4303688],[4.9396906,51.4307368],[4.9392408,51.4314401],[4.940079,51.4315955],[4.939801,51.4322989],[4.9394125,51.4322334],[4.9394657,51.4332189],[4.9396783,51.4332271],[4.9399318,51.4341226],[4.9388482,51.4341676],[4.9386683,51.4341472],[4.9378668,51.4340327],[4.9374702,51.4339632],[4.9372453,51.4339304],[4.9369876,51.4339182],[4.9368077,51.4339345],[4.9366196,51.4339754],[4.9364601,51.4340695],[4.9362966,51.4341921],[4.9362516,51.4342208],[4.9368118,51.434781],[4.9372003,51.4351286],[4.9375847,51.4354475],[4.9381653,51.4359668],[4.9383207,51.4358973],[4.9388441,51.4360118],[4.9388523,51.4359832],[4.9392694,51.4360609],[4.9392939,51.4360323],[4.9399727,51.4361222]],[[4.9399727,51.4361222],[4.9400806,51.4358042],[4.9401884,51.4354862],[4.9404034,51.43525],[4.9406132,51.4352367],[4.940937,51.4352526],[4.9409609,51.4349129],[4.9409981,51.4346394],[4.9418103,51.4348784],[4.9423784,51.435035],[4.9425218,51.4350695],[4.942758,51.4351173],[4.9425722,51.4355022],[4.9425563,51.4356137],[4.9424926,51.4357676],[4.9421793,51.4364525],[4.9415502,51.4363649],[4.9411334,51.4362985],[4.9409582,51.4362746],[4.9408653,51.4362693],[4.9408706,51.4362481],[4.9399727,51.4361222]],[[4.9407532,51.4393127],[4.9410194,51.4385023],[4.9410468,51.4385219],[4.9413679,51.4379463],[4.9422253,51.4381108],[4.9418416,51.4390543],[4.9422958,51.4393519],[4.942468,51.439485],[4.9426716,51.4396729],[4.9429143,51.4399313],[4.9431023,51.4401662],[4.942053,51.4400487],[4.9422488,51.4395398],[4.9407532,51.4393127]],[[4.9397588,51.4397708],[4.9398606,51.4395085],[4.9415206,51.4397394],[4.9414266,51.4399939],[4.9397588,51.4397708]],[[4.9392106,51.443622],[4.9397263,51.4418228],[4.9402764,51.4418056],[4.9399125,51.4429745],[4.9402363,51.4430261],[4.9399498,51.4437595],[4.9392106,51.443622]],[[4.9181457,51.4439621],[4.9182191,51.4434337],[4.9185257,51.4434394],[4.918489,51.4435722],[4.9185398,51.4435778],[4.9185483,51.4436117],[4.9186218,51.4436174],[4.9187984,51.4438378],[4.9188775,51.4440059],[4.9183745,51.4441048],[4.9181457,51.4439621]],[[4.9241731,51.4463508],[4.9257202,51.4449073],[4.9262492,51.4451607],[4.9265092,51.4452555],[4.9269213,51.4453613],[4.9254998,51.4466527],[4.9241731,51.4463508]],[[4.927352,51.4485678],[4.928397,51.4478241],[4.9291233,51.4481235],[4.9281498,51.4489328],[4.927352,51.4485678]],[[4.9294895,51.4495747],[4.9303988,51.4487235],[4.9318126,51.4492698],[4.9314987,51.4495856],[4.9307364,51.4504259],[4.9297745,51.4497181],[4.9294895,51.4495747]],[[4.9315111,51.4476335],[4.9319547,51.4471993],[4.9315182,51.4470119],[4.9319049,51.4466632],[4.933511,51.4472017],[4.933594,51.4472681],[4.933696,51.4473251],[4.9337886,51.4473607],[4.9340709,51.4473986],[4.9332572,51.4482835],[4.9323651,51.4479822],[4.9315111,51.4476335]],[[4.9330891,51.4495339],[4.9344227,51.4479098],[4.9346222,51.4476508],[4.9346992,51.4475388],[4.9346887,51.4474758],[4.9367853,51.4475283],[4.9362533,51.4469053],[4.9367328,51.4468388],[4.9388994,51.4471363],[4.9390815,51.4463522],[4.9395085,51.4464993],[4.9401315,51.4451622],[4.940366,51.4451902],[4.9397255,51.4465658],[4.940457,51.4468178],[4.9406916,51.4463732],[4.9414021,51.4464257],[4.9415071,51.4464292],[4.9414196,51.4469088],[4.9413951,51.4471118],[4.9415211,51.4471503],[4.9417066,51.4471783],[4.9434847,51.4474828],[4.9435302,51.4486659],[4.9440238,51.4487289],[4.9451928,51.4489529],[4.9459944,51.4490999],[4.9463759,51.4482809],[4.9447728,51.4477873],[4.9450073,51.4476683],[4.9451508,51.4476018],[4.9454099,51.4475598],[4.9457004,51.4475528],[4.9459419,51.4475283],[4.9461414,51.4474898],[4.9463619,51.4473813],[4.9479405,51.4473358],[4.948084,51.4474093],[4.948133,51.4481794],[4.948196,51.4482144],[4.948343,51.4487569],[4.9482765,51.4490264],[4.9489591,51.4491419],[4.9502892,51.4493589],[4.9505692,51.4494219],[4.9508492,51.4495024],[4.9514372,51.4497335],[4.9520183,51.4499855],[4.9523928,51.4501535],[4.9519098,51.4505455],[4.9517873,51.450514],[4.9512622,51.4510495],[4.9527498,51.4516271],[4.9526133,51.4518021],[4.9524523,51.4519456],[4.9521093,51.4521731],[4.9518223,51.4523376],[4.9517348,51.4523831],[4.9516298,51.4524986],[4.9515808,51.4525826],[4.9515458,51.4526911],[4.9515318,51.4529397],[4.9514617,51.4537132],[4.9494281,51.4535207],[4.9495856,51.4529222],[4.9499567,51.4521346],[4.9503802,51.4522011],[4.9506147,51.4516481],[4.9498061,51.4514731],[4.9491726,51.4513891],[4.9489066,51.4513016],[4.9486756,51.4511931],[4.9487001,51.4511545],[4.947629,51.45057],[4.9473525,51.4511125],[4.9465824,51.450927],[4.9466489,51.4507485],[4.9465649,51.4507695],[4.9464319,51.4507695],[4.9431102,51.4503635],[4.9430437,51.450829],[4.9410521,51.450787],[4.9410801,51.450465],[4.9394805,51.4504405],[4.939393,51.4503845],[4.9379439,51.450402],[4.9378879,51.4500975],[4.9372788,51.450108],[4.9372263,51.449919],[4.9359593,51.4499015],[4.9350422,51.449793],[4.9343106,51.449723],[4.9339151,51.4496915],[4.9336736,51.449653],[4.9330891,51.4495339]],[[4.9457034,51.4447041],[4.9457978,51.4439781],[4.943903,51.4437894],[4.9439502,51.4436514],[4.945816,51.4438438],[4.9458087,51.4439564],[4.9467198,51.4440035],[4.948081,51.4440435],[4.9480483,51.4438257],[4.9481463,51.4436986],[4.948542,51.4436769],[4.9486727,51.4436769],[4.9490683,51.4437023],[4.9495075,51.4436841],[4.9498741,51.4436551],[4.9489413,51.4447331],[4.9496455,51.4447767],[4.9496055,51.4449292],[4.949787,51.4449473],[4.9497761,51.4449981],[4.949689,51.4449872],[4.9496927,51.4450417],[4.9496781,51.4452014],[4.9496201,51.4453248],[4.9493986,51.4453357],[4.9493297,51.4454482],[4.949228,51.4455172],[4.9491445,51.4455353],[4.948905,51.4455644],[4.9487162,51.4455789],[4.9485783,51.4455608],[4.9484077,51.4455499],[4.9482625,51.4455499],[4.9480846,51.4455934],[4.9478886,51.445666],[4.9477144,51.4457422],[4.9477035,51.4452014],[4.9459067,51.4451978],[4.9459394,51.4447077],[4.9457034,51.4447041]],[[4.9409792,51.4452967],[4.9411848,51.4448801],[4.9423158,51.4451391],[4.9421155,51.4455504],[4.9409792,51.4452967]],[[4.9426577,51.4531683],[4.9427488,51.4529964],[4.942755,51.4528991],[4.9428172,51.4527376],[4.9428172,51.4526838],[4.9449291,51.4530378],[4.9447883,51.4535182],[4.9433741,51.453365],[4.9431298,51.4533525],[4.9427633,51.4533277],[4.9426577,51.4531683]],[[4.9487499,51.4549935],[4.9490204,51.45377],[4.9493461,51.4537891],[4.9492383,51.4542488],[4.9497914,51.4543039],[4.9495855,51.4551156],[4.9487499,51.4549935]],[[4.940714,51.4556335],[4.9406209,51.4553241],[4.9420932,51.4552384],[4.9416306,51.4555672],[4.940714,51.4556335]],[[4.8657738,51.4142841],[4.8660434,51.4137537],[4.8660784,51.4136003],[4.8660499,51.4136047],[4.8663151,51.4131817],[4.866771,51.4132781],[4.8669595,51.4133154],[4.8670318,51.4133263],[4.8671458,51.4133198],[4.8678165,51.4132606],[4.8669968,51.4143893],[4.8657738,51.4142841]],[[4.8733935,51.4159195],[4.8736347,51.4154595],[4.8739071,51.4155533],[4.8740925,51.4156493],[4.8744832,51.4158012],[4.8747065,51.4158793],[4.8753072,51.4160691],[4.8748271,51.4165113],[4.8737441,51.4160557],[4.8735967,51.4159887],[4.8733935,51.4159195]]],[[[5.6745243,50.9421508],[5.5599403,50.9729135],[5.7167959,50.9994968],[5.73982,50.9539257],[5.6745243,50.9421508]]],[[[5.5220031,50.7542691],[5.5203294,50.751554],[5.5209302,50.7509295],[5.5193853,50.7484858],[5.5217027,50.7443039],[5.522561,50.7437201],[5.5231833,50.7441138],[5.5239772,50.7436114],[5.5234623,50.7432448],[5.5262517,50.7418055],[5.525608,50.7412895],[5.5271101,50.7403254],[5.5277967,50.7405291],[5.5289125,50.73966],[5.5283546,50.7392798],[5.5288267,50.7388996],[5.5253505,50.7352058],[5.525608,50.7347169],[5.5258655,50.7337662],[5.5293417,50.7317833],[5.5299425,50.7319463],[5.5380964,50.7261602],[5.5395126,50.7239868],[5.5280542,50.7178464],[5.5263376,50.7198299],[5.5206728,50.7234978],[5.5183982,50.7259428],[5.5148792,50.7288767],[5.5192995,50.7324081],[5.5175829,50.7343637],[5.5160379,50.7351514],[5.5148792,50.737107],[5.5131626,50.7381391],[5.5177116,50.7410722],[5.5166387,50.7423215],[5.5159092,50.7421857],[5.5131197,50.7466393],[5.5103731,50.7519613],[5.5092573,50.7535089],[5.50915,50.7548936],[5.5090427,50.7558438],[5.5082917,50.7568212],[5.5079055,50.7581786],[5.5073046,50.7586673],[5.5058884,50.7583415],[5.5045366,50.7592509],[5.505116,50.7596582],[5.5041718,50.7606083],[5.5062103,50.761477],[5.5061888,50.76316],[5.5053735,50.7635808],[5.5055666,50.7653859],[5.5060816,50.7671502],[5.5069399,50.7682223],[5.5093002,50.769498],[5.5153084,50.7675437],[5.5183768,50.7667159],[5.5212521,50.766553],[5.5228615,50.7648294],[5.5285048,50.7654809],[5.5303073,50.7659966],[5.5320668,50.7671095],[5.5369591,50.7717371],[5.5371094,50.7729177],[5.5393195,50.7727955],[5.541079,50.7723477],[5.5447697,50.772212],[5.546658,50.7715878],[5.5483317,50.7687923],[5.5505419,50.7662409],[5.5517006,50.7645851],[5.5516147,50.7628614],[5.5411863,50.7558302],[5.5399847,50.7562646],[5.5393195,50.7557081],[5.5374527,50.7562239],[5.5356073,50.7561696],[5.5343628,50.7570112],[5.5319595,50.7569841],[5.5309724,50.75769],[5.529685,50.7579071],[5.5277109,50.7577714],[5.5270242,50.7591016],[5.5257368,50.7590202],[5.5254364,50.7594003],[5.5235052,50.7590745],[5.5227327,50.7574185],[5.523591,50.7555723],[5.5220031,50.7542691]]],[[[5.4605484,50.7560067],[5.4549694,50.7531017],[5.4558706,50.7514726],[5.4575443,50.749952],[5.4582738,50.7470195],[5.4600763,50.743625],[5.4619216,50.7401217],[5.4624795,50.7374329],[5.4625225,50.7353959],[5.4630374,50.7327068],[5.4635953,50.7317018],[5.4630374,50.7315117],[5.4665565,50.7289583],[5.464239,50.728252],[5.4649257,50.727111],[5.4624366,50.7276],[5.4582309,50.7252637],[5.4588317,50.723851],[5.450592,50.7204277],[5.4475879,50.7216231],[5.4410647,50.7214058],[5.4283618,50.727274],[5.4297351,50.7309684],[5.4280185,50.7344996],[5.43231,50.7417241],[5.4290485,50.7452544],[5.4212379,50.7584501],[5.4236411,50.7598075],[5.4269885,50.7606219],[5.4293918,50.7634994],[5.4356574,50.7664852],[5.4372882,50.7682223],[5.4406356,50.7692537],[5.4435538,50.771805],[5.4455279,50.7726734],[5.4469871,50.7738133],[5.4505491,50.7718321],[5.4530811,50.7700408],[5.4538965,50.7688194],[5.4557418,50.7684666],[5.4554843,50.7679509],[5.4558706,50.7674895],[5.4570293,50.7669738],[5.4569435,50.7648566],[5.4584026,50.7616534],[5.4577589,50.7601061],[5.4578018,50.7586401],[5.4605484,50.7560067]]],[[[5.7361597,50.5704031],[5.7046723,50.610056],[5.7691097,50.5997605],[5.7361597,50.5704031]]],[[[6.0231471,50.9263831],[5.9773135,50.8136634],[5.8412504,50.8705178],[5.5613135,50.8300114],[5.642724,50.8426954],[5.7964468,50.9656977],[5.8908605,50.8897426],[6.0231471,50.9263831]],[[5.9939217,50.9061992],[5.9873986,50.906118],[5.9839868,50.9062804],[5.9817338,50.9059827],[5.980103,50.9052926],[5.9787297,50.9048461],[5.977571,50.9047378],[5.9765196,50.9036553],[5.9748029,50.9030599],[5.9743309,50.9027893],[5.9731507,50.9028163],[5.9739446,50.9011113],[5.9754252,50.9006647],[5.9769487,50.899961],[5.9770345,50.9002722],[5.9778285,50.9003128],[5.9781718,50.9005429],[5.9803819,50.9006512],[5.9806394,50.9008406],[5.9814334,50.9006918],[5.9833431,50.9013549],[5.9855962,50.9014496],[5.9862399,50.9013143],[5.987978,50.9017067],[5.9895873,50.9002993],[5.9942007,50.9005158],[5.9948873,50.9002046],[5.9923553,50.8977686],[5.9908533,50.8980258],[5.9872699,50.8965235],[5.9877205,50.8958062],[5.9884286,50.8959686],[5.9889221,50.8950212],[5.9895658,50.8951295],[5.9896302,50.8949536],[5.9901452,50.8950618],[5.9907889,50.8944122],[5.9921622,50.894913],[5.9924841,50.8946152],[5.9951019,50.8955355],[5.9964537,50.8927745],[5.9953594,50.8925309],[5.9957886,50.8912315],[5.9953594,50.8911638],[5.9957242,50.8900539],[5.9963679,50.8900404],[5.996561,50.8887951],[5.998106,50.8887815],[5.9983849,50.8876309],[5.9996724,50.8877257],[5.9993934,50.8888357],[5.9999728,50.8888357],[5.9996724,50.890663],[6.0008096,50.890663],[6.0014319,50.8886462],[6.0027087,50.889059],[6.0040605,50.8893906],[6.0062492,50.8878543],[6.0108304,50.8867375],[6.0082555,50.8856546],[6.0088992,50.88491],[6.0132766,50.8853432],[6.0143494,50.8847611],[6.0144138,50.8844362],[6.0119891,50.8839624],[6.0132122,50.8817016],[6.0151434,50.8821348],[6.016109,50.8825003],[6.0166883,50.8830419],[6.0175252,50.8843821],[6.0180402,50.8858847],[6.0188341,50.8868458],[6.0238337,50.8866834],[6.0240698,50.8878611],[6.0248422,50.8878475],[6.0246491,50.8894448],[6.0199928,50.8894448],[6.0201645,50.8915022],[6.0251426,50.8925038],[6.0273528,50.8930723],[6.0296702,50.8931264],[6.0298419,50.8953325],[6.0323953,50.8951837],[6.0325885,50.8960769],[6.0293269,50.8995415],[6.0290479,50.8995144],[6.0281467,50.9006241],[6.028533,50.900773],[6.0265159,50.9029517],[6.02849,50.9033035],[6.0278892,50.9053332],[6.0197568,50.9057798],[6.0113024,50.9059962],[5.9939217,50.9061992]],[[5.9898877,50.8919489],[5.9903383,50.8908254],[5.9912181,50.8907577],[5.9910893,50.8919895],[5.9898877,50.8919489]],[[5.9819269,50.8927068],[5.9828496,50.8924632],[5.9831285,50.8930452],[5.9839654,50.8930452],[5.9836006,50.8941144],[5.98418,50.894155],[5.984416,50.8936001],[5.9848022,50.8936543],[5.984931,50.8932753],[5.9864759,50.8934512],[5.9864116,50.8937761],[5.9858751,50.8937355],[5.9853172,50.8945746],[5.9844589,50.8944257],[5.98418,50.8947506],[5.9831071,50.8947235],[5.9819269,50.8927068]],[[5.7965112,50.8703552],[5.7966828,50.868649],[5.798378,50.8687709],[5.8004379,50.8691907],[5.8008241,50.8704907],[5.7965112,50.8703552]]],[[[5.9389899,50.7579455],[6.0278891,50.7739219],[5.9746854,50.7550027],[5.9389899,50.7579455]]],[[[5.8356929,50.7809096],[5.7433605,50.7662952],[5.7665347,50.6698644],[5.7064961,50.6687764],[5.70302,50.796496],[5.7801815,50.8412322],[5.9163521,50.8038736],[5.8356929,50.7809096]]],[[[4.2916631,51.3023135],[4.2912769,51.3020854],[4.2895603,51.3025684],[4.2882085,51.3028233],[4.2864704,51.3033197],[4.2865562,51.3047551],[4.2863202,51.3051978],[4.2870283,51.3052112],[4.2876506,51.3053185],[4.2881226,51.3056941],[4.2882299,51.3061234],[4.2894316,51.306177],[4.2892813,51.3069685],[4.2907405,51.3071429],[4.2916631,51.3062441],[4.2926717,51.3062575],[4.2933368,51.3053185],[4.2943024,51.3046746],[4.2916631,51.3023135]]]]}},{"type":"Feature","properties":{"name":"Sultanate of Tidore","historical_entity":"Sultanate of Tidore","ohm_relation_id":2948785,"start_date":"1250","end_date":"1700","admin_level":"2","boundary":"administrative","source":null,"_historical_overlay":true},"geometry":{"type":"MultiPolygon","coordinates":[[[[138.6565293,-1.5576173],[138.7580738,-1.5472263],[138.8507895,-1.7021102],[138.7684831,-1.7486485],[138.6565293,-1.5576173]]],[[[136.7378293,-1.2605704],[136.7392524,-1.3238861],[136.6360039,-1.3888134],[136.4742967,-1.2829579],[136.4305784,-1.3576682],[136.2692906,-1.3080423],[136.1925895,-1.3606486],[136.1385245,-1.250063],[135.7897506,-1.170638],[135.7137803,-0.8815446],[135.6506035,-0.937233],[135.5810524,-0.9006283],[135.5472396,-1.0021832],[135.4655094,-1.0063801],[135.4731929,-0.8825366],[135.3410983,-0.7246502],[135.3107207,-0.6283501],[135.3740434,-0.5714556],[135.8745457,-0.6540472],[136.2016724,-0.9817757],[136.4247388,-1.0405958],[136.3833718,-1.1966979],[136.534054,-1.1761529],[136.6148271,-1.0865281],[136.746069,-1.1837491],[136.7378293,-1.2605704]]],[[[134.7331617,-1.0865935],[134.7506878,-0.9517921],[134.8462881,-0.8806727],[134.9901548,-0.9362188],[135.0365273,-1.0763733],[134.9911779,-1.1655111],[134.8917427,-1.1915291],[134.7331617,-1.0865935]]],[[[134.4061015,-1.956284],[134.4755109,-2.0482818],[134.3693551,-2.2026027],[134.2849079,-2.0706297],[134.4061015,-1.956284]]],[[[134.7892828,-2.6388427],[134.9060589,-2.6772563],[134.8786495,-2.7608859],[134.7641162,-2.7418527],[134.7892828,-2.6388427]]],[[[129.9809085,-0.0324832],[130.1214943,0.0651684],[129.9520047,0.1617795],[130.0394502,0.2385865],[130.3165058,0.1322481],[130.2914391,0.050808],[130.1577873,0.0626238],[130.2408789,-0.0599695],[130.2815661,0.0342969],[130.6390873,-0.0050243],[130.8771511,0.0922007],[131.361048,-0.1706958],[131.3876251,-0.3075768],[131.2851904,-0.4416115],[131.1086416,-0.3738864],[130.979415,-0.4074839],[130.7707241,-0.5191844],[130.6039028,-0.7062192],[130.4649067,-0.5697113],[130.3314118,-0.5419657],[130.3553964,-0.7185806],[130.1055181,-0.8108314],[130.0670132,-0.7298718],[130.2328706,-0.6223009],[130.2027599,-0.5311891],[130.2881477,-0.4662325],[130.0939514,-0.3447412],[130.1752789,-0.23373],[129.9792799,-0.1070401],[129.9809085,-0.0324832]]],[[[129.4250578,-0.1675379],[129.2417676,0.0084476],[129.2436933,0.0827643],[129.3575412,0.0726443],[129.5255593,-0.0548632],[129.5981243,0.0650163],[129.6825904,0.0373618],[129.7047775,-0.0795177],[129.5956133,-0.114288],[129.6097416,-0.2356975],[129.5228692,-0.2616476],[129.4250578,-0.1675379]]],[[[129.9296085,-0.3665806],[129.9609705,-0.4585191],[129.86474,-0.5506424],[129.7979685,-0.4259568],[129.9296085,-0.3665806]]],[[[129.6922354,-0.8861138],[129.7452079,-0.732243],[129.8432071,-0.7508726],[129.7777894,-0.9131725],[129.6922354,-0.8861138]]],[[[129.8783426,-0.7833825],[129.95294,-0.8217566],[129.9152111,-0.8918065],[129.8466212,-0.853753],[129.8783426,-0.7833825]]],[[[129.7200893,-1.3334698],[129.6113313,-1.3011642],[129.6077622,-1.1723481],[129.863895,-1.0948439],[130.008722,-1.1306178],[130.0161935,-1.2073051],[129.7200893,-1.3334698]]],[[[129.3828469,-1.2469882],[129.2505566,-1.1819457],[129.2950716,-1.1112612],[129.3792414,-1.1142205],[129.4635104,-1.1055854],[129.5260741,-1.1849991],[129.3828469,-1.2469882]]],[[[129.8066583,-2.0002406],[129.6163525,-1.8723115],[129.5746787,-1.7536405],[129.9981404,-1.5415799],[130.1004947,-1.667248],[130.1517919,-1.5916586],[130.3685731,-1.5450363],[130.4275239,-1.7100173],[130.5233899,-1.7459706],[130.5395682,-1.9264861],[130.746122,-1.9780344],[130.7994187,-1.9168867],[130.8589818,-1.9658631],[130.8242939,-2.0635753],[130.9663509,-2.0909313],[130.9730651,-2.1973103],[130.892152,-2.2084077],[130.8144765,-2.0776479],[130.633439,-2.0927781],[130.6819653,-2.1969331],[130.6050851,-2.305132],[130.3845765,-2.3026825],[130.3421374,-2.2454848],[130.2434309,-2.2790624],[130.0806186,-2.1654123],[130.0712292,-2.0887113],[129.8066583,-2.0002406]]],[[[130.0706071,-1.5333988],[130.0358232,-1.448093],[130.1116556,-1.3863416],[130.2376414,-1.41453],[130.1817886,-1.3718402],[130.2223196,-1.3103082],[130.3592336,-1.3954393],[130.404796,-1.3345235],[130.5120573,-1.3752789],[130.5760317,-1.5226406],[130.5397297,-1.5761188],[130.3771698,-1.445932],[130.237277,-1.5384574],[130.0706071,-1.5333988]]],[[[131.1105879,-1.7941079],[131.1017023,-1.7235997],[131.173955,-1.7113314],[131.184996,-1.7823616],[131.1105879,-1.7941079]]],[[[131.4908138,-1.6506808],[131.4293268,-1.7120173],[131.3554499,-1.6205412],[131.4123795,-1.5549726],[131.4908138,-1.6506808]]],[[[131.4415457,-4.1960259],[131.3635088,-4.2213399],[131.2628652,-4.1585982],[131.1185595,-3.8991745],[131.225871,-3.8805201],[131.278104,-3.9648031],[131.3387002,-4.0414538],[131.3324731,-3.9354339],[131.462592,-3.9201494],[131.4975611,-4.0669363],[131.4415457,-4.1960259]]],[[[131.6763532,-4.7390279],[131.6942878,-4.6610338],[131.5127842,-4.3131177],[131.5847115,-4.3013065],[131.7078436,-4.4608805],[131.7341262,-4.5549837],[131.7735597,-4.4913606],[131.8391674,-4.5481121],[131.7501228,-4.5788135],[131.7865851,-4.8117533],[131.7110529,-4.8290297],[131.6763532,-4.7390279]]],[[[131.9149754,-4.7614863],[131.8634815,-4.8106094],[131.8148543,-4.7554655],[131.867101,-4.707004],[131.9149754,-4.7614863]]],[[[132.0740655,-5.1893026],[131.9903637,-5.2264509],[131.9511321,-5.1150642],[132.0393481,-5.073641],[132.0740655,-5.1893026]]],[[[131.9183898,-5.3381001],[132.0402523,-5.2624428],[132.03846,-5.408005],[131.9448011,-5.4281307],[131.9183898,-5.3381001]]],[[[131.8863526,-5.6102806],[131.897306,-5.5331598],[132.0134466,-5.5236641],[132.0349997,-5.6388836],[131.9269966,-5.723828],[131.8863526,-5.6102806]]],[[[132.1322884,-5.699786],[132.2092938,-5.6618061],[132.2941313,-5.4749957],[132.4113612,-5.4983921],[132.4062852,-5.5960575],[132.2042124,-5.8152364],[132.1353054,-5.788542],[132.1322884,-5.699786]]],[[[132.4091239,-6.077675],[132.4134767,-5.8897207],[132.548173,-5.6579116],[132.5221252,-5.5227808],[132.6359334,-5.5395105],[132.6589108,-5.41067],[132.7535953,-5.3944368],[132.8636979,-5.5258001],[132.8590349,-5.7932391],[133.0982228,-5.2525545],[133.1869941,-5.2347516],[133.2382447,-5.3520874],[132.9312428,-5.9880568],[132.834336,-6.0565801],[132.5896251,-5.9092796],[132.5003389,-6.0590667],[132.4091239,-6.077675]]],[[[134.425322,-6.8342947],[134.2036221,-6.9943258],[134.0253262,-6.849323],[134.0843917,-6.3084305],[134.0482563,-6.162566],[134.1605657,-5.8651138],[134.2108003,-5.4608875],[134.2974746,-5.4402758],[134.392657,-5.5538409],[134.4315939,-5.3338796],[134.5247836,-5.2793403],[134.6241693,-5.3131766],[134.7279551,-5.3655744],[134.7574219,-5.5579092],[134.8620777,-5.7222325],[134.8521744,-5.9005391],[134.9258248,-5.9637161],[134.902814,-6.0589539],[134.8366231,-6.0675724],[134.9329194,-6.116651],[134.9585656,-6.3242466],[134.8462058,-6.7061048],[134.7606946,-6.7461299],[134.7157823,-6.8940262],[134.4816119,-7.0038394],[134.425322,-6.8342947]]],[[[127.9580111,0.4202019],[127.9398585,0.0112275],[128.0710455,-0.3211846],[127.7950966,-0.390044],[127.7601906,-0.4727486],[127.6154036,-0.2159423],[127.6818041,0.2975774],[127.5327434,0.3877893],[127.4760145,0.5441656],[127.5094422,0.7540689],[127.8568261,1.020302],[128.1463631,1.4199392],[128.3669935,1.5658723],[128.6806518,1.6426054],[128.7755438,1.5799349],[128.7402622,1.4689113],[128.8040282,1.3946472],[128.74666,1.056535],[128.3695024,0.8631548],[128.4037696,0.7952595],[128.3510135,0.7312859],[128.4736378,0.6659435],[128.4876259,0.7498971],[128.5875178,0.7637553],[128.5850381,0.6507371],[128.6701589,0.6713542],[128.724732,0.5632041],[128.7252638,0.3786842],[128.8837057,0.3218653],[129.0170865,0.1404184],[128.444071,0.3482682],[127.9580111,0.4202019]]],[[[133.7585873,-2.3682817],[133.7118503,-2.2269144],[133.3932468,-2.045766],[132.7642795,-1.9908685],[132.3358127,-1.7822415],[132.1792575,-1.8344006],[132.1051097,-2.1733632],[131.9304138,-1.9909058],[131.9126961,-1.757123],[131.8372773,-1.6468517],[131.3630806,-1.5000056],[131.2912077,-1.589184],[131.1151361,-1.5029463],[130.9758032,-1.5229834],[130.8045323,-1.353813],[130.6964344,-1.4007992],[130.6726884,-1.2827884],[130.575803,-1.3029814],[130.5980933,-1.2120056],[130.5165447,-1.1517475],[130.6425977,-1.0768243],[130.5852736,-0.9637153],[130.3544315,-0.9701048],[130.319914,-0.8984405],[130.4660994,-0.7427577],[130.6696913,-0.7479859],[130.6993038,-0.6468011],[130.9509805,-0.7338703],[130.9485822,-0.846886],[131.0846868,-0.8855647],[131.4889897,-0.6851643],[131.8269546,-0.6601406],[132.1358285,-0.3890472],[132.1568821,-0.2938205],[132.7348346,-0.3148321],[133.1712158,-0.4995319],[133.4081786,-0.6881516],[133.9891567,-0.6724674],[134.180701,-0.8402041],[134.1487019,-0.9537647],[134.0787627,-0.9638373],[134.3274643,-1.3295286],[134.1418688,-1.7041762],[134.2886883,-1.7341611],[134.1850737,-2.1241907],[134.2536693,-2.3766],[134.4310491,-2.5038373],[134.4746274,-2.2681613],[134.6088124,-2.2488961],[134.7017205,-2.5288701],[134.7146556,-2.8432595],[134.7414751,-2.9078854],[134.8188569,-2.8303277],[134.8954661,-2.8540974],[134.8851921,-3.1112826],[135.0186272,-3.2878644],[135.4546839,-3.3250093],[135.5693152,-3.1523625],[135.5014507,-3.0626986],[135.6219735,-3.0202013],[135.6822845,-3.0934994],[135.6345773,-2.9078559],[135.827092,-2.8938114],[135.8742425,-2.9283222],[135.8543405,-2.8629959],[135.9850256,-2.655738],[136.2222134,-2.521924],[136.290723,-2.3418333],[136.2046835,-2.2529214],[136.229222,-2.175087],[136.3193398,-2.2165315],[136.5151869,-2.1405053],[136.7414082,-2.1880893],[136.9266355,-2.0733722],[137.13534,-2.0487476],[137.1263573,-1.9727514],[136.9031999,-1.8515911],[136.3066635,-2.0122225],[135.8700983,-1.8285164],[135.7811051,-1.8643515],[135.7131507,-1.7590106],[135.453166,-1.7261841],[135.4127527,-1.5620579],[136.2146285,-1.5999371],[137.0493466,-1.7871572],[137.7270074,-1.4305047],[137.9309534,-1.407806],[138.1044886,-1.5637397],[138.6916468,-1.7503255],[138.8702122,-1.9115184],[139.0362733,-1.8846854],[139.1907434,-2.0166822],[139.2734956,-1.9607825],[139.268724,-2.0620568],[139.7767799,-2.3127672],[140.1122077,-2.2690047],[140.2993592,-2.3760983],[140.6254681,-2.3910747],[140.7963158,-2.5461512],[141.3200071,-2.6201617],[141.8983867,-2.9180963],[141.8664523,-2.9786961],[140.1004001,-2.8497737],[138.6584445,-2.8113685],[137.7712985,-2.8580032],[137.5131198,-3.0966331],[137.0159885,-3.1651952],[136.3348361,-3.3763374],[136.0409518,-3.532608],[135.34332,-4.0697519],[134.942319,-3.9711183],[133.6898776,-3.2200416],[133.6761447,-3.0006388],[133.536069,-2.7482714],[133.7448093,-2.6248111],[133.7585873,-2.3682817]]],[[[135.0614416,-1.4545481],[135.2942174,-1.4272174],[135.3837482,-1.488558],[135.2842337,-1.5717044],[135.0457472,-1.5286491],[134.9571651,-1.4660913],[135.0614416,-1.4545481]]],[[[129.3677348,-2.7396551],[129.5387809,-2.7243772],[130.0549945,-2.953794],[130.4144957,-2.9484402],[130.6410206,-3.119667],[130.6898058,-3.3484341],[130.756449,-3.2504942],[130.8404912,-3.2790632],[130.928379,-3.5166117],[130.9130742,-3.658471],[130.8732747,-3.813098],[131.0836318,-3.8651957],[131.0719813,-3.9593227],[130.6954006,-3.8911481],[130.3810552,-3.6711739],[129.9892893,-3.5224165],[129.919698,-3.3937668],[129.6005464,-3.3632076],[129.4491563,-3.2817416],[129.4313036,-2.8799497],[129.3677348,-2.7396551]]]]}},{"type":"Feature","properties":{"name":"Kuba","historical_entity":"Kuba","ohm_relation_id":2958293,"start_date":"1625","end_date":"1800","admin_level":"2","boundary":"administrative","source":null,"_historical_overlay":true},"geometry":{"type":"MultiPolygon","coordinates":[[[[22.2562837,-3.9967651],[22.3029321,-4.3874897],[22.0907586,-4.8214169],[21.5644454,-5.3472829],[21.3711547,-5.3462574],[21.2612914,-5.2588284],[21.0694598,-4.965344],[21.0231113,-4.6528232],[20.7004737,-4.5033127],[20.5505275,-4.3286952],[20.4198074,-4.3000234],[20.6386327,-4.1566055],[20.8879494,-4.1150218],[21.0193777,-3.9893588],[21.2068748,-3.9730046],[21.4477586,-4.0826822],[21.8076896,-3.9487726],[22.0210218,-3.9636716],[22.14612,-4.0397034],[22.2562837,-3.9967651]]]]}}]}